Using pre-set license
Built from '2022.3/staging' branch; Version is '2022.3.54f1 (129125d4e700) revision 1216805'; Using compiler version '192829333'; Build Type 'Release'
OS: 'Windows 11  (10.0.26100) 64bit Professional' Language: 'es' Physical Memory: 32471 MB
BatchMode: 1, IsHumanControllingUs: 0, StartBugReporterOnCrash: 0, Is64bit: 1, IsPro: 1

COMMAND LINE ARGUMENTS:
C:\Program Files\Unity\Hub\Editor\2022.3.54f1\Editor\Unity.exe
-adb2
-batchMode
-noUpm
-name
AssetImportWorker0
-projectPath
C:/Users/USUARIO/Documents/JUANES/LeapMotion
-logFile
Logs/AssetImportWorker0.log
-srvPort
51276
Successfully changed project path to: C:/Users/USUARIO/Documents/JUANES/LeapMotion
C:/Users/USUARIO/Documents/JUANES/LeapMotion
[UnityMemory] Configuration Parameters - Can be set up in boot.config
    "memorysetup-bucket-allocator-granularity=16"
    "memorysetup-bucket-allocator-bucket-count=8"
    "memorysetup-bucket-allocator-block-size=33554432"
    "memorysetup-bucket-allocator-block-count=8"
    "memorysetup-main-allocator-block-size=16777216"
    "memorysetup-thread-allocator-block-size=16777216"
    "memorysetup-gfx-main-allocator-block-size=16777216"
    "memorysetup-gfx-thread-allocator-block-size=16777216"
    "memorysetup-cache-allocator-block-size=4194304"
    "memorysetup-typetree-allocator-block-size=2097152"
    "memorysetup-profiler-bucket-allocator-granularity=16"
    "memorysetup-profiler-bucket-allocator-bucket-count=8"
    "memorysetup-profiler-bucket-allocator-block-size=33554432"
    "memorysetup-profiler-bucket-allocator-block-count=8"
    "memorysetup-profiler-allocator-block-size=16777216"
    "memorysetup-profiler-editor-allocator-block-size=1048576"
    "memorysetup-temp-allocator-size-main=16777216"
    "memorysetup-job-temp-allocator-block-size=2097152"
    "memorysetup-job-temp-allocator-block-size-background=1048576"
    "memorysetup-job-temp-allocator-reduction-small-platforms=262144"
    "memorysetup-allocator-temp-initial-block-size-main=262144"
    "memorysetup-allocator-temp-initial-block-size-worker=262144"
    "memorysetup-temp-allocator-size-background-worker=32768"
    "memorysetup-temp-allocator-size-job-worker=262144"
    "memorysetup-temp-allocator-size-preload-manager=33554432"
    "memorysetup-temp-allocator-size-nav-mesh-worker=65536"
    "memorysetup-temp-allocator-size-audio-worker=65536"
    "memorysetup-temp-allocator-size-cloud-worker=32768"
    "memorysetup-temp-allocator-size-gi-baking-worker=262144"
    "memorysetup-temp-allocator-size-gfx=262144"
Player connection [19220]  Target information:

Player connection [19220]  * "[IP] 26.170.219.212 [Port] 0 [Flags] 2 [Guid] 3839748255 [EditorId] 3839748255 [Version] 1048832 [Id] WindowsEditor(7,DESKTOP-0AJSJ4A) [Debug] 1 [PackageName] WindowsEditor [ProjectName] Editor" 

Player connection [19220]  * "[IP] 192.168.1.27 [Port] 0 [Flags] 2 [Guid] 3839748255 [EditorId] 3839748255 [Version] 1048832 [Id] WindowsEditor(7,DESKTOP-0AJSJ4A) [Debug] 1 [PackageName] WindowsEditor [ProjectName] Editor" 

Player connection [19220] Host joined multi-casting on [225.0.0.222:54997]...
Player connection [19220] Host joined alternative multi-casting on [225.0.0.222:34997]...
[PhysX] Initialized MultithreadedTaskDispatcher with 16 workers.
Refreshing native plugins compatible for Editor in 10.28 ms, found 3 plugins.
Preloading 0 native plugins for Editor in 0.00 ms.
Initialize engine version: 2022.3.54f1 (129125d4e700)
[Subsystems] Discovering subsystems at path C:/Program Files/Unity/Hub/Editor/2022.3.54f1/Editor/Data/Resources/UnitySubsystems
[Subsystems] Discovering subsystems at path C:/Users/USUARIO/Documents/JUANES/LeapMotion/Assets
GfxDevice: creating device client; threaded=0; jobified=0
Direct3D:
    Version:  Direct3D 11.0 [level 11.1]
    Renderer: NVIDIA GeForce RTX 4050 Laptop GPU (ID=0x28a1)
    Vendor:   NVIDIA
    VRAM:     5921 MB
    Driver:   32.0.15.7216
Initialize mono
Mono path[0] = 'C:/Program Files/Unity/Hub/Editor/2022.3.54f1/Editor/Data/Managed'
Mono path[1] = 'C:/Program Files/Unity/Hub/Editor/2022.3.54f1/Editor/Data/MonoBleedingEdge/lib/mono/unityjit-win32'
Mono config path = 'C:/Program Files/Unity/Hub/Editor/2022.3.54f1/Editor/Data/MonoBleedingEdge/etc'
Using monoOptions --debugger-agent=transport=dt_socket,embedding=1,server=y,suspend=n,address=127.0.0.1:56028
Begin MonoManager ReloadAssembly
Registering precompiled unity dll's ...
Register platform support module: C:/Program Files/Unity/Hub/Editor/2022.3.54f1/Editor/Data/PlaybackEngines/WebGLSupport/UnityEditor.WebGL.Extensions.dll
Register platform support module: C:/Program Files/Unity/Hub/Editor/2022.3.54f1/Editor/Data/PlaybackEngines/AndroidPlayer/UnityEditor.Android.Extensions.dll
Register platform support module: C:/Program Files/Unity/Hub/Editor/2022.3.54f1/Editor/Data/PlaybackEngines/iOSSupport/UnityEditor.iOS.Extensions.dll
Register platform support module: C:/Program Files/Unity/Hub/Editor/2022.3.54f1/Editor/Data/PlaybackEngines/WindowsStandaloneSupport/UnityEditor.WindowsStandalone.Extensions.dll
Registered in 0.022403 seconds.
- Loaded All Assemblies, in  0.487 seconds
Native extension for WindowsStandalone target not found
[usbmuxd] Start listen thread
[usbmuxd] Listen thread started
Native extension for iOS target not found
Native extension for Android target not found
Android Extension - Scanning For ADB Devices 261 ms
Native extension for WebGL target not found
Mono: successfully reloaded assembly
- Finished resetting the current domain, in  0.583 seconds
Domain Reload Profiling: 1069ms
	BeginReloadAssembly (150ms)
		ExecutionOrderSort (0ms)
		DisableScriptedObjects (0ms)
		BackupInstance (0ms)
		ReleaseScriptingObjects (0ms)
		CreateAndSetChildDomain (1ms)
	RebuildCommonClasses (55ms)
	RebuildNativeTypeToScriptingClass (16ms)
	initialDomainReloadingComplete (110ms)
	LoadAllAssembliesAndSetupDomain (154ms)
		LoadAssemblies (149ms)
		RebuildTransferFunctionScriptingTraits (0ms)
		AnalyzeDomain (150ms)
			TypeCache.Refresh (148ms)
				TypeCache.ScanAssembly (134ms)
			ScanForSourceGeneratedMonoScriptInfo (0ms)
			ResolveRequiredComponents (0ms)
	FinalizeReload (584ms)
		ReleaseScriptCaches (0ms)
		RebuildScriptCaches (0ms)
		SetupLoadedEditorAssemblies (538ms)
			LogAssemblyErrors (0ms)
			InitializePlatformSupportModulesInManaged (353ms)
			SetLoadedEditorAssemblies (4ms)
			RefreshPlugins (0ms)
			BeforeProcessingInitializeOnLoad (2ms)
			ProcessInitializeOnLoadAttributes (134ms)
			ProcessInitializeOnLoadMethodAttributes (44ms)
			AfterProcessingInitializeOnLoad (0ms)
			EditorAssembliesLoaded (0ms)
		ExecutionOrderSort2 (0ms)
		AwakeInstancesAfterBackupRestoration (0ms)
========================================================================
Worker process is ready to serve import requests
Caller must complete domain reload
Begin MonoManager ReloadAssembly
- Loaded All Assemblies, in  0.646 seconds
Native extension for WindowsStandalone target not found
Native extension for iOS target not found
Native extension for Android target not found
Native extension for WebGL target not found
Mono: successfully reloaded assembly
- Finished resetting the current domain, in  0.810 seconds
Domain Reload Profiling: 1454ms
	BeginReloadAssembly (151ms)
		ExecutionOrderSort (0ms)
		DisableScriptedObjects (5ms)
		BackupInstance (0ms)
		ReleaseScriptingObjects (0ms)
		CreateAndSetChildDomain (22ms)
	RebuildCommonClasses (33ms)
	RebuildNativeTypeToScriptingClass (10ms)
	initialDomainReloadingComplete (44ms)
	LoadAllAssembliesAndSetupDomain (404ms)
		LoadAssemblies (296ms)
		RebuildTransferFunctionScriptingTraits (0ms)
		AnalyzeDomain (192ms)
			TypeCache.Refresh (168ms)
				TypeCache.ScanAssembly (152ms)
			ScanForSourceGeneratedMonoScriptInfo (16ms)
			ResolveRequiredComponents (6ms)
	FinalizeReload (812ms)
		ReleaseScriptCaches (0ms)
		RebuildScriptCaches (0ms)
		SetupLoadedEditorAssemblies (624ms)
			LogAssemblyErrors (0ms)
			InitializePlatformSupportModulesInManaged (74ms)
			SetLoadedEditorAssemblies (6ms)
			RefreshPlugins (0ms)
			BeforeProcessingInitializeOnLoad (88ms)
			ProcessInitializeOnLoadAttributes (419ms)
			ProcessInitializeOnLoadMethodAttributes (29ms)
			AfterProcessingInitializeOnLoad (8ms)
			EditorAssembliesLoaded (0ms)
		ExecutionOrderSort2 (0ms)
		AwakeInstancesAfterBackupRestoration (7ms)
Launched and connected shader compiler UnityShaderCompiler.exe after 0.07 seconds
Refreshing native plugins compatible for Editor in 5.35 ms, found 3 plugins.
Preloading 0 native plugins for Editor in 0.00 ms.
Unloading 3281 Unused Serialized files (Serialized files now loaded: 0)
Unloading 19 unused Assets / (54.9 KB). Loaded Objects now: 3750.
Memory consumption went from 122.3 MB to 122.2 MB.
Total: 4.108900 ms (FindLiveObjects: 0.223600 ms CreateObjectMapping: 0.116400 ms MarkObjects: 3.332300 ms  DeleteObjects: 0.435200 ms)

AssetImportParameters requested are different than current active one (requested -> active):
  custom:scripting/monoscript/fileName/IncomingChangesTab.cs: 6fa4849c09cf3ec125d3914af6074a21 -> 82bff1d960538992d4e618d909869d2e
  custom:scripting/monoscript/fileName/DiffSelection.cs: 34faf7c86f7e0c9a01162e930679d82f -> 1460aaba4240ef35322cb9c198487990
  custom:scripting/monoscript/fileName/CloudProjectId.cs: f33db9e9673144ad1e994ed4cff5ce2d -> 
  custom:scripting/monoscript/fileName/DateFilter.cs: de3aab0283a2b4a1d4d64145b14132d5 -> 3a6cb8c2e3ffbb5a9052e322ee5bf411
  custom:scripting/monoscript/fileName/PerformInitialCheckin.cs: be22d181e456c0a8a5713675f29ac72a -> 8ef9a9f407b8b94b2b5fad9d24e61f79
  custom:scripting/monoscript/fileName/ConflictResolutionState.cs: 51eaf597f9533c7ed197ad15e802d20f -> 74a230000ff2fd58c5a60ab4258207dc
  custom:scripting/monoscript/fileName/FindWorkspace.cs: 39bbd18bfe6bf4a99f5c185dcda4dd4a -> 6af6c9e9382fef881c020ab184e6f7f5
  custom:scripting/monoscript/fileName/IncomingChangesNotifier.cs: 10fad815611441fb3a805150421ed991 -> 
  custom:container-demuxer-ogg: 62fdf1f143b41e24485cea50d1cbac27 -> 
  custom:scripting/monoscript/fileName/CheckinConflictsDialog.cs: d3af1d70d3f60a9847d2942647274222 -> e13fa04a97fb675842c94586fc602871
  custom:scripting/monoscript/fileName/AuthToken.cs: d22b2893825e943bc1389be142abd57e -> 0fba7e8eb1ec8b699f274cdc956451b2
  custom:scripting/monoscript/fileName/ProgressControlsForDialogs.cs: 6bf8e69ac7dc2163fe988e5d8181ce88 -> 7e6bd1727985204e3b64e1946e589b1c
  custom:scripting/monoscript/fileName/AssetStatusCache.cs: beede06d8a6d93e7907fd192ad653f2b -> 260d5f85663ac58b2a7e9553c453bc3e
  custom:scripting/monoscript/fileName/DrawIncomingChangesOverview.cs: 6d1aadb525661622ddc7d545c55841f2 -> 
  custom:scripting/monoscript/fileName/BuildFormattedHelp.cs: f675844664504d88a0d8165e2b08a2bf -> 
  custom:scripting/monoscript/fileName/OrganizationPanel.cs: d7ac1288bef1b15a05bb26d201a4d87f -> 57a57e6a345dbd536e91c348b70943a9
  custom:scripting/monoscript/fileName/MigrationProgressRender.cs: 94a7accb6b5be388f3abff6285d8f1af -> 
  custom:scripting/monoscript/fileName/ChangeCategoryTreeViewItem.cs: 0f882939555cf173ece99b60f8f54ade -> fd14db176fff061715c8ec88ced1902f
  custom:scripting/monoscript/fileName/CurrentUserAdminCheckResponse.cs: cec2f173fe8732108711c497674c6f66 -> d57c2dcace740834acd59fdfbc5023b8
  custom:scripting/monoscript/fileName/UIElementsExtensions.cs: a191d7293be4538b0adb29dfe5b06a46 -> 52e0d612ab032e4d22e9558b90396b99
  custom:scripting/monoscript/fileName/CreateBranchDialog.cs: c429477092287209232592c8cde1a615 -> 9eb29fda08033b4f847247136c412db6
  custom:scripting/monoscript/fileName/DrawCreateWorkspaceView.cs: 6422239d8f649480614f0dd4f018b7f2 -> c6039ac84d85ab3926aa94de163a9f7d
  custom:scripting/monoscript/fileName/ProjectPath.cs: 5634ebdbea8ca94089eb9622d1b60497 -> 2007f972d3a73eeb86dfe05e849c7f69
  custom:scripting/monoscript/fileName/SSOCredentialsDialog.cs: 8967ceae1bc195ea8dd32b23c42dd852 -> e140ede12a96f68f30062138385171c3
  custom:scripting/monoscript/fileName/DownloadPlasticExeDialog.cs: 2dd40c53d0303d041a27a44a95c331cb -> 093cfe0607c2346a88cdfdfe1435614f
  custom:video-codec-MediaFoundation-h265: 746d11721c4dcdbdad8f713fa42b33f4 -> 
  custom:scripting/monoscript/fileName/PendingChangesTab_Operations.cs: c99065f3c85ec85c85ece2a1a30665af -> 15ae6787065f4af65778e981f418a60b
  custom:scripting/monoscript/fileName/LocksListViewItem.cs: cc9cd24c5be4f7363367cba72f12aad4 -> f4a19fabbec093eb3d6a7e1cd4f42611
  custom:scripting/monoscript/fileName/PendingChangesViewPendingChangeMenu.cs: 561ad0f702e1db14300a4a5f810051f9 -> 9a6ef2277212bf26d647c7f12f946287
  custom:scripting/monoscript/fileName/SignInPanel.cs: f7e82045994d4eefe3b021faa87b55c6 -> bac0318ce35e37bed3a2cc8137452435
  custom:scripting/monoscript/fileName/DrawInspectorOperations.cs: 61c4a6a6507d8f84ef5bdf5cba3f0aee -> 8c94fe642e98309082411f46db89106b
  custom:scripting/monoscript/fileName/DrawDirectoryResolutionPanel.cs: a77980eb09765fe85cd85d4a47964cf2 -> e4e3c9b4bc511687802b504b71016540
  custom:scripting/monoscript/fileName/CloseWindowIfOpened.cs: d820344e932a12600b5fe6fb7e9f1563 -> ce229ef3b7461ff17e2c1af0695a6657
  custom:scripting/monoscript/fileName/SaveAssets.cs: e472a52843752df7d7ad4ca6b2c8da98 -> b56abea3d51c742ac29e4aec958afad6
  custom:scripting/monoscript/fileName/RepositoriesListView.cs: 9f95c83dc460fb03fb0916472f14b8a7 -> 95287f65338ca0073ad04002a16eaaf7
  custom:scripting/monoscript/fileName/AssetOperations.cs: 638daf61300bf6ad727538516d4fa3e2 -> 
  custom:scripting/monoscript/fileName/HandleMenuItem.cs: 740e54c5f6dca1acc88cad87af74b744 -> b4ad1ecc5243212c5967125ad5e41b1f
  custom:scripting/monoscript/fileName/ScreenResolution.cs: 5c975132cf4e36dcc261bd0acd604271 -> 7bb7bb5b955671820101b322f0a7bf3d
  custom:scripting/monoscript/fileName/ApplicationDataPath.cs: 8e4094e28762fb76a1baecfe90c6b65e -> 3e8c4ea8debfda8013fed860ac233d22
  custom:video-decoder-ogg-theora: a1e56fd34408186e4bbccfd4996cb3dc -> 
  custom:scripting/monoscript/fileName/RepaintInspector.cs: f134606300316994850c28a68d0cb5a3 -> 
  custom:scripting/monoscript/fileName/LockStatusCache.cs: 5e3725e03dc21c716034553589a67eae -> e99b3f34c5cd3eb73ec19439af1f7f80
  custom:scripting/monoscript/fileName/DiffTreeView.cs: 68195907d129ef826aa6b6df7202696d -> 49f46fd2a65ea674a218eead75f27aac
  custom:scripting/monoscript/fileName/DependenciesDialog.cs: 82d30fc8d5e1a73ec0d1ee9acc00fbc2 -> c8902186ab2f4e6471b5dd147afb01b6
  custom:scripting/monoscript/fileName/ChangesetListViewItem.cs: 95a197949f1e777703db60eea8cc21b3 -> d742a4910e302777daa1ccb9c8e92cb9
  custom:scripting/monoscript/fileName/LocksViewMenu.cs: fda08381fa9abca53b6eaf3bf55f14f8 -> 186d8514e824865b191ba1829afe4b33
  custom:scripting/monoscript/fileName/IncomingChangesViewMenu.cs: 832662bce0cd8edd53cba36a0dd96da0 -> 13196979a03411533716f6775c9a624b
  custom:scripting/monoscript/fileName/QueryVisualElementsExtensions.cs: 75ea535788abf9c38ba9341c984a6241 -> a49740b6efbb934f55475cc70b864a4c
  custom:scripting/monoscript/fileName/WriteLogConfiguration.cs: 1a8401f47b522f631a3dc005105719f5 -> 1589212d1638ae91a029ea3ddf9999f2
  custom:scripting/monoscript/fileName/DrawTextBlockWithEndLink.cs: 1cc3e67c46bd397f9508f124a3366994 -> 
  custom:scripting/monoscript/fileName/FileSystemOperation.cs: c31a686e69e66801c204a11be56c950a -> f0ccbe91654279794a85bf6f1c034716
  custom:scripting/monoscript/fileName/MigrateCollabProject.cs: af93695e471d9c8e4ad014c4165f2c3c -> 9f3487f03a783b35518405572f20ac9e
  custom:framework-win-MediaFoundation: 216162199b28c13a410421893ffa2e32 -> 
  custom:scripting/monoscript/fileName/ProgressControlsForViews.cs: 7d677c6df38ab15cf390062b5b0bb854 -> a8a18a90f46aa63848e1e45d8d7ff9af
  custom:scripting/monoscript/fileName/DrawAssetOverlay.cs: 04a46044def089f0abcdafdd281e3646 -> 
  custom:scripting/monoscript/fileName/ProjectWindow.cs: c62567a3d71fd74636bc783de5162474 -> 
  custom:scripting/monoscript/fileName/MergeLinksListView.cs: 826afb5fb5988163105086b4bf5027af -> c9488671ae9b14523680d0c19097baa0
  custom:scripting/monoscript/fileName/EditorProgressBar.cs: 7418be9b22aaea32732f8a5f49569d1c -> 08c2f2b90ef64df631d46389f0e22c8e
  custom:scripting/monoscript/fileName/MeasureMaxWidth.cs: cd9322680ae61d38397008451b7ed0ed -> 1569e3f1dad91a9b01cba66ab6aa30b0
  custom:scripting/monoscript/fileName/ChangesetsListHeaderState.cs: 69fc4f1a2bc3782d7043ec48961a3616 -> fe1392f9b135da83e13fe8a5e5f39fc2
  custom:scripting/monoscript/fileName/PendingChangesTreeHeaderState.cs: 7d278b5569d28437d07554a3bbb56e1b -> 5d7f70d142c9ac67864ec14950523d62
  custom:scripting/monoscript/fileName/ChangelistMenu.cs: ca33bac56b3a337faa90a1b1bba632d6 -> c1bf5aeb760cc5eae584ea3944d6531b
  custom:scripting/monoscript/fileName/MissingEncryptionPasswordPromptHandler.cs: 7f5831fc8a41e9cadd84fcfd0e885072 -> 5d7b9646eb14a39b6d3d5bab19d266ff
  custom:scripting/monoscript/fileName/NotificationBar.cs: d1a4cf5e8103d80fd25347275f906aa8 -> 50f1a85fa18d94338418def78dcd8543
  custom:scripting/monoscript/fileName/UnityThreadWaiter.cs: dbd556f2802baab90a20da38c288d36c -> 99333406d92d10003984b4d1920de2f9
  custom:scripting/monoscript/fileName/CredentialsDialog.cs: 179b5e49656a1623c2e79d838f0f5876 -> c785d5e40f8d66b7ef7ba04ee7c324e0
  custom:scripting/monoscript/fileName/GetRestorePathDialog.cs: e21eb9983f0b989125951478cd5e9b35 -> 353d1126ca2d2063d5bdbd06806ffc08
  custom:scripting/monoscript/fileName/UpdateReportListHeaderState.cs: 64a5bf775d221ad9a5ff8c78a1e0e1fa -> d6cbe54be2898ed2c96c2e79572c2e08
  custom:scripting/monoscript/fileName/LocksListView.cs: 8c6202774eebcf67be9c3b5a2926cc7c -> 7aa51ff93bcc98aa05dec8b46ec200c4
  custom:scripting/monoscript/fileName/DownloadAndInstallOperation.cs: b043b8d5921892e87f4566e00162cff6 -> 4f4065aeafda2af0ec272a3c228e27b2
  custom:scripting/monoscript/fileName/MigrationDialog.cs: 1a69d399f9c8aa816a053d285dd8bc5d -> 
  custom:scripting/monoscript/fileName/DiffTreeViewMenu.cs: 3e62bfc69ca7486976988e151b88922e -> 8039fc4ecf68b3e966e1f4822789e7fa
  custom:scripting/monoscript/fileName/UnityStyles.cs: 3baa02211be39820dbbec2a866a726db -> a77bf4c43409620cb9527bf40c7b31b2
  custom:scripting/monoscript/fileName/HistoryTab.cs: 4d086984813cd90d6be245dd8e03a2ba -> d57f000c65fde42a2228c7a105a836e5
  custom:scripting/monoscript/fileName/HistorySelection.cs: 7c3afcf345a55e8b77ea41ca0f570218 -> 3d07a3d1241e204b5420d71f1137eba4
  custom:scripting/monoscript/fileName/CreateWorkspace.cs: 7b3086384e5ddcd73cd5064a3ce31cd2 -> 5256205b5cf0570b6f698c7abe518f5a
  custom:scripting/monoscript/fileName/ShowWindow.cs: c731454122754eec192bc3c53fac3d95 -> a6bb1d20733c178256b38974418d7450
  custom:scripting/monoscript/fileName/LocksListHeaderState.cs: b80c5f044f18764adef2e9dbea5f0fb1 -> c7fe4d3b5f954615048f8e79925d29e3
  custom:scripting/monoscript/fileName/CreateRepositoryDialog.cs: 1e1c5399cf3d0b071c7982c565a710ce -> 5cec3e66b09e0dbe1f805953c5c64af9
  custom:scripting/monoscript/fileName/ProgressControlsForMigration.cs: dafc8442bdd0dcb5e871e398f32473ec -> 
  custom:scripting/monoscript/fileName/RenameBranchDialog.cs: a3111a345c6451ee64cd16f1989c2313 -> e5c89c05c87517babb3730e87196a494
  custom:scripting/monoscript/fileName/EncryptionConfigurationDialog.cs: 6423045767c07e6360ff314ec741c601 -> 19e9c54aff6ffc68d60fe11f80578947
  custom:scripting/monoscript/fileName/CheckinProgress.cs: 298ac58365579798eb3b4defc181ccaf -> 75b93dbc5ef307111f0647f735640420
  custom:scripting/monoscript/fileName/PendingChangesSelection.cs: 766664749a54eea9ecce5dff917430ef -> 1721ad72d074757364587c71b49d9382
  custom:scripting/monoscript/fileName/LoadAsset.cs: 9042eb334fc462cf466672445be1d4c2 -> 5e4e082aa5b21c13b80eb237fe94d00b
  custom:scripting/monoscript/fileName/Images.cs: 0b0c14141950fed99e3ef33199b3b4c9 -> fbdd1e600315d249327f3effde045c9d
  custom:scripting/monoscript/fileName/DrawLocksListViewItem.cs: ce3a3d64ec2d84c3556ffd4141efc4f7 -> 6201c4d50383e970d554210505562d37
  custom:scripting/monoscript/fileName/DrawProgressForOperations.cs: ea9179848be98ee7719316b39339ef29 -> b544f18e6532ba53bbd1b691fa5cd571
  custom:scripting/monoscript/fileName/ViewSwitcher.cs: 4df4bf16a6790d08087362d43c346234 -> dd1f6d6bc6ad5beda69b13cdb560799f
  custom:scripting/monoscript/fileName/RepositoryListViewItem.cs: 2f16ba7694ec7934685021093e722c4e -> 3cabcd81911a2500dcd9e2b6ffae3f00
  custom:scripting/monoscript/fileName/InspectorAssetSelection.cs: 71ba78e42827a9b22a9a6016733d756f -> 4b3c1ae4c44d88205aef26229acfe022
  custom:scripting/monoscript/fileName/UVCPackageVersion.cs: c4d95cb84d9d8dff4727eba6b0a64378 -> 
  custom:scripting/monoscript/fileName/IncomingChangesTreeHeaderState.cs: 67923e7c73743bbc0577bc7d884f3ba2 -> 9fcb97ef2da44c66332f5c6800c2e6ed
  custom:scripting/monoscript/fileName/WorkspaceOperationsMonitor.cs: 5f05751fd4d94e02e79a5bf200f98f9a -> 43dcc435c252a54bdaaf4d6588b7d66e
  custom:CustomObjectIndexerAttribute: 9a22284fe3817be447336de3de66b15e -> 
  custom:scripting/monoscript/fileName/MacOSConfigWorkaround.cs: 8634a542fc5c45ea8cd9a8244bf2c871 -> 9fe61e763da506601651f6c451cecb0a
  custom:scripting/monoscript/fileName/IncomingChangesSelection.cs: 281fe0b171b5382d8cd906c4490e5804 -> d86f9f4463e6f9d99bb815e1f018ccf1
  custom:scripting/monoscript/fileName/PlasticProjectSettingsProvider.cs: cef4f9742a881d06eb679f9d361242a3 -> 8c4ae1aeb34c51d2a5a8924265075ff2
  custom:scripting/monoscript/fileName/AssetMenuItems.cs: 9ce81cedb8e568c6b7b646aa6263645b -> 
  custom:scripting/monoscript/fileName/ToolConstants.cs: a088b027c7b0922429c756f12b0507ea -> 3b0d2490617bc7f94a0bdab65a399e1d
  custom:scripting/monoscript/fileName/GetSelectedPaths.cs: 02423a81496d6c63598b5cdc203f4354 -> be35dd49dddd53fc840b9febf21b4d0d
  custom:scripting/monoscript/fileName/TokenExchangeResponse.cs: 0dd9138dbeab6f132711a5b608de5c13 -> f20183d4cf939766d3c1e15cc3bec2e3
  custom:scripting/monoscript/fileName/ChangesetsTab_Operations.cs: eca44847b108faefa69f8c525242c965 -> 3290c4c0cd248666e01a08ee6d621249
  custom:scripting/monoscript/fileName/OverlayRect.cs: 59d6887e4803f8a44ffaa0409470e410 -> 
  custom:scripting/monoscript/fileName/ConfigurePartialWorkspace.cs: 309d4276b0164b05348aedbd51cc0b2f -> 10fcc6b6d43dd5ed36c43c6f7b5906c4
  custom:scripting/monoscript/fileName/ValidRepositoryName.cs: 43c262be3f66a970816e3d3a3ee8872a -> 56bcf92a3678f6ad6215cae2e4914cfd
  custom:container-demuxer-webm: 4f35f7cbe854078d1ac9338744f61a02 -> 
  custom:scripting/monoscript/fileName/GetPlasticShortcut.cs: 2a84c035152261f00e7e66eb44cd0ffa -> 5c2b7bf07ddd2284efc64b09ef0f1f72
  custom:scripting/monoscript/fileName/GuiEnabled.cs: 1b1658fd7715b5cc664c10a130c6b629 -> 7bb13fcc8d8cbd392e00f7232841f086
  custom:scripting/monoscript/fileName/BuildPathDictionary.cs: 943911b84162d26cea47f964f9a0a399 -> 9fabc7cc73fcfc50b8a3307c6aa6ec4d
  custom:scripting/monoscript/fileName/FindEditorWindow.cs: 2bb64182aef631315344623cf583c78a -> 8c3c78bb7e82ac5008f8a2b8a0d68cff
  custom:scripting/monoscript/fileName/DrawProgressForViews.cs: c153245b67af73b7ee03f693a1127796 -> 068a172cb549ad77d9873d721698bd0d
  custom:scripting/monoscript/fileName/UpdateReportDialog.cs: 706e7e86547c339cdb3a4462e3f7a54d -> 087837d8f73228f1a817d0de82c77260
  custom:scripting/monoscript/fileName/HistoryListView.cs: 527da2d093462f1c4a278d6957e7d5ac -> 7b2d1d2c12ab43d9d244e35197127919
  custom:scripting/monoscript/fileName/ChangeTreeViewItem.cs: e3d78a2bee9cc81382a4cb8578dc4fb0 -> b0a38ce0a620643c776a3db4fd91bc4c
  custom:scripting/monoscript/fileName/BringWindowToFront.cs: 88b20f2a2881db6a013f54923d68cdee -> a30c7c1ba746c6d277a5aedd3057d15e
  custom:scripting/monoscript/fileName/LaunchCheckinConflictsDialog.cs: 4417eba1591eccb2221bfdce0106c1e0 -> e2c1e3f8f4e14a62e4363fe6259adbc2
  custom:scripting/monoscript/fileName/ParseArguments.cs: 03c1a4d7e357164ca313a0019713c3db -> ae915d9f5fe287ced40627c9ca8bfafd
  custom:scripting/monoscript/fileName/ExternalLink.cs: 7eb9650651b43fb98c07816e49275ba9 -> a8ff952d8c27d10f226ab92b7aa83b69
  custom:scripting/monoscript/fileName/WaitingSignInPanel.cs: 247680fcfc6a176b9fa28a3df600a754 -> 7585e1c7111b6b900784e6d1c9454258
  custom:scripting/monoscript/fileName/TestingHelpData.cs: 0d1f98ae9b6fa0253523889fad413adb -> 
  custom:scripting/monoscript/fileName/OperationProgressData.cs: 0db72349eeecbe9449a517b1d79cc760 -> 15f68712baaea535af36d9e0333c0a6e
  custom:scripting/monoscript/fileName/RepositoriesListHeaderState.cs: c0353a1af15ae4fd3d5a2a3cac816423 -> fb71b961ab7c924511a6b0e8680b60ee
  custom:scripting/monoscript/fileName/ClientDiffTreeViewItem.cs: 56be9d3aa410e770e75de2d8b93be89d -> 43bdd7aa5bf1aa039a5b572c119c38d0
  custom:scripting/monoscript/fileName/CreateWorkspaceView.cs: c40bc4c8524ef3e2374ef997beb2e4a6 -> 9ae2295080d141c0f12d02a71014e11c
  custom:scripting/monoscript/fileName/CommandLineArguments.cs: 0d20ca25f94249586a7c1484c469d8a2 -> 48a62ad3f817c0269ea7fc4a53799594
  custom:scripting/monoscript/fileName/DownloadRepository.cs: 46fc68d9cc4da8e8ed765ff28b2dd438 -> 5bad8d3f76a3fcb41a94637e37c11ab0
  custom:scripting/monoscript/fileName/ParentWindow.cs: 2476d8a6ba9c3055f984ac9792cae61a -> d6aa079e592e01701c5baa3ab98898bc
  custom:scripting/monoscript/fileName/OperationParams.cs: 091a140b35535b91c773ddf98925322d -> 3312c7a4424a66ffbf2f88f056f329aa
  custom:scripting/monoscript/fileName/SignInWithEmailPanel.cs: a5823728eb62cf6dbd8c933c1cb26f53 -> 6e8957c0ed7609303e68389067e72d72
  custom:scripting/monoscript/fileName/LaunchInstaller.cs: f9b7c99441bc32980ce9b95be066824b -> b75efdf5909b501e06cacd9c66f75981
  custom:scripting/monoscript/fileName/AvatarImages.cs: ea6dca998cf0ec5122553a9e010ef687 -> 3aa8c25a350843151ec4070c820c411a
  custom:scripting/monoscript/fileName/DrawHelpPanel.cs: 58c832ce9ea1a11e2724de5dd46ca0cb -> 
  custom:scripting/monoscript/fileName/DrawUserIcon.cs: 2f65feb9bed897237f97fbf9c5479092 -> 7d5385bf780ae84e648a8b49f8fe0825
  custom:scripting/monoscript/fileName/AssetStatus.cs: b9ea657347f2c22e8e401cdb256c516c -> e017010009bdb28bcb0d7d8ef05e7dd9
  custom:scripting/monoscript/fileName/BranchesListView.cs: 334a3fb302f855f71fb71520fb442a71 -> 3f5ed9fe5a1bca512014ae1600ee1666
  custom:scripting/monoscript/fileName/DrawGuiModeSwitcher.cs: 363adc150c5f1c5059a678f179906090 -> d3be34a3134d3fe80ef6b14d0d519128
  custom:scripting/monoscript/fileName/UnityMenuItem.cs: 5f445176ad3735e69769d93250663be7 -> 73f3c859f1b5092ad362c09e23b3a922
  custom:scripting/monoscript/fileName/WebRestApiClient.cs: c0bdde7ff9e25b1ad06e078e6d9b2fe0 -> 746756fd499dddd02a4e7ccdbac48be3
  custom:scripting/monoscript/fileName/IncomingChangesTreeView.cs: 78411a54601a32b278de0dd7d80f8670 -> 96479648d4498738733254eb4e4c6fb5
  custom:scripting/monoscript/fileName/GenericProgress.cs: 11287c7d038c487f32d0c8edc476a32d -> 8492ec26f01fc248d3eb3c2f5b3b6c0f
  custom:scripting/monoscript/fileName/MergeCategoryTreeViewItem.cs: c1ecd9dc0cd73eb7eb129994dedc1a91 -> 6bd59fcbfeafe06987a54631991d755b
  custom:scripting/monoscript/fileName/CheckinDialog.cs: 1709b78fae1329cc05fd4f39334b25f5 -> 702fdb8d0a3b4bfcb9ba109e71325cad
  custom:scripting/monoscript/fileName/ProcessCommand.cs: 2cc3b6e2a763c7f353b474b6904b45a6 -> 
  custom:scripting/monoscript/fileName/SortOrderComparer.cs: 8f6297df34271fdb1ce2d9607ec6261d -> 90647cc400823b41df847a6cbfc29026
  custom:scripting/monoscript/fileName/GUIActionRunner.cs: 69af7de0762ed6d085feb4cc4b5101b3 -> 4a0608de635b0d82868d57923d68eff7
  custom:scripting/monoscript/fileName/PlasticMenuItem.cs: 30c3a785b4c2607e2ae9aad693d5f604 -> 
  custom:scripting/monoscript/fileName/PendingChangesTreeView.cs: f3722f38014385705913f17dbe0f90c1 -> 17142d220a0a50a3f3d184c4718a0da7
  custom:scripting/monoscript/fileName/VCSPlugin.cs: 69c1b7249af35f35848ae707bd5e7113 -> 
  custom:scripting/monoscript/fileName/GetClientDiffInfos.cs: 4ae14b15e2cf5177a84735548a44cdc9 -> f8db8e637ded2d5e935a953a13b85ebe
  custom:scripting/monoscript/fileName/DrawActionButtonWithMenu.cs: d7f31944358aed2f3ed3982246fca039 -> 8d4f5edd02a1dd0f38c4f2baf5ee8a33
  custom:scripting/monoscript/fileName/ErrorListViewItem.cs: a9f229dd6829be37e3d3d11493cd30e3 -> 509edc26860f8be303ec97d68aabc30d
  custom:container-muxer-webm: aa71ff27fc2769a1b78a27578f13a17b -> 
  custom:scripting/monoscript/fileName/EditorProgressControls.cs: b1f133fa38afd918d537a72574fc93a0 -> 2e606eb01a6e6a567f3de9a0379ed3ae
  custom:scripting/monoscript/fileName/BranchesListHeaderState.cs: d47f1164fa7093137db851c4c16ffba3 -> 82eab21603f4efc696334ee80641c2c9
  custom:scripting/monoscript/fileName/DrawSearchField.cs: b11b864a92c7d76f85d4ec87d6faf61c -> 3de70beba9f4447205d50241d95b066a
  custom:scripting/monoscript/fileName/PendingChangesTab.cs: c99065f3c85ec85c85ece2a1a30665af -> 15ae6787065f4af65778e981f418a60b
  custom:scripting/monoscript/fileName/HelpPanel.cs: 625fbcc6029d5fe5cf4aa833f68adb0c -> 
  custom:scripting/monoscript/fileName/BuildGetEventExtraInfoFunction.cs: 1308a6936e8051866a117b3b7c2c7b77 -> 74bfc8c01f931108a3c2b127aa04cc8d
  custom:video-decoder-webm-vp8: 9c59270c3fd7afecdb556c50c9e8de78 -> 
  custom:scripting/monoscript/fileName/WelcomeView.cs: 07e35bfe1faa2c52c049eb30958acd54 -> f06c185659ea2f4a75f9397861dc6096
  custom:scripting/monoscript/fileName/HelpFormat.cs: 92b36f6584b3d7ccdc99b0ae4e152c53 -> 
  custom:scripting/monoscript/fileName/PlasticApp.cs: c440a0fb380601a77ad475d6c15d4fa1 -> c57de230d90beac7b586f10b9c7c6cb5
  custom:scripting/monoscript/fileName/ChangesetsTab.cs: ef408d8aaf89e01b17643ed0c836680d -> 46dde8f7856048792ad2e75490bb8c5e
  custom:scripting/monoscript/fileName/DrawProgressForMigration.cs: 0390721ecd322e9ab47db03bd0f98a12 -> 
  custom:scripting/monoscript/fileName/DeleteBranchDialog.cs: efbbc070bfeda2b746e8b15a4380cb26 -> 8549b0fc52962c89115fd78724fee578
  custom:scripting/monoscript/fileName/IncomingChangesNotification.cs: 5d73d1f1a99af71ddd954044bdf322d2 -> caa8ea2c7336b9227381f0971759e01a
  custom:scripting/monoscript/fileName/DrawTreeViewEmptyState.cs: d4c16fd6aad8161eda7d99fd74cbb08e -> 
  custom:scripting/monoscript/fileName/ErrorsListView.cs: 7cfd18bb17e557401eb4aa1ca93dbfd5 -> cd35171982f17897dd5148dda46e0956
  custom:scripting/monoscript/fileName/UnityPendingChangesTree.cs: fd6f0a038401268983bd9328d10dec93 -> f391d9a00dc9e202cee4d4ebcf6d21c0
  custom:scripting/monoscript/fileName/EmptyCheckinMessageDialog.cs: e95636a2119dec4d0c1f323f7ba65603 -> 
  custom:scripting/monoscript/fileName/PlasticDialog.cs: b0aae1bf1889af041741f324070b7b84 -> 63a17a2b696bc2a13c9046aa16f8cea4
  custom:SearchIndexIgnoredProperties: e643bd26f0fe6173181afceb89e7c659 -> 
  custom:scripting/monoscript/fileName/AutoRefresh.cs: 9d30d5d3f0e8985355be1ab597da1dbb -> 0a8afde180a876655ad16caa14493409
  custom:scripting/monoscript/fileName/PlasticPluginIsEnabledPreference.cs: 7953272c37f4a828a3d1096e7479f346 -> 
  custom:scripting/monoscript/fileName/HelpData.cs: 9293e68e835820b452391937547d1531 -> 
  custom:scripting/monoscript/fileName/GetRelativePath.cs: 9b16eb2de9e98b392077181cc34243c1 -> ab04ae5e0cafb93ebf5c96148bb52df0
  custom:scripting/monoscript/fileName/UnityEvents.cs: 253411328de37811883aded592b97268 -> c830e584565fcd66ca0d5a23ad8b9bd6
  custom:AudioImporter_EditorPlatform: d09bf68614088b80899f8185d706f6e7 -> 
  custom:scripting/monoscript/fileName/DockEditorWindow.cs: 581124d5e19667105f2446d6dfbf7982 -> a9e5e467234133af999283610b6e84e6
  custom:scripting/monoscript/fileName/BranchesSelection.cs: 7eb1fcb556f0fad697e4ec9d989be099 -> 33b36e7b03910960966036894ec90c7c
  custom:scripting/monoscript/fileName/SaveAction.cs: b68fbb4319dbb368959c40781b39fdf8 -> 27c387bb58f3a69b0c9ff60d2209e18f
  custom:scripting/monoscript/fileName/AutoConfig.cs: 6c4e7f9dc55323aa1299debfe9723aa6 -> bf4bbd2f2e752464ef51dbf102faed17
  custom:scripting/monoscript/fileName/DiffPanel.cs: 02288a38bd14cc2b52a25b302a6f154e -> 210366dab3631628227b9406f87a9b7f
  custom:scripting/monoscript/fileName/PlasticAssetsProcessor.cs: ff731c8aacf4a537dc74c7cf9eaeaed0 -> 
  custom:scripting/monoscript/fileName/DrawActionToolbar.cs: 52293cb82089e0370f52e257f41c0869 -> e05748a99799f26304c1bbafd90f703b
  custom:scripting/monoscript/fileName/TreeViewItemIds.cs: 7d654a2b5b3a10da3e7d8472196e96d1 -> 0cdf409b5aa8d4c25876d72b5c6a3b60
  custom:scripting/monoscript/fileName/EditorVersion.cs: 70953c9eccf7726f70c672a9a51619e9 -> 698aba075b19a52a056d67a7b809d179
  custom:scripting/monoscript/fileName/TeamEditionConfigurationWindow.cs: d06f049421c16e5927ec29f770917e09 -> e53b1ca5561894aaeff930afb696d001
  custom:scripting/monoscript/fileName/ProgressOperationHandler.cs: 5fbb4e0f656dcfaa4498bd2e492e4710 -> ec62666c0ca1649dd33cc6bc6834c6f7
  custom:scripting/monoscript/fileName/UnityPlasticTimer.cs: 961fdb6492c99b4a3eadbed28e78c4b0 -> 6c887e722e951c2964523825cad70c4c
  custom:scripting/monoscript/fileName/TreeHeaderColumns.cs: 9fc4a0396a421346b8aa3b7788860851 -> 316e5ea62e66b20fd6e687a6b9e5958e
  custom:scripting/monoscript/fileName/AssetFilesFilterPatternsMenuBuilder.cs: 8fe5de6e5dc3d42fb7e95de2aaedbf5a -> 0d99e7514c6a33cda8314deed8f34bc5
  custom:scripting/monoscript/fileName/PlasticNotification.cs: 3629fdff9f054b2013702f5b131b2c47 -> 
  custom:scripting/monoscript/fileName/ConfirmContinueWithPendingChangesDialog.cs: c0e147ff008a0b77c9337132a3ea70af -> 77462b1904ad8f6fee2f8da4523d59fe
  custom:scripting/monoscript/fileName/ChangelistTreeViewItem.cs: a4a6f6169cdb3afe249e104e2b7b1a2c -> 87f69636be8bd1a264ec4eac1bffa701
  custom:scripting/monoscript/fileName/CollabPlugin.cs: bda741ff77a19affbf276298e29313ec -> ca276d65e7cd77c5c99d9f119ffdb215
  custom:scripting/monoscript/fileName/TabButton.cs: 757146b89ed597b1d75c77241e5d5f63 -> 
  custom:scripting/monoscript/fileName/LaunchTool.cs: 3ac53c8af1f56365aad9e1ae5366d98d -> 60773d78646dc188d4b2caca77f20b17
  custom:scripting/monoscript/fileName/RunModal.cs: 33b931100ee477e6812324eabaa2e837 -> c83ee2ef642c5d8b8dfd32f033bfc438
  custom:scripting/monoscript/fileName/BranchListViewItem.cs: 8fdaa5aa842f5a70237affa304b9d506 -> 55028f4aef24d6227589aaa95582b2ff
  custom:scripting/monoscript/fileName/GetAvatar.cs: 07c98163f75f0b7c672bd453fc82bf61 -> 04ffae2a9e5a4c32a119f93144f558d2
  custom:scripting/monoscript/fileName/FindTool.cs: fc3b0710b24078288fe829d0bb041dd0 -> 2f9d82566cfb01fb68fc30111fb47624
  custom:scripting/monoscript/fileName/ChannelCertificateUiImpl.cs: 75d7831ab5da75cc0082e28863abb142 -> cefccf1e13b7bcf15e3c9f2dd4cd2fc8
  custom:scripting/monoscript/fileName/ApplyCircleMask.cs: 02eb67e485278e7c9b719fee5ff90f4a -> b955b378d261fdcbd6272fe8711d1e4f
  custom:scripting/monoscript/fileName/AssetMenuOperations.cs: e8e4dc7e916ba19764d008f240e56b46 -> ebcce67603e288b4a84d49287db6ef5a
  custom:scripting/monoscript/fileName/VisualElementExtensions.cs: cd98f4a51563fccdfc39eed097290325 -> 0aad2728225c469038631668406aebb3
  custom:scripting/monoscript/fileName/LocksSelector.cs: 70b046a562568fd78d093736e68a3a58 -> 7b0f4fc5552c1d92ba7f4648526ceb21
  custom:scripting/monoscript/fileName/ListViewItemIds.cs: 8f6297df34271fdb1ce2d9607ec6261d -> 90647cc400823b41df847a6cbfc29026
  custom:scripting/monoscript/fileName/CreateWorkspaceViewState.cs: 1deb37b3c17c224d9a7dca9c990ea191 -> 0fe23b7cca9336b31a27790c714de652
  custom:scripting/monoscript/fileName/MergeLinkListViewItem.cs: ebc1e6f9e3a3005d8f4c51a794adfdaa -> 3fa407d29597803190dd374d88ed170d
  custom:scripting/monoscript/fileName/DrawCommentTextArea.cs: ad5449f632fd412ac0f7ba0d171fd453 -> c58c26552f95f108a8d9610eaf001fbc
  custom:scripting/monoscript/fileName/ErrorsListHeaderState.cs: f366e16fac061f262479ccab9ff07a93 -> b961336a4a43551eb826f97c57673007
  custom:scripting/monoscript/fileName/RefreshAsset.cs: 4479d2949a66a97f66d1e550067f3767 -> 5a15c606785f1f54a697bb0d0d846dfb
  custom:scripting/monoscript/fileName/BoolSetting.cs: d67f952c3a5976591f3e9a9e7356bbab -> 12bf039ccd38b0f4ccfffbec3cbbf108
  custom:scripting/monoscript/fileName/CreateChangelistDialog.cs: 774371d4233cc1d394d98dc80507a1f8 -> 386b03e27c951c5f1d63daf7aae486ca
  custom:scripting/monoscript/fileName/HistoryListViewMenu.cs: 15a489e494f04a7ea37a587c7601070e -> 29770348599c8d5473b78d72e5741b40
  custom:scripting/monoscript/fileName/FilterRulesConfirmationDialog.cs: 5186d89f21d03764f0cca01c2a0122d7 -> 9c91c6c91f20e6d013a753f32343b327
  custom:scripting/monoscript/fileName/ChangesetsSelection.cs: d154d1782ed752b83834c54a0bde3df9 -> 8b9d539af9f7e269bac4e3d79e9ffab8
  custom:scripting/monoscript/fileName/AssetPostprocessor.cs: 96208057b904410715a8df295ba4f8f4 -> 
  custom:scripting/monoscript/fileName/IsResolved.cs: 12b1cb46be3341613a9d03a0fb32ccfc -> f54a3e2c5134aa4306f9ad150b1911a9
  custom:scripting/monoscript/fileName/LocalStatusCache.cs: a558fcf5f34357bab4cfc7b75e2bb356 -> 30974ea30517fbfd1b93153f6c849a76
  custom:scripting/monoscript/fileName/RepositoryExplorerDialog.cs: 143e7416b576681e1f2ea71288e530e6 -> eea34924da79ad7254f3e141a891c78d
  custom:scripting/monoscript/fileName/HelpLinkData.cs: 298f428470bd6f0a46823cad390bf0d6 -> 
  custom:scripting/monoscript/fileName/WorkspaceWindow.cs: ff52e13cd29dacd66db0169e14f71a23 -> b042f06133312d3bfed176231d97d77c
  custom:scripting/monoscript/fileName/PlasticShutdown.cs: a8df8eeeed98372d06e446171a192a6d -> 
  custom:scripting/monoscript/fileName/FilesFilterPatternsMenuBuilder.cs: 28072cd275c96994687e6d4d0d6e1dff -> cf716a8d336c8113475a9ca67a799ec1
  custom:scripting/monoscript/fileName/HistoryListViewItem.cs: 2d3b1fc954b6bdbae298ec250ade0663 -> 96f2b67ec620b83e35d13f11877e1ac1
  custom:scripting/monoscript/fileName/RemoteStatusCache.cs: 00463e6b90cfe7da080d7c266f783980 -> 402d5663f3675e9324c129274b0c00f2
  custom:scripting/monoscript/fileName/EditorWindowFocus.cs: 1012e4e2e29e9b29bdcc03d8b92762a8 -> f258b0cf85078a7435d001e522d5e8e3
  custom:scripting/monoscript/fileName/EnumExtensions.cs: 24df84756ec75feecd53a80a0991ea16 -> 872fcb89b813d64606e680211dede528
  custom:scripting/monoscript/fileName/NewIncomingChanges.cs: fc48261878ef7e4b956e7172f5803aee -> 
  custom:video-encoder-webm-vp8: eb34c28f22e8b96e1ab97ce403110664 -> 
  custom:scripting/monoscript/fileName/UnityIncomingChangesTree.cs: a6749c8b534ffb85ccf809bc8e274114 -> 42967773c43d3de5d23be4ddc6dfd9c4
  custom:scripting/monoscript/fileName/UnityDiffTree.cs: 447fc3a8922f56330f4bae8c9dc9a8be -> 1029ffd567bc0e646e6b119719dcb2ff
  custom:scripting/monoscript/fileName/TreeHeaderSettings.cs: 114eb9e27124403e8e111494b8eaf987 -> 662b1714c0fce36da72bbfe60201987a
  custom:scripting/monoscript/fileName/UnityConstants.cs: 0eb92bed4b0c568cb341161b4319c2db -> e3d3c3e11a194da9e5bbbfb97087a7bd
  custom:scripting/monoscript/fileName/IsExeAvailable.cs: 3e4283303610c884e542b8f6d3e922d4 -> 4a3dbc5ded94087064afd97407f26631
  custom:scripting/monoscript/fileName/AutoLogin.cs: e67ed70aada38469aeb667115929c368 -> b4cb98371fc38cca00d7123b7e649e12
  custom:audio-decoder-ogg-vorbis: bf7c407c2cedff20999df2af8eb42d56 -> 
  custom:scripting/monoscript/fileName/UpdateReportLineListViewItem.cs: a101f0ba5292fc139445870b3f4af838 -> 9f63395e1ea590dbbab4d59cd0032ac4
  custom:scripting/monoscript/fileName/DrawSplitter.cs: ec7e8739eacabcca3e2946d9833eea0f -> d2f114a8e8e4167f7762d835a83b2f55
  custom:scripting/monoscript/fileName/LaunchDependenciesDialog.cs: e1c527862a66e73f0417ae177d7fdfb5 -> 2cabf22eb95430074b6c730a84e03493
  custom:scripting/monoscript/fileName/CredentialsResponse.cs: 96b135ae1c4ea541dc762170ea524fa9 -> 3dd2507693e56dac75ee7783f598cbb9
  custom:scripting/monoscript/fileName/LaunchDiffOperations.cs: aeae601320588a70eea7590a2f7e0f69 -> 871a0804a9fe2d9f2ad088303a89a63e
  custom:scripting/monoscript/fileName/PlasticSplitterGUILayout.cs: 4cfaefa1a850aceff54713912c4a2bda -> 111849f67dfbfea65ad2a9298ad1654d
  custom:scripting/monoscript/fileName/CheckinDialogOperations.cs: 0b2a2cd4c41cf1865a29cf91b2a96a48 -> d032d69e8060311c06b88286e8f22ddd
  custom:scripting/monoscript/fileName/PendingChangesViewMenu.cs: 68fab310addfd7068cfd7920070496ff -> 9b0019b6df6bb14eb3a2dbafa53fb54b
  custom:scripting/monoscript/fileName/AssetsSelection.cs: 35cec24e81f0cb1de51daeb356abc4ff -> 0227d7ff4d5687932d10967a945a9b06
  custom:scripting/monoscript/fileName/EnumPopupSetting.cs: 8f6297df34271fdb1ce2d9607ec6261d -> 90647cc400823b41df847a6cbfc29026
  custom:scripting/monoscript/fileName/PlasticConnectionMonitor.cs: 920e8e381bfc94da8bb69d336dda57ca -> 
  custom:scripting/monoscript/fileName/HistoryListHeaderState.cs: 6226ef13a567fa81584864f8698be331 -> a87e0364d14866c369ad50d669bdfa85
  custom:scripting/monoscript/fileName/CloudEditionWelcomeWindow.cs: c886fdb39f4b8787e6ea3701a8f88f4a -> b1721e471183956468462f6b64901640
  custom:scripting/monoscript/fileName/AssetsPath.cs: 367269acf8f676d2cdd30fdc387b3920 -> e0e986124adc46d913f0683c34b88c9f
  custom:scripting/monoscript/fileName/MetaPath.cs: 1f80313a7ce6ec6ece505285578f5745 -> 417a84eb354831f828a6752b26c8592d
  custom:scripting/monoscript/fileName/CredentialsUIImpl.cs: 90e9c2de8d7bdd8424e0d89c415108ae -> dbacf67c37819fd95562fe169e706732
  custom:scripting/monoscript/fileName/ChangesetsViewMenu.cs: b720f0168f4ce1b1e0d358a6d5ec9a42 -> 7d1a2de81910b5990e71a0bfff26fdca
  custom:scripting/monoscript/fileName/UnityPlasticGuiMessage.cs: 2a7f71f59c0d7dc731fd345a3713957c -> 24eef0792e3802809607a7f9d04b8f1d
  custom:scripting/monoscript/fileName/OrganizationCredentials.cs: ee462057b3bd23cc3dab953ac4d656e2 -> 0b123406cadd651e9adc01c85fab5124
  custom:scripting/monoscript/fileName/StatusBar.cs: 392933116703b8e69a96dc0b873bf6f1 -> 
  custom:scripting/monoscript/fileName/IsCurrent.cs: 16ae2475c9982c21b0dccb3cdf4b1a92 -> cf1fd01890d0fd9f011c1a1a491e2cf0
  custom:scripting/monoscript/fileName/ChangesetFromCollabCommitResponse.cs: b986ab8b1acd322b0367812e2d541734 -> ba336e4117e1b7ee28e4c17197bc3d0e
  custom:scripting/monoscript/fileName/MoveToChangelistMenuBuilder.cs: 3a2ef8cb0baf69e5dadeafc731fe32a9 -> a90b3e388d3e1316fa104d4c9a03e2d1
  custom:scripting/monoscript/fileName/LoadingSpinner.cs: b3299af90b664a9f42123e7df43fae24 -> 6aff0ac022d117a8e24a7b5e4b11904c
  custom:scripting/monoscript/fileName/LocksTab.cs: 134c512484ae73354c15c06a6dc69f9f -> 00ffb5a39c16fdc2d733c7e53471a3a9
  custom:scripting/monoscript/fileName/BranchesTab.cs: 764cb17e9337c58ad4f5304b60b2042e -> 57c33f76c527a5aba4d269245ffff188
  custom:scripting/monoscript/fileName/HelpLink.cs: f129aa05dc3840d5bd4f2e0d111189db -> 
  custom:scripting/monoscript/fileName/ToolConfig.cs: 18b1ea271ce5e7b6deea7b4e8e175269 -> fcffc3165b047f54ed6ccafa4c8760dd
  custom:scripting/monoscript/fileName/DropDownTextField.cs: e66e7314096900597993d2b353757d8d -> c8fc484ce140049ff31ebc2c6cbebf28
  custom:scripting/monoscript/fileName/AssetsProcessor.cs: 47679a6e15b70f4fef48eb1b2df31b19 -> 18737889e95cd4088e8dfd4153fa8f40
  custom:scripting/monoscript/fileName/DrawActionButton.cs: d847a7d82ac92cab2b3d0ae268cefb3d -> 81e6708d2b8fa199354e53f85db731a8
  custom:scripting/monoscript/fileName/TableViewOperations.cs: ddc7b903e0dbd6bd109f2bd709b95f0e -> bef3a31deb1fe794a90f767d16e4c868
  custom:scripting/monoscript/fileName/UpdateProgress.cs: 5b04f01bf199310f09ab9522f89c78f4 -> 281e1e05168d6a30be1d8d2f6200bef8
  custom:scripting/monoscript/fileName/OrganizationsInformation.cs: b3f0758c6655b2dad1161792812992fa -> 5f067ea8d90fc79055a3dcfd58ae6dca
  custom:scripting/monoscript/fileName/SubscriptionDetailsResponse.cs: e10e0299ef716630c63b8cf5f792cda0 -> e5121cec860a6d1097cc809217b3d8fe
  custom:scripting/monoscript/fileName/DrawProgressForDialogs.cs: 5f8d39e3ea7c4a42148c6b1a7b4ca061 -> a5f2abd8875e7a6afbc171fabfbae81f
  custom:scripting/monoscript/fileName/ToolbarButton.cs: 47dc767626bbd94d66707af31ddc5eb6 -> 
  custom:scripting/monoscript/fileName/ProjectViewAssetSelection.cs: 349dc288d32791de51156d4e59000b7b -> 2560eadaf6a13a74a46a4a207cd5a8b6
  custom:scripting/monoscript/fileName/DrawTreeViewItem.cs: cceebc4f1185658619e40964f29acb08 -> 0921a62a588ab864253743d1f07afb5a
  custom:scripting/monoscript/fileName/DrawSceneOperations.cs: 2426c0c2ee58cd28be59874f6425940c -> d87f46f9fb97181a2f51490ea2e1efc3
  custom:audio-encoder-webm-vorbis: bf7c407c2cedff20999df2af8eb42d56 -> 
  custom:scripting/monoscript/fileName/DrawActionHelpBox.cs: dcd6ec2e7fb1b44f22c4a79ff87b70cd -> c8f6be9dab1e6f8d71e0c63c29679186
  custom:scripting/monoscript/fileName/PendingChangesMultiColumnHeader.cs: 21802cc6929e0e180fb4f0be8e34d9d0 -> 722de7d6e07a79981d750438e6febb8f
  custom:scripting/monoscript/fileName/EditorDispatcher.cs: c739e073a8c38dbcf59192f45d1004c5 -> 3c402eae57d73cc54863f3f6a13096ae
  custom:scripting/monoscript/fileName/IIncomingChangesTab.cs: 363f9daba453e316e730238a80857251 -> 40644cd18074db84684b9e437bf8fa77
  custom:scripting/monoscript/fileName/GetChangesOverlayIcon.cs: f00e4b795697c6cf3092760f3b6fc49d -> d599d6efdee28305661bc0cf6683858a
  custom:scripting/monoscript/fileName/ChangesetsListView.cs: caae0aefb36c869f50691482a5cd0944 -> 87b74e0d80cf59010f55e2baaeb6679d
  custom:scripting/monoscript/fileName/UpdateReportListView.cs: 2d8fccdaad50bbd7454b52cf9cb4a0f9 -> 08d26df1ab6c3a7628addc5e54e50b08
  custom:scripting/monoscript/fileName/UnityConfigurationChecker.cs: 59a8f0715a7c89a752351bf42f94abbd -> 874cd65cce0384fef4b60e71fb08a429
  custom:scripting/monoscript/fileName/CheckWorkspaceTreeNodeStatus.cs: 5e11ff64963669981115eb58dc2b6e8b -> 1e1255b803bf7cbc935bb804bf0dbe7b
  custom:scripting/monoscript/fileName/PlasticPlugin.cs: a57c142b98ca3d4daad221737fd72924 -> c64561980f26020cc3206ae8b1047268
  custom:scripting/monoscript/fileName/SwitchModeConfirmationDialog.cs: 4d9c02587760213784bfe53d012122b4 -> 30cd71d0b3ee4b2689cde689908d301e
  custom:scripting/monoscript/fileName/PlasticWindow.cs: fc467478941f610919bc69526ba2c215 -> 
  custom:scripting/monoscript/fileName/BranchesViewMenu.cs: 8089f11c30784e2e57775dd6cdbae898 -> 7bfc83e917c9b0b5aa423bb947ce2a38
  custom:scripting/monoscript/fileName/CooldownWindowDelayer.cs: 7816cfcad485500dbac9993c4502ea69 -> 4c95e39c8dd4cfa1bca106097fdb6524
  custom:scripting/monoscript/fileName/GetInstallerTmpFileName.cs: fa7bda723ac795b48e38504727f44981 -> d09e0b5c7a9af5874530e17ef23025f0
  custom:scripting/monoscript/fileName/AssetModificationProcessor.cs: a602c9e59e7db185e3a0d68d986e6fef -> 
  custom:scripting/monoscript/fileName/IsCollabProjectMigratedResponse.cs: 4c3294c6a51e6f42161d191230692016 -> af2b76c693935deee55cfcaed2aa7568
========================================================================
Received Import Request.
  Time since last request: 804823.734874 seconds.
  path: Assets/Scenes/SampleScene.unity
  artifactKey: Guid(9fc0d4010bbf28b4594072e72b8655ab) Importer(2089858483,0ecaa5967403d082aa24f35e1b516d23)
Start importing Assets/Scenes/SampleScene.unity using Guid(9fc0d4010bbf28b4594072e72b8655ab) Importer(2089858483,0ecaa5967403d082aa24f35e1b516d23) [PhysX] Initialized MultithreadedTaskDispatcher with 16 workers.
 -> (artifact id: '8652374400be179062b99fcc54decac1') in 0.092444 seconds
Number of updated asset objects reloaded before import = 0
Number of asset objects unloaded after import = 1
========================================================================
Received Prepare
Caller must complete domain reload
Begin MonoManager ReloadAssembly
- Loaded All Assemblies, in  0.760 seconds
Native extension for WindowsStandalone target not found
Native extension for iOS target not found
Native extension for Android target not found
Native extension for WebGL target not found
Fallback handler could not load library C:/Program Files/Unity/Hub/Editor/2022.3.54f1/Editor/Data/MonoBleedingEdge/lib/AppUIMuseNativePlugin
Fallback handler could not load library C:/Program Files/Unity/Hub/Editor/2022.3.54f1/Editor/Data/MonoBleedingEdge/lib/AppUIMuseNativePlugin.dll
Fallback handler could not load library C:/Program Files/Unity/Hub/Editor/2022.3.54f1/Editor/Data/MonoBleedingEdge/lib/AppUIMuseNativePlugin.dll
Fallback handler could not load library C:/Program Files/Unity/Hub/Editor/2022.3.54f1/Editor/Data/MonoBleedingEdge/lib/AppUIMuseNativePlugin
Fallback handler could not load library C:/Program Files/Unity/Hub/Editor/2022.3.54f1/Editor/Data/MonoBleedingEdge/lib/libAppUIMuseNativePlugin
Fallback handler could not load library C:/Program Files/Unity/Hub/Editor/2022.3.54f1/Editor/Data/MonoBleedingEdge/lib/libAppUIMuseNativePlugin.dll
Fallback handler could not load library C:/Program Files/Unity/Hub/Editor/2022.3.54f1/Editor/Data/MonoBleedingEdge/lib/libAppUIMuseNativePlugin.dll
Fallback handler could not load library C:/Program Files/Unity/Hub/Editor/2022.3.54f1/Editor/Data/MonoBleedingEdge/lib/libAppUIMuseNativePlugin
Fallback handler could not load library C:/Program Files/Unity/Hub/Editor/2022.3.54f1/Editor/Data/MonoBleedingEdge/lib/AppUIMuseNativePlugin
Fallback handler could not load library C:/Program Files/Unity/Hub/Editor/2022.3.54f1/Editor/Data/MonoBleedingEdge/lib/AppUIMuseNativePlugin.dll
Fallback handler could not load library C:/Program Files/Unity/Hub/Editor/2022.3.54f1/Editor/Data/MonoBleedingEdge/lib/AppUIMuseNativePlugin.dll
Fallback handler could not load library C:/Program Files/Unity/Hub/Editor/2022.3.54f1/Editor/Data/MonoBleedingEdge/lib/AppUIMuseNativePlugin
Fallback handler could not load library C:/Program Files/Unity/Hub/Editor/2022.3.54f1/Editor/Data/MonoBleedingEdge/lib/libAppUIMuseNativePlugin
Fallback handler could not load library C:/Program Files/Unity/Hub/Editor/2022.3.54f1/Editor/Data/MonoBleedingEdge/lib/libAppUIMuseNativePlugin.dll
Fallback handler could not load library C:/Program Files/Unity/Hub/Editor/2022.3.54f1/Editor/Data/MonoBleedingEdge/lib/libAppUIMuseNativePlugin.dll
Fallback handler could not load library C:/Program Files/Unity/Hub/Editor/2022.3.54f1/Editor/Data/MonoBleedingEdge/lib/libAppUIMuseNativePlugin
System.TypeInitializationException: The type initializer for 'Unity.AppUI.Core.Platform' threw an exception. ---> System.DllNotFoundException: AppUIMuseNativePlugin assembly:<unknown assembly> type:<unknown type> member:(null)
  at (wrapper managed-to-native) Unity.AppUI.Core.WindowsPlatformImpl.NativeAppUI_Uninitialize()
  at Unity.AppUI.Core.WindowsPlatformImpl.CleanUp () [0x00000] in .\Library\PackageCache\com.unity.muse.common@2.0.3\ThirdParty\AppUI\Runtime\Core\Platform\Windows\Platform.cs:155 
  at Unity.AppUI.Core.WindowsPlatformImpl..ctor () [0x00006] in .\Library\PackageCache\com.unity.muse.common@2.0.3\ThirdParty\AppUI\Runtime\Core\Platform\Windows\Platform.cs:129 
  at Unity.AppUI.Core.Platform.Initialize () [0x00008] in .\Library\PackageCache\com.unity.muse.common@2.0.3\ThirdParty\AppUI\Runtime\Core\Platform\Platform.cs:34 
  at Unity.AppUI.Core.Platform..cctor () [0x00000] in .\Library\PackageCache\com.unity.muse.common@2.0.3\ThirdParty\AppUI\Runtime\Core\Platform\Platform.cs:20 
   --- End of inner exception stack trace ---
  at Unity.AppUI.Core.AppUIManager.ApplySettings () [0x00000] in .\Library\PackageCache\com.unity.muse.common@2.0.3\ThirdParty\AppUI\Runtime\Core\AppUIManager.cs:142 
  at Unity.AppUI.Core.AppUIManager.Initialize (Unity.AppUI.Core.AppUISettings newSettings) [0x0003e] in .\Library\PackageCache\com.unity.muse.common@2.0.3\ThirdParty\AppUI\Runtime\Core\AppUIManager.cs:99 
  at Unity.AppUI.Core.AppUI.Reset () [0x00029] in .\Library\PackageCache\com.unity.muse.common@2.0.3\ThirdParty\AppUI\Runtime\Core\AppUI.cs:199 
  at Unity.AppUI.Core.AppUI.InitializeInEditor () [0x00000] in .\Library\PackageCache\com.unity.muse.common@2.0.3\ThirdParty\AppUI\Runtime\Core\AppUI.cs:163 
  at Unity.AppUI.Core.AppUI..cctor () [0x00000] in .\Library\PackageCache\com.unity.muse.common@2.0.3\ThirdParty\AppUI\Runtime\Core\AppUI.cs:64 
UnityEngine.StackTraceUtility:ExtractStackTrace ()
UnityEngine.DebugLogHandler:LogFormat (UnityEngine.LogType,UnityEngine.Object,string,object[])
UnityEngine.Logger:Log (UnityEngine.LogType,object)
UnityEngine.Debug:LogError (object)
UnityEditor.EditorAssemblies:ProcessInitializeOnLoadAttributes (System.Type[])

System.DllNotFoundException: AppUIMuseNativePlugin assembly:<unknown assembly> type:<unknown type> member:(null)
  at (wrapper managed-to-native) Unity.AppUI.Core.WindowsPlatformImpl.NativeAppUI_Uninitialize()
  at Unity.AppUI.Core.WindowsPlatformImpl.CleanUp () [0x00000] in .\Library\PackageCache\com.unity.muse.common@2.0.3\ThirdParty\AppUI\Runtime\Core\Platform\Windows\Platform.cs:155 
  at Unity.AppUI.Core.WindowsPlatformImpl..ctor () [0x00006] in .\Library\PackageCache\com.unity.muse.common@2.0.3\ThirdParty\AppUI\Runtime\Core\Platform\Windows\Platform.cs:129 
  at Unity.AppUI.Core.Platform.Initialize () [0x00008] in .\Library\PackageCache\com.unity.muse.common@2.0.3\ThirdParty\AppUI\Runtime\Core\Platform\Platform.cs:34 
  at Unity.AppUI.Core.Platform..cctor () [0x00000] in .\Library\PackageCache\com.unity.muse.common@2.0.3\ThirdParty\AppUI\Runtime\Core\Platform\Platform.cs:20 
UnityEngine.StackTraceUtility:ExtractStackTrace ()
UnityEngine.DebugLogHandler:LogFormat (UnityEngine.LogType,UnityEngine.Object,string,object[])
UnityEngine.Logger:Log (UnityEngine.LogType,object)
UnityEngine.Debug:LogError (object)
UnityEditor.EditorAssemblies:ProcessInitializeOnLoadAttributes (System.Type[])

Mono: successfully reloaded assembly
- Finished resetting the current domain, in  1.216 seconds
Domain Reload Profiling: 1971ms
	BeginReloadAssembly (184ms)
		ExecutionOrderSort (0ms)
		DisableScriptedObjects (8ms)
		BackupInstance (0ms)
		ReleaseScriptingObjects (0ms)
		CreateAndSetChildDomain (42ms)
	RebuildCommonClasses (37ms)
	RebuildNativeTypeToScriptingClass (21ms)
	initialDomainReloadingComplete (38ms)
	LoadAllAssembliesAndSetupDomain (474ms)
		LoadAssemblies (457ms)
		RebuildTransferFunctionScriptingTraits (0ms)
		AnalyzeDomain (113ms)
			TypeCache.Refresh (94ms)
				TypeCache.ScanAssembly (79ms)
			ScanForSourceGeneratedMonoScriptInfo (13ms)
			ResolveRequiredComponents (5ms)
	FinalizeReload (1216ms)
		ReleaseScriptCaches (0ms)
		RebuildScriptCaches (0ms)
		SetupLoadedEditorAssemblies (654ms)
			LogAssemblyErrors (0ms)
			InitializePlatformSupportModulesInManaged (36ms)
			SetLoadedEditorAssemblies (3ms)
			RefreshPlugins (0ms)
			BeforeProcessingInitializeOnLoad (69ms)
			ProcessInitializeOnLoadAttributes (401ms)
			ProcessInitializeOnLoadMethodAttributes (137ms)
			AfterProcessingInitializeOnLoad (7ms)
			EditorAssembliesLoaded (0ms)
		ExecutionOrderSort2 (0ms)
		AwakeInstancesAfterBackupRestoration (6ms)
Refreshing native plugins compatible for Editor in 6.99 ms, found 4 plugins.
Preloading 1 native plugins for Editor in 2.62 ms.
Unloading 3938 Unused Serialized files (Serialized files now loaded: 0)
Unloading 31 unused Assets / (0.6 MB). Loaded Objects now: 4406.
Memory consumption went from 145.0 MB to 144.4 MB.
Total: 4.476100 ms (FindLiveObjects: 0.251300 ms CreateObjectMapping: 0.149900 ms MarkObjects: 3.584400 ms  DeleteObjects: 0.489000 ms)

Prepare: number of updated asset objects reloaded= 0
AssetImportParameters requested are different than current active one (requested -> active):
  custom:scripting/monoscript/fileName/LocalizedTextElement.cs: e1b9eeff95990e54c9a9dc69ce19734b -> 
  custom:scripting/monoscript/fileName/Popover.cs: 4115025d54e2acd77a49f554f04af17c -> 
  custom:scripting/monoscript/fileName/IncomingChangesTab.cs: 6fa4849c09cf3ec125d3914af6074a21 -> 82bff1d960538992d4e618d909869d2e
  custom:scripting/monoscript/fileName/IValidatableElement.cs: 90647cc400823b41df847a6cbfc29026 -> 
  custom:scripting/monoscript/fileName/RelayCommand.cs: b98e5608049019f2756175075d1dd454 -> 
  custom:scripting/monoscript/fileName/ConditionUnmetException.cs: 005532f7eb227edc45563fe5f541c354 -> 
  custom:scripting/monoscript/fileName/SizeToContentButton.cs: f996dd6af2703c2acc1fc852c5c6fe91 -> 
  custom:scripting/monoscript/fileName/SpritePicker.cs: 6c57758f0e0792684ff138aa61e12c15 -> 
  custom:scripting/monoscript/fileName/ExVisualElement.cs: 0719d05dc014f888dce476d00c8e5949 -> 
  custom:scripting/monoscript/fileName/Vector4Field.cs: c58543e1452e2d7969e128d4d880a29b -> 
  custom:scripting/monoscript/fileName/DiffSelection.cs: 34faf7c86f7e0c9a01162e930679d82f -> 1460aaba4240ef35322cb9c198487990
  custom:scripting/monoscript/fileName/SpriteArtifactDragAndDropHandler.cs: 839d1b37b55d6be59f997a1187e45f3e -> 
  custom:scripting/monoscript/fileName/IInputElement.cs: 90647cc400823b41df847a6cbfc29026 -> 
  custom:scripting/monoscript/fileName/DatePicker.cs: 91d4045d80ecc134ca6ab854d8063fb1 -> 
  custom:scripting/monoscript/fileName/GenerateButtonData.cs: a4a5d2cace8ba7ac9b29e8dce04fd18d -> 
  custom:scripting/monoscript/fileName/CloudProjectId.cs: f33db9e9673144ad1e994ed4cff5ce2d -> 
  custom:scripting/monoscript/fileName/DateFilter.cs: de3aab0283a2b4a1d4d64145b14132d5 -> 3a6cb8c2e3ffbb5a9052e322ee5bf411
  custom:scripting/precompiled-assembly-types:Unity.Muse.Common.Editor: b2b85f334c7b94962b4de33259f9b3d8 -> 
  custom:scripting/monoscript/fileName/SaveSpriteData.cs: 536697541501b97237df33b769e18e06 -> 
  custom:scripting/monoscript/fileName/Draggable.cs: b37a3f5d59dd35ab93808922404c335a -> 
  custom:scripting/monoscript/fileName/MainUI.cs: 038bb51f21d0e6b0c1cb151199f55270 -> 
  custom:scripting/monoscript/fileName/RuntimeCloudContext.cs: da94b5acfb57480365ecf7eea6ee6b0f -> 
  custom:scripting/monoscript/fileName/Vector2IntField.cs: ba00b33ea4f2257c51a40a39bbdb4528 -> 
  custom:scripting/monoscript/fileName/ColorWheel.cs: f76cc18000f06f73a697a5aa0353462a -> 
  custom:scripting/monoscript/fileName/PerformInitialCheckin.cs: be22d181e456c0a8a5713675f29ac72a -> 8ef9a9f407b8b94b2b5fad9d24e61f79
  custom:scripting/monoscript/fileName/PluginAttribute.cs: b63651bbaab0341ec100d4ba8779f1fc -> 813c19932992710d73442c18f504dce4
  custom:scripting/monoscript/fileName/SessionChangesTracker.cs: d6ce70af4c694315f0423bb92ed87128 -> 
  custom:scripting/monoscript/fileName/TextToImageResponse.cs: ba99477439a8068a3bd8460ca97545ce -> 
  custom:scripting/monoscript/fileName/ConflictResolutionState.cs: 51eaf597f9533c7ed197ad15e802d20f -> 74a230000ff2fd58c5a60ab4258207dc
  custom:scripting/monoscript/fileName/PackageResources.cs: 2661c59ead04da509cd2840c0afde92c -> 
  custom:scripting/monoscript/fileName/Dropdown.cs: 5746b9966e2224fc01bb767f83d3bed6 -> e2499375dbab18b142e2db07a091d792
  custom:scripting/monoscript/fileName/PngMetadataEditor.cs: 4bf9147a90382a74cb3ff54c58bfe03b -> 
  custom:scripting/monoscript/fileName/FindWorkspace.cs: 39bbd18bfe6bf4a99f5c185dcda4dd4a -> 6af6c9e9382fef881c020ab184e6f7f5
  custom:scripting/monoscript/fileName/IncomingChangesNotifier.cs: 10fad815611441fb3a805150421ed991 -> 
  custom:container-demuxer-ogg: 62fdf1f143b41e24485cea50d1cbac27 -> 
  custom:scripting/monoscript/fileName/ResourcePathAttribute.cs: 119835f2547b92833998a770cee38fec -> 
  custom:scripting/monoscript/fileName/TrainingRoundsView.cs: e0ad77ec9444de11c0825c061c64ae3c -> 
  custom:scripting/monoscript/fileName/ModesListSelector.cs: bb24963f36b5ef9e026801ac08a8e752 -> 
  custom:scripting/monoscript/fileName/CheckinConflictsDialog.cs: d3af1d70d3f60a9847d2942647274222 -> e13fa04a97fb675842c94586fc602871
  custom:scripting/monoscript/fileName/AuthToken.cs: d22b2893825e943bc1389be142abd57e -> 0fba7e8eb1ec8b699f274cdc956451b2
  custom:scripting/monoscript/fileName/ProgressControlsForDialogs.cs: 6bf8e69ac7dc2163fe988e5d8181ce88 -> 7e6bd1727985204e3b64e1946e589b1c
  custom:scripting/monoscript/fileName/UIModeFactory.cs: e8b2ee6f4479ca25afc7cd092d420e4b -> 
  custom:scripting/monoscript/fileName/AssetStatusCache.cs: beede06d8a6d93e7907fd192ad653f2b -> 260d5f85663ac58b2a7e9553c453bc3e
  custom:scripting/monoscript/fileName/IMaskOperator.cs: 308963f687d77a9ca70271ff368bf574 -> 
  custom:scripting/monoscript/fileName/ControlsFactory.cs: 68a844728f5cdb7674034d66b4f4ba5c -> 
  custom:scripting/monoscript/fileName/DrawIncomingChangesOverview.cs: 6d1aadb525661622ddc7d545c55841f2 -> 
  custom:scripting/monoscript/fileName/BuildFormattedHelp.cs: f675844664504d88a0d8165e2b08a2bf -> 
  custom:scripting/monoscript/fileName/Radio.cs: 7e64392a57fa0a9e8f30f84bbc566e82 -> 
  custom:scripting/monoscript/fileName/OrganizationPanel.cs: d7ac1288bef1b15a05bb26d201a4d87f -> 57a57e6a345dbd536e91c348b70943a9
  custom:scripting/monoscript/fileName/EditorModelAssetEditor.cs: a56869b96c6ddcbc2c143436dbdaa8ab -> 
  custom:scripting/monoscript/fileName/Menu.cs: 01036f820f0aba5246103f5e583c45bb -> 5eba48b4d6d147021b8e165ca83d35a2
  custom:scripting/monoscript/fileName/EventBus.cs: d8ea2dc762a72245c304a2a3b93a89eb -> 44116646ae5a8e68b53a6428a288d598
  custom:scripting/monoscript/fileName/MigrationProgressRender.cs: 94a7accb6b5be388f3abff6285d8f1af -> 
  custom:scripting/monoscript/fileName/ChangeCategoryTreeViewItem.cs: 0f882939555cf173ece99b60f8f54ade -> fd14db176fff061715c8ec88ced1902f
  custom:scripting/monoscript/fileName/LegalConsentResponse.cs: e451b09569d331c382e3b7cd0be62dbb -> 
  custom:scripting/monoscript/fileName/CurrentUserAdminCheckResponse.cs: cec2f173fe8732108711c497674c6f66 -> d57c2dcace740834acd59fdfbc5023b8
  custom:scripting/monoscript/fileName/StyleData.cs: bc22e4630630d4b0375c440a9929c8fc -> 
  custom:scripting/monoscript/fileName/TrainingController.cs: a7d276f7670d7d29447a9f4ead2b59ba -> 
  custom:scripting/monoscript/fileName/Clickable.cs: dcfa54024397dad01b26b11b6fb78cdc -> 
  custom:scripting/monoscript/fileName/Debug.cs: 8cb796a7d561e888255a84496f78b643 -> 
  custom:scripting/monoscript/fileName/ActionItem.cs: 8fbe402fc340529c8d6b0f57da736347 -> 
  custom:scripting/monoscript/fileName/TrainingSetTabView.cs: da2bc88327174be1f41afe4c936f452b -> 
  custom:scripting/monoscript/fileName/AccountLinks.cs: 24122d0e6f5c49b5739cb1e1d29bd3df -> 
  custom:scripting/monoscript/fileName/UIElementsExtensions.cs: a191d7293be4538b0adb29dfe5b06a46 -> 52e0d612ab032e4d22e9558b90396b99
  custom:scripting/monoscript/fileName/TrialForm.cs: de40414fa31698e62530bcfe685c7e2f -> 
  custom:scripting/monoscript/fileName/ObservableObject.cs: a6ccb0df61db355f1314fcc09a3326be -> 
  custom:scripting/monoscript/fileName/CreateBranchDialog.cs: c429477092287209232592c8cde1a615 -> 9eb29fda08033b4f847247136c412db6
  custom:scripting/monoscript/fileName/RestCall.cs: 6cb4408ae037cdac0e2e0a800ffb0514 -> 
  custom:scripting/monoscript/fileName/RectExtensions.cs: ca8f43c621c2c11f812d0eeda1298c5a -> 
  custom:scripting/monoscript/fileName/StyleTrainerArtifactCache.cs: be034ce7b04be8de7936bf9e7ce8c00e -> 
  custom:scripting/monoscript/fileName/Vector3IntField.cs: 802fda2df94180c7bffc140f8b0eeb2a -> 
  custom:scripting/monoscript/fileName/ClientStatusResponse.cs: 176286fece9460ebe0ebf683964003c7 -> 
  custom:scripting/monoscript/fileName/AssetDeleteWatcher.cs: f2313bdd54ae3c1f9b57dec080173cc1 -> 
  custom:scripting/monoscript/fileName/ICloudContext.cs: 406f589c07b038035da655e37a32f524 -> 
  custom:scripting/monoscript/fileName/Action.cs: 39a4a2ee39ef18e1bf2fee287e7fa505 -> 
  custom:scripting/monoscript/fileName/DrawCreateWorkspaceView.cs: 6422239d8f649480614f0dd4f018b7f2 -> c6039ac84d85ab3926aa94de163a9f7d
  custom:scripting/monoscript/fileName/BottomNavBar.cs: ad97eabc6f922c50bffab03570081c2d -> 
  custom:scripting/monoscript/fileName/ProjectPath.cs: 5634ebdbea8ca94089eb9622d1b60497 -> 2007f972d3a73eeb86dfe05e849c7f69
  custom:scripting/monoscript/fileName/IRelayCommand.cs: cb655cf30ac00745ed5fc4690824568b -> 
  custom:scripting/monoscript/fileName/SSOCredentialsDialog.cs: 8967ceae1bc195ea8dd32b23c42dd852 -> e140ede12a96f68f30062138385171c3
  custom:scripting/monoscript/fileName/ExperimentalProgramSignUpNotificationView.cs: 29e4119b692f6d54409a241bc47530c7 -> 
  custom:scripting/monoscript/fileName/Popup.cs: a3019c018d9dcc9a20d74fe2a8ad6b61 -> 
  custom:scripting/monoscript/fileName/CircularProgress.cs: 84f512acaf26829ec4cac9a6eccf4967 -> 
  custom:scripting/monoscript/fileName/MenuBuilder.cs: a5707ceb1ee47db48c3e17dd941059c2 -> 
  custom:scripting/monoscript/fileName/DownloadPlasticExeDialog.cs: 2dd40c53d0303d041a27a44a95c331cb -> 093cfe0607c2346a88cdfdfe1435614f
  custom:scripting/monoscript/fileName/ImageArtifactCache.cs: b41d430efcc86539a1a17888c9332dfc -> 
  custom:scripting/precompiled-assembly-types:Unity.Muse.Sprite.Common.Editor: 68a549d84d23f904b877cb06871c0bd9 -> 
  custom:scripting/monoscript/fileName/PageIndicator.cs: cf951bf6247fcf363fbb4e3a426286b0 -> 
  custom:scripting/monoscript/fileName/Mask.cs: 4beddf0e60d5cca0ed72d2f2bd834a0d -> 30def7c5b8ef23ce62910d8eb0c002c6
  custom:scripting/monoscript/fileName/GradientExtensions.cs: 9954455631d560b68c6e8c00503fa823 -> 
  custom:scripting/monoscript/fileName/ServiceAtribute.cs: 8cae505ba4d8e8cb6c0368f1bf3e09df -> 
  custom:scripting/monoscript/fileName/MenuDivider.cs: c71d02adfcd027f2bdbfc9420fb522b2 -> 
  custom:video-codec-MediaFoundation-h265: 746d11721c4dcdbdad8f713fa42b33f4 -> 
  custom:scripting/monoscript/fileName/AnalyticsManager.cs: e8e6afb9228012714bffaaf46f6d5f8a -> 
  custom:scripting/monoscript/fileName/PreferenceDataWrapper.cs: 90647cc400823b41df847a6cbfc29026 -> 
  custom:scripting/monoscript/fileName/PendingChangesTab_Operations.cs: c99065f3c85ec85c85ece2a1a30665af -> 15ae6787065f4af65778e981f418a60b
  custom:scripting/monoscript/fileName/LocksListViewItem.cs: cc9cd24c5be4f7363367cba72f12aad4 -> f4a19fabbec093eb3d6a7e1cd4f42611
  custom:scripting/monoscript/fileName/Badge.cs: 83d9188d0e4daa7e59ab57f3b4a721a3 -> 
  custom:scripting/monoscript/fileName/SubscriptionView.cs: 0a6a12b577568fc16f82e2602861db25 -> 
  custom:scripting/monoscript/fileName/FloatingActionButton.cs: f3140e807232249ffd563637202b6dae -> 
  custom:scripting/monoscript/fileName/LiteDbArtifactCache.cs: f0f79f780fd527fec1893cc8719e4e77 -> 
  custom:scripting/monoscript/fileName/UsageProgressText.cs: 599cdc404d85c01a4ade4349aa2c1d16 -> 
  custom:scripting/monoscript/fileName/PendingChangesViewPendingChangeMenu.cs: 561ad0f702e1db14300a4a5f810051f9 -> 9a6ef2277212bf26d647c7f12f946287
  custom:scripting/monoscript/fileName/ExperimentalProgramLimitReachedNotificationView.cs: 778011bc57396f004425edd4090715a3 -> 
  custom:scripting/monoscript/fileName/SignInPanel.cs: f7e82045994d4eefe3b021faa87b55c6 -> bac0318ce35e37bed3a2cc8137452435
  custom:scripting/precompiled-assembly-types:LiteDB: 89a8f94dee7a786c6853bd164e479e44 -> 
  custom:scripting/monoscript/fileName/ApplicationExtensions.cs: 72128436081c5def0b77c67ac90d8dfb -> 
  custom:scripting/monoscript/fileName/DrawInspectorOperations.cs: 61c4a6a6507d8f84ef5bdf5cba3f0aee -> 8c94fe642e98309082411f46db89106b
  custom:scripting/monoscript/fileName/DrawDirectoryResolutionPanel.cs: a77980eb09765fe85cd85d4a47964cf2 -> e4e3c9b4bc511687802b504b71016540
  custom:scripting/monoscript/fileName/CanvasPaintToolManipulator.cs: 90647cc400823b41df847a6cbfc29026 -> 
  custom:scripting/monoscript/fileName/CloseWindowIfOpened.cs: d820344e932a12600b5fe6fb7e9f1563 -> ce229ef3b7461ff17e2c1af0695a6657
  custom:scripting/monoscript/fileName/PanTool.cs: 092010d74b4d01f9e56f1101c47a9b84 -> 
  custom:scripting/monoscript/fileName/SaveAssets.cs: e472a52843752df7d7ad4ca6b2c8da98 -> b56abea3d51c742ac29e4aec958afad6
  custom:scripting/monoscript/fileName/AppBuilder.cs: b479ec76de0db67e4ff7d691c2123eb7 -> 
  custom:scripting/monoscript/fileName/AccountController.cs: 600b1a7a9ce1b69d9d5774e277838306 -> 
  custom:scripting/monoscript/fileName/UpscaleImageResponse.cs: 6f238511a27ceba7772b28bdd4ac1387 -> 
  custom:scripting/monoscript/fileName/RepositoriesListView.cs: 9f95c83dc460fb03fb0916472f14b8a7 -> 95287f65338ca0073ad04002a16eaaf7
  custom:scripting/monoscript/fileName/Painter.cs: b7249ddca51eb584c36cee36d1671d58 -> 
  custom:scripting/monoscript/fileName/PointerMoveEventExtensionsBridge.cs: 5d7b40b449d6de417258a7b462a82a5f -> 
  custom:scripting/monoscript/fileName/AssetOperations.cs: 638daf61300bf6ad727538516d4fa3e2 -> 
  custom:scripting/monoscript/fileName/HandleMenuItem.cs: 740e54c5f6dca1acc88cad87af74b744 -> b4ad1ecc5243212c5967125ad5e41b1f
  custom:scripting/monoscript/fileName/ScreenResolution.cs: 5c975132cf4e36dcc261bd0acd604271 -> 7bb7bb5b955671820101b322f0a7bf3d
  custom:scripting/monoscript/fileName/Response.cs: 2e3aea66b1698dc0d3c4a4ad5e1b9726 -> 
  custom:scripting/monoscript/fileName/ApplicationDataPath.cs: 8e4094e28762fb76a1baecfe90c6b65e -> 3e8c4ea8debfda8013fed860ac233d22
  custom:scripting/monoscript/fileName/ResourceManager.cs: f0686c417ceda3f908c029dad3fbd36d -> 
  custom:scripting/monoscript/fileName/Date.cs: 0beac2edccb92a74058b45406bffc2d9 -> 
  custom:scripting/monoscript/fileName/PaintCanvasToolManipulatorUndo.cs: ba006b418a2dd50207a636700202a02f -> 
  custom:video-decoder-ogg-theora: a1e56fd34408186e4bbccfd4996cb3dc -> 
  custom:scripting/monoscript/fileName/ControlToolbar.cs: bce44eb26b05ba932b3ee39eeb4f431f -> 
  custom:scripting/monoscript/fileName/RepaintInspector.cs: f134606300316994850c28a68d0cb5a3 -> 
  custom:scripting/monoscript/fileName/LockStatusCache.cs: 5e3725e03dc21c716034553589a67eae -> e99b3f34c5cd3eb73ec19439af1f7f80
  custom:scripting/monoscript/fileName/DiffTreeView.cs: 68195907d129ef826aa6b6df7202696d -> 49f46fd2a65ea674a218eead75f27aac
  custom:scripting/monoscript/fileName/DependenciesDialog.cs: 82d30fc8d5e1a73ec0d1ee9acc00fbc2 -> c8902186ab2f4e6471b5dd147afb01b6
  custom:scripting/monoscript/fileName/ChangesetListViewItem.cs: 95a197949f1e777703db60eea8cc21b3 -> d742a4910e302777daa1ccb9c8e92cb9
  custom:scripting/monoscript/fileName/StyleTrainerProjectDataEditor.cs: 4bd0ab6b4e085b67e7eb63fe2062e50d -> 
  custom:scripting/monoscript/fileName/LocksViewMenu.cs: fda08381fa9abca53b6eaf3bf55f14f8 -> 186d8514e824865b191ba1829afe4b33
  custom:scripting/monoscript/fileName/MuseShortcuts.cs: 590ae4dc62a6a5b31c7b23b1facd42f8 -> 
  custom:scripting/monoscript/fileName/TrialExpiredNotificationView.cs: 69e9ef7db1effea284cd0c8b96593c7d -> 
  custom:scripting/monoscript/fileName/MenuItems.cs: 02458b03504b169034c7698e9b362ea3 -> 
  custom:scripting/monoscript/fileName/IncomingChangesViewMenu.cs: 832662bce0cd8edd53cba36a0dd96da0 -> 13196979a03411533716f6775c9a624b
  custom:scripting/monoscript/fileName/QueryVisualElementsExtensions.cs: 75ea535788abf9c38ba9341c984a6241 -> a49740b6efbb934f55475cc70b864a4c
  custom:scripting/monoscript/fileName/TextArea.cs: f97569ab8bee09eb0780c3b61b2f31cc -> 
  custom:scripting/monoscript/fileName/OperatorsFactory.cs: 8dca1d83f88c098e2de5647023d24aa3 -> 
  custom:scripting/monoscript/fileName/ValidateTrainingParametersTask.cs: a74328793b334749e97837643fcecde7 -> 
  custom:scripting/monoscript/fileName/Model.cs: bb54f90838b10d16ae985d74455b30c0 -> 
  custom:scripting/monoscript/fileName/UIToolkitAppBuilder.cs: 90647cc400823b41df847a6cbfc29026 -> 
  custom:scripting/monoscript/fileName/WriteLogConfiguration.cs: 1a8401f47b522f631a3dc005105719f5 -> 1589212d1638ae91a029ea3ddf9999f2
  custom:scripting/monoscript/fileName/WindowsNativePluginImpl.cs: 3ec1c7461d3f4fe1a5b050aae98f717d -> 
  custom:scripting/monoscript/fileName/VisualElementUtility.cs: 7d88470305e0bf18eb683ff6709fbdab -> 
  custom:scripting/monoscript/fileName/OperatorOverrideInterface.cs: 13c431eb0d82e5774fdbf6a3366867ea -> 
  custom:scripting/monoscript/fileName/InputLabel.cs: 49b863d615896dcc083798bf3d046079 -> 
  custom:scripting/monoscript/fileName/Chunk_eXIf.cs: 602f9ba7645d0c2f4c09597b59ee716b -> 
  custom:scripting/monoscript/fileName/DrawTextBlockWithEndLink.cs: 1cc3e67c46bd397f9508f124a3366994 -> 
  custom:scripting/monoscript/fileName/StyleTrainerProjectEvents.cs: 9ed25d1349c6d954fba97e35011ba51f -> 
  custom:scripting/monoscript/fileName/FileSystemOperation.cs: c31a686e69e66801c204a11be56c950a -> f0ccbe91654279794a85bf6f1c034716
  custom:scripting/monoscript/fileName/DropTarget.cs: 90647cc400823b41df847a6cbfc29026 -> 
  custom:scripting/monoscript/fileName/MigrateCollabProject.cs: af93695e471d9c8e4ad014c4165f2c3c -> 9f3487f03a783b35518405572f20ac9e
  custom:scripting/monoscript/fileName/NegativePromptOperator.cs: 815defebcf819975cfdee9c085c7ad50 -> 
  custom:framework-win-MediaFoundation: 216162199b28c13a410421893ffa2e32 -> 
  custom:scripting/monoscript/fileName/ProgressControlsForViews.cs: 7d677c6df38ab15cf390062b5b0bb854 -> a8a18a90f46aa63848e1e45d8d7ff9af
  custom:scripting/monoscript/fileName/BaseVisualElement.cs: 41f13541a96f1482e6b79a5f3f2996be -> 
  custom:scripting/monoscript/fileName/TextContent.cs: e0d2ee591009ed5092e3bd11649e47e0 -> 
  custom:scripting/monoscript/fileName/StyleTrainerBackend.cs: c5e86cc9357cd629edd6e7f978c853c6 -> 
  custom:scripting/monoscript/fileName/DrawAssetOverlay.cs: 04a46044def089f0abcdafdd281e3646 -> 
  custom:scripting/monoscript/fileName/VisualElementNotFoundException.cs: fb75b149ee57566da550ff39c6056721 -> 
  custom:scripting/monoscript/fileName/ProjectWindow.cs: c62567a3d71fd74636bc783de5162474 -> 
  custom:scripting/monoscript/fileName/Spacer.cs: 3fac01231831dde4228ef3b592ed0a32 -> 
  custom:scripting/monoscript/fileName/ImageArtifact.cs: 01bbb359a3b64b3399c0a9ab68b5a328 -> 
  custom:scripting/monoscript/fileName/MergeLinksListView.cs: 826afb5fb5988163105086b4bf5027af -> c9488671ae9b14523680d0c19097baa0
  custom:scripting/monoscript/fileName/UIMode.cs: aac12471a15791ca35df167a95a1dcbe -> 
  custom:scripting/monoscript/fileName/ListViewItem.cs: 326c5eabddf9864b78868a6434ac78ec -> 
  custom:scripting/monoscript/fileName/DateField.cs: feb77a736081aab70ed63fef69c00497 -> 
  custom:scripting/monoscript/fileName/SizeIntField.cs: 9546cd4aad2707a7147cb9095f6d4998 -> 
  custom:scripting/monoscript/fileName/EditorProgressBar.cs: 7418be9b22aaea32732f8a5f49569d1c -> 08c2f2b90ef64df631d46389f0e22c8e
  custom:scripting/monoscript/fileName/AssetMoveWatcher.cs: 991a20307c8f2e2fd790c7e7090bf607 -> 
  custom:scripting/monoscript/fileName/UnityObjectPicker.cs: 1386fe52bb314421e24752c4dc9a06e5 -> 
  custom:scripting/monoscript/fileName/Quote.cs: a6081a86d957003ed19b1bd4df965477 -> 
  custom:scripting/monoscript/fileName/TrainingSetModelEvents.cs: aafb6a0b20b0bb274b299bb897da8904 -> 
  custom:scripting/monoscript/fileName/TrainingData.cs: 4cedb5329c658f84d99303ddf63aec13 -> 
  custom:scripting/monoscript/fileName/ArtifactNode.cs: 0f53defbb70ed19f2f61da31385e9b88 -> 
  custom:scripting/monoscript/fileName/MeasureMaxWidth.cs: cd9322680ae61d38397008451b7ed0ed -> 1569e3f1dad91a9b01cba66ab6aa30b0
  custom:scripting/monoscript/fileName/StyleModelList.cs: 925249c69604c6d79a493ec3321430cc -> 
  custom:scripting/monoscript/fileName/ISizeableElement.cs: 33d3bde9f881b02e6aaf697c08c974cf -> 
  custom:scripting/monoscript/fileName/ArtifactExtensions.cs: 2f097918603125212876c397b77eb192 -> 
  custom:scripting/monoscript/fileName/SquareBoxHandler.cs: f51b387b421e24615d4af4bc4c1614bb -> 
  custom:scripting/monoscript/fileName/IconHelper.cs: 468927bb450b54907c4b9ee9e81a083a -> 
  custom:scripting/monoscript/fileName/EditorSpritePreferences.cs: 359f2cf230a507ca9eb5308c15a06acd -> 
  custom:scripting/monoscript/fileName/ImageVariationRequest.cs: 5b71d37b4ced9f4fa4aba0e9276a2834 -> 
  custom:scripting/monoscript/fileName/SingleExtensions.cs: c1bddaafd029f15a36d3f848ba08025c -> 
  custom:scripting/monoscript/fileName/ChangesetsListHeaderState.cs: 69fc4f1a2bc3782d7043ec48961a3616 -> fe1392f9b135da83e13fe8a5e5f39fc2
  custom:scripting/monoscript/fileName/PopupNotification.cs: 0cdf409b5aa8d4c25876d72b5c6a3b60 -> 
  custom:scripting/monoscript/fileName/MuseWindowTracker.cs: c07147d779a4bd270c651520b5071190 -> 
  custom:scripting/monoscript/fileName/Chunk_iTXt.cs: 92e0ead912a564f05af67238c8ebaffe -> 
  custom:scripting/monoscript/fileName/TextToImageRequest.cs: 69542aab4ac947b24cf8befbdf3e52bb -> 
  custom:scripting/monoscript/fileName/MainThreadDispatcher.cs: 68f6815e06a5ce58c0fb2b6cd99fa995 -> 
  custom:scripting/monoscript/fileName/EventServices.cs: 6229cafe96280844a3bf907e0592a7f4 -> 
  custom:scripting/monoscript/fileName/PendingChangesTreeHeaderState.cs: 7d278b5569d28437d07554a3bbb56e1b -> 5d7f70d142c9ac67864ec14950523d62
  custom:scripting/monoscript/fileName/ImageVariationSettingsRequest.cs: af7f367068b43933bf21aef2f9a44726 -> 
  custom:scripting/monoscript/fileName/ChangelistMenu.cs: ca33bac56b3a337faa90a1b1bba632d6 -> c1bf5aeb760cc5eae584ea3944d6531b
  custom:scripting/monoscript/fileName/MissingEncryptionPasswordPromptHandler.cs: 7f5831fc8a41e9cadd84fcfd0e885072 -> 5d7b9646eb14a39b6d3d5bab19d266ff
  custom:scripting/monoscript/fileName/NotificationBar.cs: d1a4cf5e8103d80fd25347275f906aa8 -> 50f1a85fa18d94338418def78dcd8543
  custom:scripting/monoscript/fileName/UnityThreadWaiter.cs: dbd556f2802baab90a20da38c288d36c -> 99333406d92d10003984b4d1920de2f9
  custom:scripting/monoscript/fileName/CredentialsDialog.cs: 179b5e49656a1623c2e79d838f0f5876 -> c785d5e40f8d66b7ef7ba04ee7c324e0
  custom:scripting/monoscript/fileName/AnchorPopupUtils.cs: a0584789c81f7f2d245326e3bebfa472 -> 
  custom:scripting/monoscript/fileName/BaseArtifactCache.cs: 78ba67a07741bdd99c65c4dee258c39d -> 
  custom:scripting/monoscript/fileName/StringConstants.cs: 4dc223908517d89f5568f1bf4e9cfb06 -> 
  custom:scripting/monoscript/fileName/GetRestorePathDialog.cs: e21eb9983f0b989125951478cd5e9b35 -> 353d1126ca2d2063d5bdbd06806ffc08
  custom:scripting/monoscript/fileName/UpdateReportListHeaderState.cs: 64a5bf775d221ad9a5ff8c78a1e0e1fa -> d6cbe54be2898ed2c96c2e79572c2e08
  custom:scripting/monoscript/fileName/LocksListView.cs: 8c6202774eebcf67be9c3b5a2926cc7c -> 7aa51ff93bcc98aa05dec8b46ec200c4
  custom:scripting/monoscript/fileName/DownloadAndInstallOperation.cs: b043b8d5921892e87f4566e00162cff6 -> 4f4065aeafda2af0ec272a3c228e27b2
  custom:scripting/monoscript/fileName/DayPicker.cs: 3336c9057b1563f28e3d9c3a4250f8bf -> 
  custom:scripting/monoscript/fileName/MigrationDialog.cs: 1a69d399f9c8aa816a053d285dd8bc5d -> 
  custom:scripting/monoscript/fileName/StartTrialResponse.cs: 4f89ea955d5f973884b90522d0e795e0 -> 
  custom:scripting/monoscript/fileName/ArtifactDragAndDropHandler.cs: e66449520ec138bdd53eec7634b6963c -> 
  custom:scripting/monoscript/fileName/BrushTool.cs: 0cdf409b5aa8d4c25876d72b5c6a3b60 -> 
  custom:scripting/monoscript/fileName/AsyncUtils.cs: 155ba1bf93fd0ef84c4a81a74ec7e9fb -> 
  custom:scripting/monoscript/fileName/BookmarkManager.cs: d9e8641b6dd9d08743ab96743bebf8d2 -> 
  custom:scripting/monoscript/fileName/AssetsList.cs: 31d86d36f93c653f8720ba0424fb6e4f -> 
  custom:scripting/monoscript/fileName/DiffTreeViewMenu.cs: 3e62bfc69ca7486976988e151b88922e -> 8039fc4ecf68b3e966e1f4822789e7fa
  custom:scripting/monoscript/fileName/GenerateLowerCaseStrings.cs: 8d64f621c9e8b7007dcbb267e8c822be -> 
  custom:scripting/monoscript/fileName/UnityStyles.cs: 3baa02211be39820dbbec2a866a726db -> a77bf4c43409620cb9527bf40c7b31b2
  custom:scripting/monoscript/fileName/HistoryTab.cs: 4d086984813cd90d6be245dd8e03a2ba -> d57f000c65fde42a2228c7a105a836e5
  custom:scripting/monoscript/fileName/HistorySelection.cs: 7c3afcf345a55e8b77ea41ca0f570218 -> 3d07a3d1241e204b5420d71f1137eba4
  custom:scripting/monoscript/fileName/CreateWorkspace.cs: 7b3086384e5ddcd73cd5064a3ce31cd2 -> 5256205b5cf0570b6f698c7abe518f5a
  custom:scripting/monoscript/fileName/ShowWindow.cs: c731454122754eec192bc3c53fac3d95 -> a6bb1d20733c178256b38974418d7450
  custom:scripting/monoscript/fileName/AccountDropdownContent.cs: 4eee64192f1486edf0f7c526c4614d1a -> 
  custom:scripting/monoscript/fileName/LocksListHeaderState.cs: b80c5f044f18764adef2e9dbea5f0fb1 -> c7fe4d3b5f954615048f8e79925d29e3
  custom:scripting/monoscript/fileName/Artifact.cs: f9b3ce1896376c81c396ae4c652fdc60 -> 
  custom:scripting/monoscript/fileName/TrainingRoundsContent.cs: 541d8113a84b8e005f2a6624d5989a8f -> 
  custom:scripting/monoscript/fileName/SVSquare.cs: 1b432deb87fac92f80a0fe99a56c4ff8 -> 
  custom:scripting/monoscript/fileName/CreateRepositoryDialog.cs: 1e1c5399cf3d0b071c7982c565a710ce -> 5cec3e66b09e0dbe1f805953c5c64af9
  custom:scripting/monoscript/fileName/SpritePreferences.cs: 60cded6df0fe684b8a08905a3ac238ff -> 
  custom:scripting/monoscript/fileName/ProgressControlsForMigration.cs: dafc8442bdd0dcb5e871e398f32473ec -> 
  custom:scripting/monoscript/fileName/RenameBranchDialog.cs: a3111a345c6451ee64cd16f1989c2313 -> e5c89c05c87517babb3730e87196a494
  custom:scripting/monoscript/fileName/SimpleImageArtifact.cs: 03f41fbc7b8afabc190bf9bab6e49edc -> 
  custom:scripting/monoscript/fileName/KeyCodeExtensions.cs: bc64d91ab9eab30889fb6bcd41dad5d0 -> 
  custom:scripting/monoscript/fileName/EncryptionConfigurationDialog.cs: 6423045767c07e6360ff314ec741c601 -> 19e9c54aff6ffc68d60fe11f80578947
  custom:scripting/monoscript/fileName/IApp.cs: 67d80403cf6549b9afa9c4656bcee33d -> 
  custom:scripting/monoscript/fileName/MuseModeAsset.cs: b9a420f824c31b3edcda0befabdedc15 -> 
  custom:scripting/monoscript/fileName/SubscriptionExpiredNotificationView.cs: a3fd2efc2c58564ef6bad16f60c918dd -> 
  custom:scripting/monoscript/fileName/ChangingEvent.cs: 52294d215f73118153766794d56d2473 -> 
  custom:scripting/monoscript/fileName/CheckinProgress.cs: 298ac58365579798eb3b4defc181ccaf -> 75b93dbc5ef307111f0647f735640420
  custom:scripting/monoscript/fileName/IMusePreferences.cs: abae60b8cbff56f74d04b9e75189e040 -> 
  custom:scripting/monoscript/fileName/Toggle.cs: 017904334519ba6715a1a15f6aaaacc0 -> fc59b554e8aca13c5f78dc9bb5f2dcbb
  custom:scripting/monoscript/fileName/GenerateOperatorUI.cs: 8b7f80ad8efd8c599e6417e8b8454481 -> 
  custom:scripting/monoscript/fileName/PageView.cs: b6575a0cd18fba497277a29259801e70 -> 
  custom:scripting/monoscript/fileName/TouchSliderFloat.cs: 3e57afb4e5b2b34607b95cbe35359ce8 -> 
  custom:scripting/monoscript/fileName/Modal.cs: ac4f1ddb04edb0dd87aee595e7480a25 -> 
  custom:scripting/monoscript/fileName/PendingChangesSelection.cs: 766664749a54eea9ecce5dff917430ef -> 1721ad72d074757364587c71b49d9382
  custom:scripting/monoscript/fileName/ArtifactData.cs: 2b8227e2d001a0449d584e15a3844f28 -> 
  custom:scripting/monoscript/fileName/Vector2Field.cs: 6b17e9437443e0cbb2f04b30e343c6d5 -> 
  custom:scripting/monoscript/fileName/Handler.cs: 37a2fd607c6ff4883384408b7183ae79 -> 
  custom:scripting/monoscript/fileName/StyleModelEditorUIEvents.cs: 3c685096cfeb812484068abc2178cceb -> 
  custom:scripting/monoscript/fileName/CanvasManipulator.cs: 51c58ff48bcc2da62ab8258b844bf1e9 -> 
  custom:scripting/monoscript/fileName/MuseModeImporter.cs: 056ea6e19325cb40b7a8ce2d477ebdbd -> 
  custom:scripting/monoscript/fileName/LongField.cs: e1e7f73a20df11b5b5836a08d4ef0814 -> 
  custom:scripting/monoscript/fileName/Utils.cs: 3cd63f9b3d347d889893c24790d5f1ed -> 40c528c300bfc0733192292a788cb076
  custom:scripting/monoscript/fileName/TextAreaCount.cs: 246c29ebce272a035a405afe611bd2d8 -> 
  custom:scripting/monoscript/fileName/LoadAsset.cs: 9042eb334fc462cf466672445be1d4c2 -> 5e4e082aa5b21c13b80eb237fe94d00b
  custom:scripting/monoscript/fileName/AsyncRelayCommand{T}.cs: a78b7dd3235f68e176b91d4ce37350d3 -> 
  custom:scripting/monoscript/fileName/Images.cs: 0b0c14141950fed99e3ef33199b3b4c9 -> fbdd1e600315d249327f3effde045c9d
  custom:scripting/monoscript/fileName/DrawLocksListViewItem.cs: ce3a3d64ec2d84c3556ffd4141efc4f7 -> 6201c4d50383e970d554210505562d37
  custom:scripting/monoscript/fileName/SpriteRefinerBackend.cs: 84bf89c12de06aee628b7f464eca7a0f -> 
  custom:scripting/monoscript/fileName/DrawProgressForOperations.cs: ea9179848be98ee7719316b39339ef29 -> b544f18e6532ba53bbd1b691fa5cd571
  custom:scripting/monoscript/fileName/TrackpadGestureManipulator.cs: 58b1136f367f60be8c53e52c844a3d03 -> 
  custom:scripting/monoscript/fileName/ClientDeprecatedNotificationView.cs: 353ae66bc3f592131011ced583c4dee0 -> 
  custom:scripting/monoscript/fileName/SliderInt.cs: 15d5dd9c532a4e4102831f3b424ae31e -> 
  custom:scripting/monoscript/fileName/ViewSwitcher.cs: 4df4bf16a6790d08087362d43c346234 -> dd1f6d6bc6ad5beda69b13cdb560799f
  custom:scripting/monoscript/fileName/SpriteGeneratorBackend.cs: 6bf3da9ab2fc01add511d63ba5dc7c5e -> 
  custom:scripting/monoscript/fileName/RepositoryListViewItem.cs: 2f16ba7694ec7934685021093e722c4e -> 3cabcd81911a2500dcd9e2b6ffae3f00
  custom:scripting/monoscript/fileName/InspectorAssetSelection.cs: 71ba78e42827a9b22a9a6016733d756f -> 4b3c1ae4c44d88205aef26229acfe022
  custom:scripting/monoscript/fileName/ISelectableElement.cs: 550dbbfaa6f508cb3e546e5270ea56a9 -> 
  custom:scripting/monoscript/fileName/UVCPackageVersion.cs: c4d95cb84d9d8dff4727eba6b0a64378 -> 
  custom:scripting/monoscript/fileName/IncomingChangesTreeHeaderState.cs: 67923e7c73743bbc0577bc7d884f3ba2 -> 9fcb97ef2da44c66332f5c6800c2e6ed
  custom:scripting/monoscript/fileName/TimeUtils.cs: 969b6b65df9eb2062c5034c63a4433d1 -> 
  custom:scripting/monoscript/fileName/KeyboardFocusController.cs: 2c23b93e7effc67939cfc047dfc68ea9 -> 
  custom:scripting/monoscript/fileName/WorkspaceOperationsMonitor.cs: 5f05751fd4d94e02e79a5bf200f98f9a -> 43dcc435c252a54bdaaf4d6588b7d66e
  custom:scripting/monoscript/fileName/BaseTextElement.cs: f0acf0cb60299ab3ab5a2958d337d80c -> 
  custom:CustomObjectIndexerAttribute: 9a22284fe3817be447336de3de66b15e -> 
  custom:scripting/monoscript/fileName/SubscriptionCallout.cs: 29787b3c50c2d1c4bbad7bcf14f95252 -> 
  custom:scripting/monoscript/fileName/DateRangeField.cs: 18a3081d423f9dd00074bdd2a1decfde -> 
  custom:scripting/monoscript/fileName/SampleOutputData.cs: 22897aa19694a789bc4585e82c2b289b -> 
  custom:scripting/monoscript/fileName/SessionStatusTracker.cs: d1bd15b3f52d6a967c41a0ae6696be12 -> 
  custom:scripting/monoscript/fileName/AvatarGroup.cs: 856ba944e1220d5eccc32d6f44f5fce6 -> 
  custom:scripting/monoscript/fileName/BackgroundExtensions.cs: 386ca0ce48d2373077577e9f234c43b8 -> 
  custom:scripting/monoscript/fileName/FocusControllerExtensions.cs: 3e28bd997a1bd462eec9a663b45883e4 -> 
  custom:scripting/monoscript/fileName/SpriteMuseArtifact.cs: 169af3c16476726535ea090295f9f19c -> 
  custom:scripting/monoscript/fileName/GestureRecognizer.cs: 69c54d4064c4fac5398cdf6a7d82738d -> 
  custom:scripting/monoscript/fileName/UIToolkitHost.cs: 5ddc88fbbd5f6c588fe3a6491f51af09 -> 
  custom:scripting/monoscript/fileName/UndoCommand.cs: 84bd278cfab2b81c7d20ce863ce8a773 -> 
  custom:scripting/monoscript/fileName/MacOSConfigWorkaround.cs: 8634a542fc5c45ea8cd9a8244bf2c871 -> 9fe61e763da506601651f6c451cecb0a
  custom:scripting/monoscript/fileName/IncomingChangesSelection.cs: 281fe0b171b5382d8cd906c4490e5804 -> d86f9f4463e6f9d99bb815e1f018ccf1
  custom:scripting/monoscript/fileName/AccountStatus.cs: a31543dc3392e6c786f25ead659fdd93 -> 
  custom:scripting/precompiled-assembly-types:Unity.Muse.AppUI.Undo: 90c4760754dea85555fa42533ea09da1 -> 
  custom:scripting/monoscript/fileName/SerializedHashSet.cs: 90647cc400823b41df847a6cbfc29026 -> 
  custom:scripting/monoscript/fileName/Text.cs: 1b125045ab42deab9337829e89569121 -> f3cd2527cc0cf233b21b58a0a7d6ebc9
  custom:scripting/monoscript/fileName/ICache.cs: 90647cc400823b41df847a6cbfc29026 -> 
  custom:scripting/monoscript/fileName/DefaultTextureExporter.cs: 6e9bc6f59a9b59ee880ee1fb7a5cce7c -> 
  custom:scripting/monoscript/fileName/SampleOutputPromptExample.cs: a795a77ce31794a73cb2faffe136be7b -> 
  custom:scripting/monoscript/fileName/TaskExtensions.cs: e5efce602ba92c639819dd2bae61750f -> 
  custom:scripting/monoscript/fileName/Optional.cs: 5e2ab9cfe81e04de31d18dbafae66b8c -> 
  custom:scripting/monoscript/fileName/PlasticProjectSettingsProvider.cs: cef4f9742a881d06eb679f9d361242a3 -> 8c4ae1aeb34c51d2a5a8924265075ff2
  custom:scripting/monoscript/fileName/AssetMenuItems.cs: 9ce81cedb8e568c6b7b646aa6263645b -> 
  custom:scripting/monoscript/fileName/AnchorPopup.cs: 44ef4c6c726e4a1804f6d0c83e493e3e -> 
  custom:scripting/monoscript/fileName/ToolConstants.cs: a088b027c7b0922429c756f12b0507ea -> 3b0d2490617bc7f94a0bdab65a399e1d
  custom:scripting/monoscript/fileName/AbstractSelfRefreshingCacheWrapper.cs: 90647cc400823b41df847a6cbfc29026 -> 
  custom:scripting/monoscript/fileName/UsageResponse.cs: c0592b045a5c3e090f870b45c3f76b9b -> 
  custom:scripting/monoscript/fileName/ColorSwatch.cs: d6d756065a06eb0db3d1f414d0f5f0f2 -> 
  custom:scripting/monoscript/fileName/Platform.cs: 8c46423eaf5fd1fa52c3d92f1a9e30ab -> 
  custom:scripting/monoscript/fileName/GetSelectedPaths.cs: 02423a81496d6c63598b5cdc203f4354 -> be35dd49dddd53fc840b9febf21b4d0d
  custom:scripting/monoscript/fileName/TokenExchangeResponse.cs: 0dd9138dbeab6f132711a5b608de5c13 -> f20183d4cf939766d3c1e15cc3bec2e3
  custom:scripting/monoscript/fileName/ExperimentalProgramChangedTracker.cs: 4598bec9764a10141ec9916b6d4b787c -> 
  custom:scripting/monoscript/fileName/ChangesetsTab_Operations.cs: eca44847b108faefa69f8c525242c965 -> 3290c4c0cd248666e01a08ee6d621249
  custom:scripting/monoscript/fileName/Tooltip.cs: 02ca485cb24f1d508c09d3d0ff6a5982 -> efbd10c978725fde614599dc839eb715
  custom:scripting/monoscript/fileName/OverlayRect.cs: 59d6887e4803f8a44ffaa0409470e410 -> 
  custom:scripting/monoscript/fileName/ConfigurePartialWorkspace.cs: 309d4276b0164b05348aedbd51cc0b2f -> 10fcc6b6d43dd5ed36c43c6f7b5906c4
  custom:scripting/monoscript/fileName/VisualElementExtensionsBridge.cs: ec369d36c6468c97e130328c90e933ce -> 
  custom:scripting/monoscript/fileName/ValidRepositoryName.cs: 43c262be3f66a970816e3d3a3ee8872a -> 56bcf92a3678f6ad6215cae2e4914cfd
  custom:scripting/monoscript/fileName/Vector3Field.cs: 09c662da12b61f0e60a1a72c1ad65484 -> 
  custom:scripting/monoscript/fileName/SpriteGeneratorSettingsOperator.cs: 6e3ddac79652e84170610f2a2e0c4d5e -> 
  custom:scripting/monoscript/fileName/TouchSliderInt.cs: 8342ec31db7f867f98fe73e71fb25340 -> 
  custom:scripting/monoscript/fileName/PanelExtensionsBridge.cs: 5ae73243ab5212c82fc6c5c257483cd7 -> 
  custom:container-demuxer-webm: 4f35f7cbe854078d1ac9338744f61a02 -> 
  custom:scripting/monoscript/fileName/UndoStack.cs: f2a7a896a3eb43f16c36c3ace5ee0903 -> 
  custom:scripting/monoscript/fileName/AccountUtility.cs: 4a5fe01e813df741308fab2fbbeb902f -> 
  custom:scripting/monoscript/fileName/GetPlasticShortcut.cs: 2a84c035152261f00e7e66eb44cd0ffa -> 5c2b7bf07ddd2284efc64b09ef0f1f72
  custom:scripting/monoscript/fileName/VersionCheckTask.cs: c676fa93c50f9db1805f03cebbaa3105 -> 
  custom:scripting/monoscript/fileName/GuiEnabled.cs: 1b1658fd7715b5cc664c10a130c6b629 -> 7bb13fcc8d8cbd392e00f7232841f086
  custom:scripting/monoscript/fileName/FeedbackManager.cs: 1ebd3b7a4415ad0d311cd77eac0e15c1 -> 
  custom:scripting/monoscript/fileName/Drawers.cs: c785ed4942098e751ced76453e8d4c1f -> 
  custom:scripting/monoscript/fileName/BuildPathDictionary.cs: 943911b84162d26cea47f964f9a0a399 -> 9fabc7cc73fcfc50b8a3307c6aa6ec4d
  custom:scripting/monoscript/fileName/FindEditorWindow.cs: 2bb64182aef631315344623cf583c78a -> 8c3c78bb7e82ac5008f8a2b8a0d68cff
  custom:scripting/monoscript/fileName/ObjectUtils.cs: 4fd3929bdf9a1e1e0030f700f0e79eb8 -> 
  custom:scripting/monoscript/fileName/Texture2DExtensions.cs: 2bf942fe70866dac1f9e913650fab5b1 -> 
  custom:scripting/monoscript/fileName/DrawProgressForViews.cs: c153245b67af73b7ee03f693a1127796 -> 068a172cb549ad77d9873d721698bd0d
  custom:scripting/monoscript/fileName/SampleOutputVersionRow.cs: 298873222f83390232355adadae7e1be -> 
  custom:scripting/monoscript/fileName/StartTrialRequest.cs: 6b8cb74dbc4afb801e1fa00cf68fbdb6 -> 
  custom:scripting/monoscript/fileName/IOperatorAddHandler.cs: dc8103e14f76aadee5a0ebb8a7464f73 -> 
  custom:scripting/monoscript/fileName/UpdateReportDialog.cs: 706e7e86547c339cdb3a4462e3f7a54d -> 087837d8f73228f1a817d0de82c77260
  custom:scripting/monoscript/fileName/HistoryListView.cs: 527da2d093462f1c4a278d6957e7d5ac -> 7b2d1d2c12ab43d9d244e35197127919
  custom:scripting/monoscript/fileName/RetrieveDefaultStyleTask.cs: 7ccfecca194d13e5f9362b45aead0523 -> 
  custom:scripting/monoscript/fileName/AssetTargetField.cs: b0f499b9caf1456ffbe3eb6bf0f204c0 -> 
  custom:scripting/monoscript/fileName/ChangeTreeViewItem.cs: e3d78a2bee9cc81382a4cb8578dc4fb0 -> b0a38ce0a620643c776a3db4fd91bc4c
  custom:scripting/monoscript/fileName/DateRangePicker.cs: 8d5e43f6351a5491058c70c73c6e5764 -> 
  custom:scripting/monoscript/fileName/BaseSlider.cs: 0cdf409b5aa8d4c25876d72b5c6a3b60 -> 
  custom:scripting/monoscript/fileName/ClientStatusRequest.cs: d7116851b0af3916e0de23bee73945f9 -> 
  custom:scripting/monoscript/fileName/GlobalPreferences.cs: f1f6286dcc811ce5819558867abf8414 -> 
  custom:scripting/monoscript/fileName/AccountInfo.cs: a6eecfd9eb4ce59620bf9573a08812ac -> 
  custom:scripting/monoscript/fileName/ControlNetGenerateRequest.cs: c1242a9adc4f69f0a5c367461591d60a -> 
  custom:scripting/monoscript/fileName/BringWindowToFront.cs: 88b20f2a2881db6a013f54923d68cdee -> a30c7c1ba746c6d277a5aedd3057d15e
  custom:scripting/monoscript/fileName/ServerConfig.cs: 007537d1aaca1dea14b2594125e38207 -> 
  custom:scripting/monoscript/fileName/SplitViewPaneCollapsedEvent.cs: 48a706f8d96743963653e5f96f4a2489 -> 
  custom:scripting/monoscript/fileName/RectField.cs: d14c37cd497b121aa9c60eb568c940cd -> 
  custom:scripting/monoscript/fileName/Chunk_tEXt.cs: 35e653231bbafc7536c57eb63ecb05cd -> 
  custom:scripting/monoscript/fileName/LaunchCheckinConflictsDialog.cs: 4417eba1591eccb2221bfdce0106c1e0 -> e2c1e3f8f4e14a62e4363fe6259adbc2
  custom:scripting/monoscript/fileName/Panel.cs: e7d27ab93edbfa2b8581c2361506daff -> 
  custom:scripting/monoscript/fileName/UnityObject.cs: 508786b4d8395f87febfd22c86f8828d -> 
  custom:scripting/monoscript/fileName/ParseArguments.cs: 03c1a4d7e357164ca313a0019713c3db -> ae915d9f5fe287ced40627c9ca8bfafd
  custom:scripting/monoscript/fileName/ExternalLink.cs: 7eb9650651b43fb98c07816e49275ba9 -> a8ff952d8c27d10f226ab92b7aa83b69
  custom:scripting/monoscript/fileName/WaitingSignInPanel.cs: 247680fcfc6a176b9fa28a3df600a754 -> 7585e1c7111b6b900784e6d1c9454258
  custom:scripting/monoscript/fileName/ICanvasTool.cs: 012b86214b80934bb2b9ce7a93591b32 -> 
  custom:scripting/monoscript/fileName/TestingHelpData.cs: 0d1f98ae9b6fa0253523889fad413adb -> 
  custom:scripting/monoscript/fileName/OperationProgressData.cs: 0db72349eeecbe9449a517b1d79cc760 -> 15f68712baaea535af36d9e0333c0a6e
  custom:scripting/monoscript/fileName/ExternalLinkMenuItem.cs: 23530011005c4434a25ddf2167e5b34a -> 
  custom:scripting/monoscript/fileName/ServicesCollectionExtensions.cs: d177dd596a6cfe0290b20f9cf6b22d0a -> 
  custom:scripting/monoscript/fileName/PinchGesture.cs: cdd2d4ea9ed0a448dc676e483f74e33c -> 
  custom:scripting/monoscript/fileName/RepositoriesListHeaderState.cs: c0353a1af15ae4fd3d5a2a3cac816423 -> fb71b961ab7c924511a6b0e8680b60ee
  custom:scripting/monoscript/fileName/TextToImageItemRequest.cs: f6d3179c46f42b42a71ae0053f7f72d0 -> 
  custom:scripting/monoscript/fileName/StackIndicator.cs: f711fef9166a824dc71a6e80a46ef66a -> 
  custom:scripting/monoscript/fileName/ClientDiffTreeViewItem.cs: 56be9d3aa410e770e75de2d8b93be89d -> 43bdd7aa5bf1aa039a5b572c119c38d0
  custom:scripting/monoscript/fileName/ClientStatus.cs: 9056ded828cbe92c0cb28adadd2c0606 -> 
  custom:scripting/monoscript/fileName/CreateWorkspaceView.cs: c40bc4c8524ef3e2374ef997beb2e4a6 -> 9ae2295080d141c0f12d02a71014e11c
  custom:scripting/monoscript/fileName/CommandLineArguments.cs: 0d20ca25f94249586a7c1484c469d8a2 -> 48a62ad3f817c0269ea7fc4a53799594
  custom:scripting/monoscript/fileName/NetworkNotificationView.cs: ff7afcebb6c381a93c69345000c49c8e -> 
  custom:scripting/monoscript/fileName/DownloadRepository.cs: 46fc68d9cc4da8e8ed765ff28b2dd438 -> 5bad8d3f76a3fcb41a94637e37c11ab0
  custom:scripting/precompiled-assembly-types:UltraLiteDB: a4536179d4e722c80ce4b464dccf6a50 -> 
  custom:scripting/monoscript/fileName/ParentWindow.cs: 2476d8a6ba9c3055f984ac9792cae61a -> d6aa079e592e01701c5baa3ab98898bc
  custom:scripting/monoscript/fileName/OperationParams.cs: 091a140b35535b91c773ddf98925322d -> 3312c7a4424a66ffbf2f88f056f329aa
  custom:scripting/monoscript/fileName/TextFieldExtensions.cs: 7efb6ce12656100110538ee0fafe2876 -> 
  custom:scripting/monoscript/fileName/IControl.cs: 28bf27fcbc3918495f7363c219f5d509 -> 
  custom:scripting/precompiled-assembly-types:Unity.Muse.Sprite.Common: 8eebeddf6e23be20804381c76d824c3d -> 
  custom:scripting/monoscript/fileName/Heading.cs: a16c68fa00c01f804b13f9452b287284 -> 
  custom:scripting/monoscript/fileName/ImageOverride.cs: 879be216ecf9cf4cec0fe9f1c19b0302 -> 
  custom:scripting/monoscript/fileName/IAnalyticsData.cs: cd0ff3d6b4d339cb6972d1eb5be477c9 -> 
  custom:scripting/monoscript/fileName/SignInWithEmailPanel.cs: a5823728eb62cf6dbd8c933c1cb26f53 -> 6e8957c0ed7609303e68389067e72d72
  custom:scripting/monoscript/fileName/ContextChangedEvent.cs: 90647cc400823b41df847a6cbfc29026 -> 
  custom:scripting/monoscript/fileName/SliderBase.cs: 0cdf409b5aa8d4c25876d72b5c6a3b60 -> 
  custom:scripting/monoscript/fileName/Utilities.cs: 09f0e0edaa1a2a592528d4ee11740803 -> 
  custom:scripting/monoscript/fileName/NumericalField.cs: 0cdf409b5aa8d4c25876d72b5c6a3b60 -> 
  custom:scripting/monoscript/fileName/GenerateAnalyticsData.cs: 3d3424b80ee31ca6df1d0ffca2eef719 -> 
  custom:scripting/monoscript/fileName/ArtifactComparer.cs: 50988d3e62d0157bb981f1848f3d6cb1 -> 
  custom:scripting/monoscript/fileName/LaunchInstaller.cs: f9b7c99441bc32980ce9b95be066824b -> b75efdf5909b501e06cacd9c66f75981
  custom:scripting/monoscript/fileName/PngMetadata.cs: 3648d1d1b8822c750e60d6d9f7b6437a -> 
  custom:scripting/monoscript/fileName/AvatarImages.cs: ea6dca998cf0ec5122553a9e010ef687 -> 3aa8c25a350843151ec4070c820c411a
  custom:scripting/monoscript/fileName/AsyncThunkActionCreator{T,U}.cs: 90647cc400823b41df847a6cbfc29026 -> 
  custom:scripting/monoscript/fileName/ServiceDescriptor.cs: 2586fb8ba53c7794e33a539f04b7ecb0 -> 
  custom:scripting/monoscript/fileName/Breadcrumbs.cs: b9a221ac08089146c355402840a63981 -> 
  custom:scripting/monoscript/fileName/DrawHelpPanel.cs: 58c832ce9ea1a11e2724de5dd46ca0cb -> 
  custom:scripting/monoscript/fileName/DrawUserIcon.cs: 2f65feb9bed897237f97fbf9c5479092 -> 7d5385bf780ae84e648a8b49f8fe0825
  custom:scripting/monoscript/fileName/ExploreWindow.cs: 9c0beea6d7c242ec9c43321ff5d0cf44 -> 
  custom:scripting/monoscript/fileName/MuseProjectSettings.cs: f6bfc58722c0bef559f10b25da829363 -> 
  custom:scripting/monoscript/fileName/AssetStatus.cs: b9ea657347f2c22e8e401cdb256c516c -> e017010009bdb28bcb0d7d8ef05e7dd9
  custom:scripting/monoscript/fileName/BranchesListView.cs: 334a3fb302f855f71fb71520fb442a71 -> 3f5ed9fe5a1bca512014ae1600ee1666
  custom:scripting/monoscript/fileName/DrawGuiModeSwitcher.cs: 363adc150c5f1c5059a678f179906090 -> d3be34a3134d3fe80ef6b14d0d519128
  custom:scripting/monoscript/fileName/IInpaintArtifact.cs: 71710b84521c09da603d6f610d632e8f -> 
  custom:scripting/monoscript/fileName/DefaultStyleData.cs: f107dc8d7d955fb03d1c0c3f0e07ea88 -> 
  custom:scripting/monoscript/fileName/Pressable.cs: ecc7fce147591205ea46c279670392ed -> 
  custom:scripting/monoscript/fileName/ServiceProvider.cs: 585a79ab47dd4bdc2641355277c4bb84 -> 
  custom:scripting/monoscript/fileName/UnityMenuItem.cs: 5f445176ad3735e69769d93250663be7 -> 73f3c859f1b5092ad362c09e23b3a922
  custom:scripting/monoscript/fileName/WebRestApiClient.cs: c0bdde7ff9e25b1ad06e078e6d9b2fe0 -> 746756fd499dddd02a4e7ccdbac48be3
  custom:scripting/monoscript/fileName/GenericLoader.cs: e1fa4e0d631497395ff28f361b27ae1f -> 
  custom:scripting/monoscript/fileName/TextField.cs: 27b8e2d765b2a044de50e0789c8d472f -> 
  custom:scripting/monoscript/fileName/ArtifactCache.cs: b88f9181a4477b01f1fabac4cee659a5 -> 
  custom:scripting/monoscript/fileName/TextureUtils.cs: 96c52c9335cfe3a7c581206bf4bd5190 -> 
  custom:scripting/monoscript/fileName/Progress.cs: 7fd32468eca0fb3d9196b2ee9ce33d83 -> 
  custom:scripting/monoscript/fileName/EditorFactoryRegister.cs: 0baddd38abcf103706b8f94fddb3e44d -> 
  custom:scripting/monoscript/fileName/IUIToolkitHost.cs: 86bb7925232ce352b3beae83884edafe -> 
  custom:scripting/monoscript/fileName/Link.cs: a604654c6a55510100b9ec850d60965b -> 
  custom:scripting/monoscript/fileName/IncomingChangesTreeView.cs: 78411a54601a32b278de0dd7d80f8670 -> 96479648d4498738733254eb4e4c6fb5
  custom:scripting/monoscript/fileName/GenericProgress.cs: 11287c7d038c487f32d0c8edc476a32d -> 8492ec26f01fc248d3eb3c2f5b3b6c0f
  custom:scripting/monoscript/fileName/ThirdPartyDialog.cs: b9fd89df3c96090c2136db7f708a4926 -> 
  custom:scripting/monoscript/fileName/DebugConfig.cs: 911a8027ed6925e28ba42c6639aeed57 -> 
  custom:scripting/monoscript/fileName/CanvasBackground.cs: 1a5e02a5093a6b0acb21a1340832dd51 -> 
  custom:scripting/monoscript/fileName/SpriteTextureDropManipulator.cs: 65dd243619523b490574e56c0a7688f3 -> 
  custom:scripting/monoscript/fileName/MergeCategoryTreeViewItem.cs: c1ecd9dc0cd73eb7eb129994dedc1a91 -> 6bd59fcbfeafe06987a54631991d755b
  custom:scripting/monoscript/fileName/UpscaleOperator.cs: c8f680caca627842632169b5226ea2c2 -> 
  custom:scripting/monoscript/fileName/CheckinDialog.cs: 1709b78fae1329cc05fd4f39334b25f5 -> 702fdb8d0a3b4bfcb9ba109e71325cad
  custom:scripting/monoscript/fileName/ProcessCommand.cs: 2cc3b6e2a763c7f353b474b6904b45a6 -> 
  custom:scripting/monoscript/fileName/StyleTrainerConfig.cs: 478a647c1b8f7e7cab6b229b88339ed8 -> 
  custom:scripting/monoscript/fileName/SignInController.cs: 28bdc22b3b4ee913c93e5c55da9130db -> 
  custom:scripting/monoscript/fileName/SortOrderComparer.cs: 8f6297df34271fdb1ce2d9607ec6261d -> 90647cc400823b41df847a6cbfc29026
  custom:scripting/monoscript/fileName/MuseToolbar.cs: 1e77ae6d5a9783d0ad66e76460888b2a -> 
  custom:scripting/monoscript/fileName/GUIActionRunner.cs: 69af7de0762ed6d085feb4cc4b5101b3 -> 4a0608de635b0d82868d57923d68eff7
  custom:scripting/monoscript/fileName/PlasticMenuItem.cs: 30c3a785b4c2607e2ae9aad693d5f604 -> 
  custom:scripting/monoscript/fileName/Chunk.cs: cca47b98fd785b592b1c7cd06ff9c138 -> 
  custom:scripting/monoscript/fileName/Toast.cs: 2a5099e05a183c4d8fec79a577fc0ba1 -> 
  custom:scripting/monoscript/fileName/StyleModelInfoEditorContent.cs: bb13f71cff2203d3e54ac5161860cfad -> 
  custom:scripting/monoscript/fileName/PendingChangesTreeView.cs: f3722f38014385705913f17dbe0f90c1 -> 17142d220a0a50a3f3d184c4718a0da7
  custom:scripting/monoscript/fileName/AsyncThunkAPI.cs: 90647cc400823b41df847a6cbfc29026 -> 
  custom:scripting/monoscript/fileName/VCSPlugin.cs: 69c1b7249af35f35848ae707bd5e7113 -> 
  custom:scripting/precompiled-assembly-types:Unity.Muse.Common: 559ec084372ffb0950c1bd63a9dfa69b -> 
  custom:scripting/monoscript/fileName/GetClientDiffInfos.cs: 4ae14b15e2cf5177a84735548a44cdc9 -> f8db8e637ded2d5e935a953a13b85ebe
  custom:scripting/monoscript/fileName/DrawActionButtonWithMenu.cs: d7f31944358aed2f3ed3982246fca039 -> 8d4f5edd02a1dd0f38c4f2baf5ee8a33
  custom:scripting/monoscript/fileName/ErrorListViewItem.cs: a9f229dd6829be37e3d3d11493cd30e3 -> 509edc26860f8be303ec97d68aabc30d
  custom:scripting/monoscript/fileName/PaintingManipulator.cs: 8629e97bbeada2ad9ff6af39fa4c2fe3 -> 
  custom:scripting/monoscript/fileName/RefineAssetView.cs: fb91b173b042104d8014e62834376cc9 -> 
  custom:scripting/precompiled-assembly-types:Unity.Muse.AppUI.Redux: 85e2c978c7ce0b0575f4da810cbdbcd4 -> 
  custom:scripting/monoscript/fileName/StatusResponse.cs: e54c13d0ac064896784dae66ff9ae6da -> 
  custom:scripting/monoscript/fileName/IMuseEditorPreferencesView.cs: a6a18b547ffb714d29188fb3f80a933c -> 
  custom:container-muxer-webm: aa71ff27fc2769a1b78a27578f13a17b -> 
  custom:scripting/monoscript/fileName/EditorProgressControls.cs: b1f133fa38afd918d537a72574fc93a0 -> 2e606eb01a6e6a567f3de9a0379ed3ae
  custom:scripting/monoscript/fileName/ActionTriggeredEvent.cs: e821cdcaeb920d67ed7e723f7e777fd1 -> 
  custom:scripting/monoscript/fileName/Tray.cs: 7a711dd19bb9244677b132d499910d5d -> 
  custom:scripting/monoscript/fileName/ServerConfigEditor.cs: 027019688d54fdf90089cfa95b215a10 -> 
  custom:scripting/monoscript/fileName/BranchesListHeaderState.cs: d47f1164fa7093137db851c4c16ffba3 -> 82eab21603f4efc696334ee80641c2c9
  custom:scripting/monoscript/fileName/App.cs: 212c2c32b36ffbd7fb64014716abc66c -> 
  custom:scripting/monoscript/fileName/DrawSearchField.cs: b11b864a92c7d76f85d4ec87d6faf61c -> 3de70beba9f4447205d50241d95b066a
  custom:scripting/monoscript/fileName/PendingChangesTab.cs: c99065f3c85ec85c85ece2a1a30665af -> 15ae6787065f4af65778e981f418a60b
  custom:scripting/monoscript/fileName/HelpPanel.cs: 625fbcc6029d5fe5cf4aa833f68adb0c -> 
  custom:scripting/monoscript/fileName/ArtifactExporterFactory.cs: 9b2965a9f912ed2b720f5d5088dd546a -> 
  custom:scripting/monoscript/fileName/SampleOutputUIEvents.cs: 546fe1a3fe8c6ef519d4713fe345afaa -> 
  custom:scripting/monoscript/fileName/BuildGetEventExtraInfoFunction.cs: 1308a6936e8051866a117b3b7c2c7b77 -> 74bfc8c01f931108a3c2b127aa04cc8d
  custom:scripting/monoscript/fileName/LoraOperator.cs: 0bafeef1415bae1ead90bec092cc3c55 -> 
  custom:scripting/monoscript/fileName/DragAndDropFactory.cs: 8362683d86540d73627ba60688706621 -> 
  custom:scripting/monoscript/fileName/Pane.cs: 4c634aa9bd3c3f5304f33e132dab44bd -> 
  custom:scripting/monoscript/fileName/Button.cs: b2931094fcc1603d87a3a21fd937e886 -> 18874d3cd8f6e3668320e6beabdb6cbc
  custom:scripting/precompiled-assembly-types:Unity.Muse.AppUI.InternalAPIBridge: cfd5be5885e69da966b269ba8c733bf2 -> 
  custom:video-decoder-webm-vp8: 9c59270c3fd7afecdb556c50c9e8de78 -> 
  custom:scripting/monoscript/fileName/WelcomeView.cs: 07e35bfe1faa2c52c049eb30958acd54 -> f06c185659ea2f4a75f9397861dc6096
  custom:scripting/monoscript/fileName/IUpscaleArtifact.cs: 8cb81b592ecad799f262821a092a0542 -> 
  custom:scripting/monoscript/fileName/GenerationService.cs: 66114e6dfe3a7248c98daf662898681b -> 
  custom:scripting/monoscript/fileName/FieldLabel.cs: b472c6903c090bce756588b81f72fefd -> 
  custom:scripting/monoscript/fileName/HelpFormat.cs: 92b36f6584b3d7ccdc99b0ae4e152c53 -> 
  custom:scripting/monoscript/fileName/AsyncThunkOptions.cs: 0839f0fab552382e336c9612735c5dc8 -> 
  custom:scripting/monoscript/fileName/EnumerableExtensions.cs: 5151b56054fbd041e477fa284e69380c -> 
  custom:scripting/monoscript/fileName/PlasticApp.cs: c440a0fb380601a77ad475d6c15d4fa1 -> c57de230d90beac7b586f10b9c7c6cb5
  custom:scripting/monoscript/fileName/ChangesetsTab.cs: ef408d8aaf89e01b17643ed0c836680d -> 46dde8f7856048792ad2e75490bb8c5e
  custom:scripting/monoscript/fileName/IRemoveBackgroundArtifact.cs: 6b63c5b153f97ace3d36fc38006ba3a0 -> 
  custom:scripting/monoscript/fileName/DrawProgressForMigration.cs: 0390721ecd322e9ab47db03bd0f98a12 -> 
  custom:scripting/monoscript/fileName/DeleteBranchDialog.cs: efbbc070bfeda2b746e8b15a4380cb26 -> 8549b0fc52962c89115fd78724fee578
  custom:scripting/monoscript/fileName/IncomingChangesNotification.cs: 5d73d1f1a99af71ddd954044bdf322d2 -> caa8ea2c7336b9227381f0971759e01a
  custom:scripting/monoscript/fileName/DrawTreeViewEmptyState.cs: d4c16fd6aad8161eda7d99fd74cbb08e -> 
  custom:scripting/monoscript/fileName/OperatorRegistration.cs: a25ffafbc25d2314cc88ac8cef29cd79 -> 
  custom:scripting/monoscript/fileName/ErrorsListView.cs: 7cfd18bb17e557401eb4aa1ca93dbfd5 -> cd35171982f17897dd5148dda46e0956
  custom:scripting/monoscript/fileName/UnityPendingChangesTree.cs: fd6f0a038401268983bd9328d10dec93 -> f391d9a00dc9e202cee4d4ebcf6d21c0
  custom:scripting/monoscript/fileName/BaseArtifact.cs: e1000af842861c85a9c19ee1cfd234fc -> 
  custom:scripting/monoscript/fileName/LoadingTask.cs: 0c30658e9d080b52264eb809847462ed -> 
  custom:scripting/monoscript/fileName/StyleModelListItem.cs: 813f0d88f020b50344146e7911e292ef -> 
  custom:scripting/monoscript/fileName/MenuSection.cs: 1a583c84b39a86fac1bcda305190bc57 -> 
  custom:scripting/monoscript/fileName/Drawer.cs: 5c66ca509fb82aae8c8846febc112182 -> 
  custom:scripting/monoscript/fileName/RangeSliderInt.cs: 4b8a618f6055514ee9d7eb7e0e73a6b4 -> 
  custom:scripting/monoscript/fileName/ServiceCollection.cs: b8e5a595d699aff8877f7359456008d7 -> 
  custom:scripting/monoscript/fileName/EmptyCheckinMessageDialog.cs: e95636a2119dec4d0c1f323f7ba65603 -> 
  custom:scripting/monoscript/fileName/IntField.cs: d093d2abc62bd9a6506506f5e9f94e9b -> 
  custom:scripting/monoscript/fileName/PlasticDialog.cs: b0aae1bf1889af041741f324070b7b84 -> 63a17a2b696bc2a13c9046aa16f8cea4
  custom:scripting/monoscript/fileName/SearchBar.cs: 0200d9dbae6250c7ba578b5902232c7a -> 
  custom:scripting/monoscript/fileName/InpaintingItemRequest.cs: 07ff3afdd00f75bc58a717365b431abd -> 
  custom:scripting/monoscript/fileName/MemoryUtils.cs: c0a8b93219c4b1948c28fd1fbb532b45 -> 
  custom:scripting/monoscript/fileName/GuidItemRequest.cs: 3315912074e8dd573d76e15943eee263 -> 
  custom:scripting/monoscript/fileName/MenuTrigger.cs: 04c9fa66d7546b7535e0c372e7119d1c -> 
  custom:SearchIndexIgnoredProperties: e643bd26f0fe6173181afceb89e7c659 -> 
  custom:scripting/monoscript/fileName/DoodlePadManipulator.cs: bf192b20c0e301c9915176d623ed122d -> 
  custom:scripting/monoscript/fileName/KeyImageUndo.cs: b36b70070aeaa7f5ad98f0f705aaafc4 -> 
  custom:scripting/monoscript/fileName/SystemEvents.cs: c99afc5f2ad2c14a86a75ee0646a3b57 -> 
  custom:scripting/monoscript/fileName/AutoRefresh.cs: 9d30d5d3f0e8985355be1ab597da1dbb -> 0a8afde180a876655ad16caa14493409
  custom:scripting/monoscript/fileName/ColorField.cs: 31872cfea295c7b3d4114e1df0d1c3fa -> 
  custom:scripting/monoscript/fileName/Stepper.cs: ef3429fdb0e6ddc754bcbb2729969f38 -> 
  custom:scripting/monoscript/fileName/Texture2DDropManipulator.cs: faaf0fbf0602f32ab2e566f5fcf8db60 -> 
  custom:scripting/monoscript/fileName/PlasticPluginIsEnabledPreference.cs: 7953272c37f4a828a3d1096e7479f346 -> 
  custom:scripting/monoscript/fileName/ToolRegistration.cs: 05eec62e9ed0e5b68abed1743f542d4a -> 
  custom:scripting/monoscript/fileName/UIModeRegistration.cs: 7cce35454b243ea4cf8c577787a356a0 -> 
  custom:scripting/monoscript/fileName/HelpData.cs: 9293e68e835820b452391937547d1531 -> 
  custom:scripting/monoscript/fileName/Dragger.cs: 182e8f02e8857de32f667d13d420a072 -> 
  custom:scripting/monoscript/fileName/GetRelativePath.cs: 9b16eb2de9e98b392077181cc34243c1 -> ab04ae5e0cafb93ebf5c96148bb52df0
  custom:scripting/monoscript/fileName/UnityEvents.cs: 253411328de37811883aded592b97268 -> c830e584565fcd66ca0d5a23ad8b9bd6
  custom:scripting/monoscript/fileName/OrganizationDropdown.cs: 3c95d1500889f53ae9c954f0b8de08e6 -> 
  custom:scripting/monoscript/fileName/WindowMenuItem.cs: 0cb50e9f008052d218cabefa24d27744 -> 
  custom:AudioImporter_EditorPlatform: d09bf68614088b80899f8185d706f6e7 -> 
  custom:scripting/monoscript/fileName/SampleOutputTrainedView.cs: 937eb13f12dbcea012d0859e7cd71714 -> 
  custom:scripting/precompiled-assembly-types:Unity.Muse.StyleTrainer: 8d66a6457d5265a2b7e7982f809c02f3 -> 
  custom:scripting/monoscript/fileName/ColorPicker.cs: 45940f1accfa39b8fb55ad9d157ce6eb -> 
  custom:scripting/monoscript/fileName/AccountDropdownWindow.cs: a33f56b937fd0adc97b5ff1c4ffeb000 -> 
  custom:scripting/monoscript/fileName/DockEditorWindow.cs: 581124d5e19667105f2446d6dfbf7982 -> a9e5e467234133af999283610b6e84e6
  custom:scripting/monoscript/fileName/Scrollable.cs: 8ec7ae9812f1a114ac91fbf32f4cebe3 -> 
  custom:scripting/monoscript/fileName/ColorToolbar.cs: 96923e6da6120f579a224f7246cab420 -> 
  custom:scripting/monoscript/fileName/Avatar.cs: 8a016dcb257e2d72937135a10fec2330 -> 
  custom:scripting/monoscript/fileName/DataOpInDialog.cs: 69f4fb06f82ae1e2636cc50964feb500 -> 
  custom:scripting/monoscript/fileName/CloudContextFactory.cs: c7ad3d18b1424fd8a57623e4962b184a -> 
  custom:scripting/monoscript/fileName/TrainingSetUIEvents.cs: 8a91337b896321c8b9deb4926749f2e0 -> 
  custom:scripting/monoscript/fileName/MultiArtifactDragAndDropHandler.cs: c3a93436904503a08bc378a513458658 -> 
  custom:scripting/monoscript/fileName/BranchesSelection.cs: 7eb1fcb556f0fad697e4ec9d989be099 -> 33b36e7b03910960966036894ec90c7c
  custom:scripting/monoscript/fileName/Builder.cs: 0cdf409b5aa8d4c25876d72b5c6a3b60 -> 
  custom:scripting/monoscript/fileName/AsyncThunkOptions{T}.cs: 0839f0fab552382e336c9612735c5dc8 -> 
  custom:scripting/monoscript/fileName/AlertDialog.cs: f53159e52163caa1ddbe8d7e2c95f739 -> 
  custom:scripting/monoscript/fileName/TrialNotificationView.cs: 88113aa24d5443fe73350b54dd735614 -> 
  custom:scripting/monoscript/fileName/SaveAction.cs: b68fbb4319dbb368959c40781b39fdf8 -> 27c387bb58f3a69b0c9ff60d2209e18f
  custom:scripting/monoscript/fileName/AutoConfig.cs: 6c4e7f9dc55323aa1299debfe9723aa6 -> bf4bbd2f2e752464ef51dbf102faed17
  custom:scripting/monoscript/fileName/Preloader.cs: cbd9d8c98c6031c24a87ace9273a7387 -> 
  custom:scripting/monoscript/fileName/CheckpointData.cs: c08ccf8c887ea2030f37db29afc3fd95 -> 
  custom:scripting/monoscript/fileName/UploadResponse.cs: 273fbc12b343e8d95f607b71c0aa3dd7 -> 
  custom:scripting/monoscript/fileName/EditorCloudContext.cs: afcc104cf3a31ce52b4bd196744aacf9 -> 
  custom:scripting/monoscript/fileName/SelfRefreshingGenesisAccessTokenCacheWrapper.cs: 37f614fb8744ff46e79f0265574aa077 -> 
  custom:scripting/monoscript/fileName/DiffPanel.cs: 02288a38bd14cc2b52a25b302a6f154e -> 210366dab3631628227b9406f87a9b7f
  custom:scripting/monoscript/fileName/RangeSliderFloat.cs: 7df532bf94e2a0387f1941318d126699 -> 
  custom:scripting/monoscript/fileName/PaintingElement.cs: 503ed1b98bf9acbbdd394fc8e09e5b3b -> 
  custom:scripting/monoscript/fileName/PlasticAssetsProcessor.cs: ff731c8aacf4a537dc74c7cf9eaeaed0 -> 
  custom:scripting/monoscript/fileName/YearPicker.cs: f1a57f3cc536b55b3a1d0bdd82d97e36 -> 
  custom:scripting/monoscript/fileName/DrawActionToolbar.cs: 52293cb82089e0370f52e257f41c0869 -> e05748a99799f26304c1bbafd90f703b
  custom:scripting/monoscript/fileName/IHost.cs: 43ae4f944ec024b2fb54e61a1decbf1d -> 
  custom:scripting/monoscript/fileName/ExperimentalProgram.cs: a1dabe1dec19a9640d4b6f6ee86bb915 -> 
  custom:scripting/monoscript/fileName/EditorVersion.cs: 70953c9eccf7726f70c672a9a51619e9 -> 698aba075b19a52a056d67a7b809d179
  custom:scripting/monoscript/fileName/TeamEditionConfigurationWindow.cs: d06f049421c16e5927ec29f770917e09 -> e53b1ca5561894aaeff930afb696d001
  custom:scripting/monoscript/fileName/TreeViewItemIds.cs: 7d654a2b5b3a10da3e7d8472196e96d1 -> 0cdf409b5aa8d4c25876d72b5c6a3b60
  custom:scripting/precompiled-assembly-types:Unity.Muse.Sprite: 12e9a6f0fb9e0a016ab5c2ca49b2912a -> 
  custom:scripting/monoscript/fileName/RangeSlider.cs: 0cdf409b5aa8d4c25876d72b5c6a3b60 -> 
  custom:scripting/monoscript/fileName/Styles.cs: d574ed300700f2732b97aec39cdfef36 -> 1728aa377394bacc23133c7e998f0fa5
  custom:scripting/monoscript/fileName/ProgressOperationHandler.cs: 5fbb4e0f656dcfaa4498bd2e492e4710 -> ec62666c0ca1649dd33cc6bc6834c6f7
  custom:scripting/monoscript/fileName/UnityPlasticTimer.cs: 961fdb6492c99b4a3eadbed28e78c4b0 -> 6c887e722e951c2964523825cad70c4c
  custom:scripting/monoscript/fileName/TreeHeaderColumns.cs: 9fc4a0396a421346b8aa3b7788860851 -> 316e5ea62e66b20fd6e687a6b9e5958e
  custom:scripting/monoscript/fileName/IProxyOperator.cs: c813baa04a9219aea825a899390cc4eb -> 
  custom:scripting/monoscript/fileName/SpriteAnalyticsManager.cs: 7e8f0b697c5d72ceac35085b114b8bd8 -> 
  custom:scripting/monoscript/fileName/Toolbar.cs: 26e6ba8304be5dedc8f3aa32863259d8 -> 
  custom:scripting/monoscript/fileName/PngMetadataEncoder.cs: 91f4d0f4e2a47289312053d7e56b5fa1 -> 
  custom:scripting/monoscript/fileName/SubscriptionResponse.cs: ddcdb33a250e9f08098b9585cca7859a -> 
  custom:scripting/monoscript/fileName/ActionButton.cs: da9cf9c1593674e12e8c4fbf1511f25f -> 
  custom:scripting/monoscript/fileName/AssetFilesFilterPatternsMenuBuilder.cs: 8fe5de6e5dc3d42fb7e95de2aaedbf5a -> 0d99e7514c6a33cda8314deed8f34bc5
  custom:scripting/monoscript/fileName/PlasticNotification.cs: 3629fdff9f054b2013702f5b131b2c47 -> 
  custom:scripting/monoscript/fileName/ConfirmContinueWithPendingChangesDialog.cs: c0e147ff008a0b77c9337132a3ea70af -> 77462b1904ad8f6fee2f8da4523d59fe
  custom:scripting/monoscript/fileName/BasicImageOperatorView.cs: 29aa753068149595cccdc0bffe34cabb -> 
  custom:scripting/monoscript/fileName/UsageTracker.cs: 8553928dd34c9ea8481d5e26ef42bae7 -> 
  custom:scripting/monoscript/fileName/Picker.cs: 794c2431b2e9ff63ff6cfae36a1169a7 -> 
  custom:scripting/monoscript/fileName/OperatorOverridePublishers.cs: cb39dec6744bb0b3b1058a9a8737a634 -> 
  custom:scripting/monoscript/fileName/Divider.cs: 677c824aea886dad636a71302437f2ed -> 
  custom:scripting/monoscript/fileName/Events.cs: 74392d074267d17f365044b17193a808 -> 5e6fd182c984e3c981a7ddda9fb543ef
  custom:scripting/monoscript/fileName/ChangelistTreeViewItem.cs: a4a6f6169cdb3afe249e104e2b7b1a2c -> 87f69636be8bd1a264ec4eac1bffa701
  custom:scripting/monoscript/fileName/IServiceCollection.cs: 29439a3a80f03a2ece062845045838b2 -> 
  custom:scripting/monoscript/fileName/CollabPlugin.cs: bda741ff77a19affbf276298e29313ec -> ca276d65e7cd77c5c99d9f119ffdb215
  custom:scripting/monoscript/fileName/TabButton.cs: 757146b89ed597b1d75c77241e5d5f63 -> 
  custom:scripting/monoscript/fileName/LaunchTool.cs: 3ac53c8af1f56365aad9e1ae5366d98d -> 60773d78646dc188d4b2caca77f20b17
  custom:scripting/monoscript/fileName/RunModal.cs: 33b931100ee477e6812324eabaa2e837 -> c83ee2ef642c5d8b8dfd32f033bfc438
  custom:scripting/monoscript/fileName/MaskOperator.cs: 96a09c8859eb978cd98bcf5b0abca0ed -> 
  custom:scripting/monoscript/fileName/BranchListViewItem.cs: 8fdaa5aa842f5a70237affa304b9d506 -> 55028f4aef24d6227589aaa95582b2ff
  custom:scripting/monoscript/fileName/SignInUtility.cs: 237c491af772bb4290257375eabafa53 -> 
  custom:scripting/monoscript/fileName/CacheWrapper.cs: 90647cc400823b41df847a6cbfc29026 -> 
  custom:scripting/monoscript/fileName/GetAvatar.cs: 07c98163f75f0b7c672bd453fc82bf61 -> 04ffae2a9e5a4c32a119f93144f558d2
  custom:scripting/monoscript/fileName/BoundsField.cs: 0c2df330476f58f563ac988dc83afe1b -> 
  custom:scripting/monoscript/fileName/BaseDatePicker.cs: daaed6be3b79fdc4ec588f4fbd150e0a -> 
  custom:scripting/monoscript/fileName/StringExtensions.cs: daa295343cc79a76d8fc2f1f4df1d5b5 -> 
  custom:scripting/monoscript/fileName/IUIToolkitApp.cs: 26a879251d13fd00c4f8d49b79ad5876 -> 
  custom:scripting/monoscript/fileName/IGenerateArtifact.cs: 36119dce8383c466df276e192fc13f68 -> 
  custom:scripting/monoscript/fileName/FindTool.cs: fc3b0710b24078288fe829d0bb041dd0 -> 2f9d82566cfb01fb68fc30111fb47624
  custom:scripting/monoscript/fileName/ChannelCertificateUiImpl.cs: 75d7831ab5da75cc0082e28863abb142 -> cefccf1e13b7bcf15e3c9f2dd4cd2fc8
  custom:scripting/monoscript/fileName/Preferences.cs: a7fa3b38f30bcef78c8fba009e2a6ef1 -> 
  custom:scripting/monoscript/fileName/PinchGestureRecognizer.cs: a6897e88e6eb02500523261de9af742c -> 
  custom:scripting/monoscript/fileName/ApplyCircleMask.cs: 02eb67e485278e7c9b719fee5ff90f4a -> b955b378d261fdcbd6272fe8711d1e4f
  custom:scripting/monoscript/fileName/MenuItem.cs: a1a7148e573c53a3e72776ec916010b4 -> 
  custom:scripting/monoscript/fileName/IArtifactDragAndDropHandler.cs: f23a950e15cad74e58bb7efcc2cb10cb -> 
  custom:scripting/monoscript/fileName/MainThreadDispatcherComponent.cs: 1cd04b806c6c2db2c168f3df414334b2 -> 
  custom:scripting/monoscript/fileName/EditorSpritePreferencesView.cs: 89dd60a3002166802af3f6bf33960631 -> 
  custom:scripting/monoscript/fileName/AssetMenuOperations.cs: e8e4dc7e916ba19764d008f240e56b46 -> ebcce67603e288b4a84d49287db6ef5a
  custom:scripting/monoscript/fileName/VisualElementExtensions.cs: 0c10367c202cd70af709bd8f5980ade2 -> 0aad2728225c469038631668406aebb3
  custom:scripting/monoscript/fileName/NotificationManager.cs: 8dd284e0067a494fd4fa7648075e1110 -> 
  custom:scripting/precompiled-assembly-types:Unity.Muse.AppUI.Editor: 8860f0a6cae26e6bbb198641f18e3dd4 -> 
  custom:scripting/monoscript/fileName/EditorPreferences.cs: 6c90fc90f1fd9ef6e09cb84d55de425f -> 
  custom:scripting/monoscript/fileName/ColorPickerExtensionsBridge.cs: 3c61624512e9132c7340f48db90d47e1 -> 
  custom:scripting/monoscript/fileName/MaterialUtils.cs: 05c1be0b707be95100719839807c37a3 -> 
  custom:scripting/monoscript/fileName/LocksSelector.cs: 70b046a562568fd78d093736e68a3a58 -> 7b0f4fc5552c1d92ba7f4648526ceb21
  custom:scripting/monoscript/fileName/ListViewItemIds.cs: 8f6297df34271fdb1ce2d9607ec6261d -> 90647cc400823b41df847a6cbfc29026
  custom:scripting/monoscript/fileName/Chip.cs: a905f48c629f79ad5565fe0f337d81b9 -> 
  custom:scripting/monoscript/fileName/CreateWorkspaceViewState.cs: 1deb37b3c17c224d9a7dca9c990ea191 -> 0fe23b7cca9336b31a27790c714de652
  custom:scripting/monoscript/fileName/MergeLinkListViewItem.cs: ebc1e6f9e3a3005d8f4c51a794adfdaa -> 3fa407d29597803190dd374d88ed170d
  custom:scripting/monoscript/fileName/StyleTrainerProjectData.cs: d7352c51275132cbb32cef880d02e819 -> 
  custom:scripting/monoscript/fileName/DrawCommentTextArea.cs: ad5449f632fd412ac0f7ba0d171fd453 -> c58c26552f95f108a8d9610eaf001fbc
  custom:scripting/monoscript/fileName/SpriteMiscBackend.cs: 866cc4fefcfc3ffe5f19421303f67c38 -> 
  custom:scripting/monoscript/fileName/ErrorsListHeaderState.cs: f366e16fac061f262479ccab9ff07a93 -> b961336a4a43551eb826f97c57673007
  custom:scripting/monoscript/fileName/SerializedDictionary.cs: 0cdf409b5aa8d4c25876d72b5c6a3b60 -> 
  custom:scripting/monoscript/fileName/RefreshAsset.cs: 4479d2949a66a97f66d1e550067f3767 -> 5a15c606785f1f54a697bb0d0d846dfb
  custom:scripting/monoscript/fileName/StoreExtensions.cs: 7f3a8c80d98df63f5d80dc116828fc6a -> 
  custom:scripting/monoscript/fileName/NullableColorField.cs: a45894631a2c70c7e9441a31822142a1 -> 
  custom:scripting/monoscript/fileName/StackView.cs: 07df23718393071a6be17c735336a856 -> 
  custom:scripting/monoscript/fileName/HelpText.cs: ae17a9903119c6c4b47752757faca430 -> 
  custom:scripting/monoscript/fileName/PreviewImage.cs: 2d3cdead3ad53b71b25bee2a396e8de6 -> 
  custom:scripting/monoscript/fileName/NotificationView.cs: aecaeebffcc647dfa00092e8648c00ac -> 
  custom:scripting/monoscript/fileName/Preference.cs: dcffa4837428e139966556d1521dfd24 -> 
  custom:scripting/monoscript/fileName/KeyImageOperator.cs: 6e51d56f993ccbe0ad5601d3c03b0a03 -> 
  custom:scripting/monoscript/fileName/BoolSetting.cs: d67f952c3a5976591f3e9a9e7356bbab -> 12bf039ccd38b0f4ccfffbec3cbbf108
  custom:scripting/monoscript/fileName/RuntimePreferences.cs: c7d13a8c28292fb800de1ea70001ac2c -> 
  custom:scripting/monoscript/fileName/AccordionItemValueChangedEvent.cs: 7ee7139f28cbc268764faa7bb88ee7d9 -> 
  custom:scripting/monoscript/fileName/TouchSlider.cs: 0cdf409b5aa8d4c25876d72b5c6a3b60 -> 
  custom:scripting/monoscript/fileName/ActionBar.cs: 37f8c49690121e371b81aec172b548e6 -> 
  custom:scripting/monoscript/fileName/SessionStatusNotifications.cs: 43355689a6519fa83f3785618409d53c -> 
  custom:scripting/monoscript/fileName/DoodlePad.cs: 83192d03aa89fc2731d76ee96670d63b -> 
  custom:scripting/monoscript/fileName/SchedulerGameObject.cs: 86df6e41a1de752cf01437ee305ca040 -> 
  custom:scripting/monoscript/fileName/CreateChangelistDialog.cs: 774371d4233cc1d394d98dc80507a1f8 -> 386b03e27c951c5f1d63daf7aae486ca
  custom:scripting/monoscript/fileName/RadioGroup.cs: 2c55c1c3945f76b4b30af88bb9c0fef3 -> 
  custom:scripting/monoscript/fileName/DialogTrigger.cs: 26f7d6a3b9923b6f3c104f73661ca70d -> 
  custom:scripting/monoscript/fileName/HistoryListViewMenu.cs: 15a489e494f04a7ea37a587c7601070e -> 29770348599c8d5473b78d72e5741b40
  custom:scripting/monoscript/fileName/AccountDialog.cs: eb758620b10e7bc03deac3fbb715ff61 -> 
  custom:scripting/monoscript/fileName/ExperimentalProgramNotifications.cs: b9eaf0e2ed8629abee2bbd33fccc71ef -> 
  custom:scripting/monoscript/fileName/StyleModelController.cs: 90cde35f55beff4d4bc01ad6ed4e8670 -> 
  custom:scripting/monoscript/fileName/DropZone.cs: 393981527a8d8276e9be4b7751b7985a -> 
  custom:scripting/monoscript/fileName/TabItem.cs: d0e1f1498924ec418de97bc614378027 -> 
  custom:scripting/monoscript/fileName/FilterRulesConfirmationDialog.cs: 5186d89f21d03764f0cca01c2a0122d7 -> 9c91c6c91f20e6d013a753f32343b327
  custom:scripting/monoscript/fileName/ExporterHelpers.cs: fa331b7e968c869e9c634ead5c71e4b9 -> 
  custom:scripting/monoscript/fileName/Store.cs: fd55b3abf8197d7fcd3a0103b24e0c2e -> 
  custom:scripting/monoscript/fileName/LegalConsentRequest.cs: 9f74b331b036daa157f4824aa8d095b5 -> 
  custom:scripting/monoscript/fileName/AccountEditorInternals.cs: a5cfd6ff5afffe7586eaf35aad71b58d -> 
  custom:scripting/monoscript/fileName/ChangesetsSelection.cs: d154d1782ed752b83834c54a0bde3df9 -> 8b9d539af9f7e269bac4e3d79e9ffab8
  custom:scripting/monoscript/fileName/ClientUpdateNotificationView.cs: b98252b27eaee9ea6667d9067006fb73 -> 
  custom:scripting/monoscript/fileName/ContextProviderAttribute.cs: 9cbbd4f58287dd6e1dca437a5ae3f559 -> 
  custom:scripting/monoscript/fileName/AppUIManagerBehaviour.cs: 2853b7be127102594acb89f16109c52b -> 
  custom:scripting/monoscript/fileName/AppUISettings.cs: f35e4421c274cb6f375d98e2c7c678e5 -> 
  custom:scripting/monoscript/fileName/AssetPostprocessor.cs: 96208057b904410715a8df295ba4f8f4 -> 
  custom:scripting/monoscript/fileName/IsResolved.cs: 12b1cb46be3341613a9d03a0fb32ccfc -> f54a3e2c5134aa4306f9ad150b1911a9
  custom:scripting/monoscript/fileName/LocalStatusCache.cs: a558fcf5f34357bab4cfc7b75e2bb356 -> 30974ea30517fbfd1b93153f6c849a76
  custom:scripting/monoscript/fileName/SampleOutputPromptRow.cs: 947988e2f88c44ae518771fe2d4de2e0 -> 
  custom:scripting/monoscript/fileName/DropManipulator.cs: 90647cc400823b41df847a6cbfc29026 -> 
  custom:scripting/monoscript/fileName/StyleTrainerWindow.cs: 99960aef40c7fc855db5a231d0da3022 -> 
  custom:scripting/monoscript/fileName/RepositoryExplorerDialog.cs: 143e7416b576681e1f2ea71288e530e6 -> eea34924da79ad7254f3e141a891c78d
  custom:scripting/monoscript/fileName/SubscriptionStartedDialog.cs: 9bb7b4ee78a1cf4b161e17d8f8de66e0 -> 
  custom:scripting/monoscript/fileName/EventBaseExtensionsBridge.cs: ce3de20bb7dce215ea4b3e10328d42d6 -> 
  custom:scripting/monoscript/fileName/TrainingItemGridItem.cs: 39b148c71e2c4466fc6e71f386cf4161 -> 
  custom:scripting/monoscript/fileName/HelpLinkData.cs: 298f428470bd6f0a46823cad390bf0d6 -> 
  custom:scripting/monoscript/fileName/WorkspaceWindow.cs: ff52e13cd29dacd66db0169e14f71a23 -> b042f06133312d3bfed176231d97d77c
  custom:scripting/monoscript/fileName/GridView.cs: 218e4cade9ebbe8b25f0fd72fb669305 -> 
  custom:scripting/monoscript/fileName/AppUIManager.cs: 35c76c99b52f444a32a4bf1b5da9079a -> 
  custom:scripting/monoscript/fileName/RelayCommand{T}.cs: b98e5608049019f2756175075d1dd454 -> 
  custom:scripting/monoscript/fileName/PlasticShutdown.cs: a8df8eeeed98372d06e446171a192a6d -> 
  custom:scripting/monoscript/fileName/FilesFilterPatternsMenuBuilder.cs: 28072cd275c96994687e6d4d0d6e1dff -> cf716a8d336c8113475a9ca67a799ec1
  custom:scripting/monoscript/fileName/Tabs.cs: 4aff82d5ca8582a86962cfabfcfa2c55 -> 
  custom:scripting/monoscript/fileName/AccountDropdown.cs: 1f0fb4bbd95b8d9a8fe117eaae6147a5 -> 
  custom:scripting/monoscript/fileName/SerializedSettings.cs: 0b8f9718a63e7b28efe8872b30702b5c -> 
  custom:scripting/precompiled-assembly-types:Unity.Muse.StyleTrainer.Editor: 6c5095e2cd65b84235aaabd71dc25ddb -> 
  custom:scripting/monoscript/fileName/UnityConnectUtils.cs: c5f7da7345702fca9d7eafa173c657f6 -> 
  custom:scripting/monoscript/fileName/SignInDialog.cs: 718237e1d3788719eb31a2fb0ba22579 -> 
  custom:scripting/monoscript/fileName/AppUIInput.cs: a311aa0da35a24a481a6cb54849f5076 -> 
  custom:scripting/monoscript/fileName/AsyncRelayCommand.cs: a78b7dd3235f68e176b91d4ce37350d3 -> 
  custom:scripting/monoscript/fileName/Icon.cs: 4503216c35da2c4475447a81b3711045 -> 
  custom:scripting/monoscript/fileName/SpriteArtifactExporter.cs: faacd0d9930d69bdf91bed1d1bf9bcf0 -> 
  custom:scripting/monoscript/fileName/ValueOutOfRangeException.cs: 1dc5db054732e8d214be088a0776b471 -> 
  custom:scripting/monoscript/fileName/HistoryListViewItem.cs: 2d3b1fc954b6bdbae298ec250ade0663 -> 96f2b67ec620b83e35d13f11877e1ac1
  custom:scripting/monoscript/fileName/RemoteStatusCache.cs: 00463e6b90cfe7da080d7c266f783980 -> 402d5663f3675e9324c129274b0c00f2
  custom:scripting/monoscript/fileName/Profiling.cs: d65df0041ac5c5c4c58a1c33dafdbe6b -> 
  custom:scripting/monoscript/fileName/ParameterAttribute.cs: e1050b0cf7fa5ee533fdce844533738e -> 
  custom:scripting/monoscript/fileName/AvailableToolsFactory.cs: 13442ef2ec715663e86a0bc2c529568b -> 
  custom:scripting/monoscript/fileName/ReuestSeatDialog.cs: 07e3c57eb1591894e9640af4846d1921 -> 
  custom:scripting/monoscript/fileName/SessionData.cs: 2c927d9f5c6f82570f80332e8a8a17f5 -> 
  custom:scripting/monoscript/fileName/IPressable.cs: 695abd3da7d096446cd3145177b90a7b -> 
  custom:scripting/monoscript/fileName/EnumExtensions.cs: 2d494c1be5e83267369396f846fe59b3 -> 872fcb89b813d64606e680211dede528
  custom:scripting/monoscript/fileName/EditorWindowFocus.cs: 1012e4e2e29e9b29bdcc03d8b92762a8 -> f258b0cf85078a7435d001e522d5e8e3
  custom:scripting/monoscript/fileName/NewIncomingChanges.cs: fc48261878ef7e4b956e7172f5803aee -> 
  custom:scripting/monoscript/fileName/SignInNotificationView.cs: fc3b256640cb2080df890fd9116cd2a5 -> 
  custom:video-encoder-webm-vp8: eb34c28f22e8b96e1ab97ce403110664 -> 
  custom:scripting/monoscript/fileName/UnityIncomingChangesTree.cs: a6749c8b534ffb85ccf809bc8e274114 -> 42967773c43d3de5d23be4ddc6dfd9c4
  custom:scripting/monoscript/fileName/UnityDiffTree.cs: 447fc3a8922f56330f4bae8c9dc9a8be -> 1029ffd567bc0e646e6b119719dcb2ff
  custom:scripting/monoscript/fileName/GenerateOperator.cs: e111856e7c1e7d3da6622f174d1aa900 -> 
  custom:scripting/monoscript/fileName/TreeHeaderSettings.cs: 114eb9e27124403e8e111494b8eaf987 -> 662b1714c0fce36da72bbfe60201987a
  custom:scripting/monoscript/fileName/SessionOperator.cs: 2c8dcc1ddff454d4fdb557867afbf778 -> 
  custom:scripting/monoscript/fileName/ArtifactRegistration.cs: e98929c192fc019cd9b3e5c2c5552d33 -> 
  custom:scripting/monoscript/fileName/NativePlugin.cs: 3c7852f512de52aefc36db8c83c0553c -> 
  custom:scripting/monoscript/fileName/UnityConstants.cs: 0eb92bed4b0c568cb341161b4319c2db -> e3d3c3e11a194da9e5bbbfb97087a7bd
  custom:scripting/monoscript/fileName/IsExeAvailable.cs: 3e4283303610c884e542b8f6d3e922d4 -> 4a3dbc5ded94087064afd97407f26631
  custom:scripting/monoscript/fileName/AccountEditorUtility.cs: 45a03c883baa97a2f04b38ac448edb4f -> 
  custom:scripting/monoscript/fileName/MuseAssetCreation.cs: bf044825a53dae8f3126c47a2154c28a -> 
  custom:scripting/monoscript/fileName/LoadableImage.cs: cf4612146290a3bd8008674c6afc7736 -> 
  custom:scripting/monoscript/fileName/DebugConfigEditor.cs: 5b21f744642cc20e4e930bb84f98fd1e -> 
  custom:scripting/monoscript/fileName/StyleModelInfoEditor.cs: acbc81ca5a0b93078b49c9ee85171d23 -> 
  custom:scripting/monoscript/fileName/ExportedArtifact.cs: bf4b718c81d18a874d67f87d0b9eaa6b -> 
  custom:scripting/monoscript/fileName/AutoLogin.cs: e67ed70aada38469aeb667115929c368 -> b4cb98371fc38cca00d7123b7e649e12
  custom:scripting/monoscript/fileName/UINumericFieldsUtils.cs: 8a81c9c0328febd19543ffcd88207316 -> 
  custom:audio-decoder-ogg-vorbis: bf7c407c2cedff20999df2af8eb42d56 -> 
  custom:scripting/monoscript/fileName/UpdateReportLineListViewItem.cs: a101f0ba5292fc139445870b3f4af838 -> 9f63395e1ea590dbbab4d59cd0032ac4
  custom:scripting/monoscript/fileName/AssetReference.cs: 4a5235ff8e8e9ef9af658f0344b45958 -> 
  custom:scripting/monoscript/fileName/DrawSplitter.cs: ec7e8739eacabcca3e2946d9833eea0f -> d2f114a8e8e4167f7762d835a83b2f55
  custom:scripting/monoscript/fileName/OnboardWindow.cs: 2c343928b768f3a1215dace0f6c7552e -> 
  custom:scripting/monoscript/fileName/GenerateCountData.cs: b5f8b3474017c679470cc0fdaf5d4f4a -> 
  custom:scripting/monoscript/fileName/SwipeView.cs: d765507ebb0d22a5f0b1e8238bca893a -> 
  custom:scripting/monoscript/fileName/PromptOperator.cs: 073a7a3feb353ab3f829319eb62c03e9 -> 
  custom:scripting/monoscript/fileName/LaunchDependenciesDialog.cs: e1c527862a66e73f0417ae177d7fdfb5 -> 2cabf22eb95430074b6c730a84e03493
  custom:scripting/monoscript/fileName/IAsyncRelayCommand.cs: ae286909c3d29fcb184edf8329c8c349 -> 
  custom:scripting/monoscript/fileName/MuseEditor.cs: 4d69f52280a83fe1a1c10594160060ff -> 
  custom:scripting/monoscript/fileName/IServer.cs: 0a4ceca0ab667fda3d9c7e45993e146b -> 
  custom:scripting/monoscript/fileName/UsageView.cs: 46737a5c7162031f29ee65121ea60af2 -> 
  custom:scripting/monoscript/fileName/CredentialsResponse.cs: 96b135ae1c4ea541dc762170ea524fa9 -> 3dd2507693e56dac75ee7783f598cbb9
  custom:scripting/monoscript/fileName/LaunchDiffOperations.cs: aeae601320588a70eea7590a2f7e0f69 -> 871a0804a9fe2d9f2ad088303a89a63e
  custom:scripting/monoscript/fileName/PlasticSplitterGUILayout.cs: 4cfaefa1a850aceff54713912c4a2bda -> 111849f67dfbfea65ad2a9298ad1654d
  custom:scripting/monoscript/fileName/ErrorView.cs: b434f9114bb601a615cfac4877f83e04 -> 
  custom:scripting/monoscript/fileName/SpriteRefiningMaskOperator.cs: 0fbb953c1f0a47984ded627754f83555 -> 
  custom:scripting/monoscript/fileName/FloatField.cs: 2e39fbdd4b620befbf59e2f6d7f4452e -> 
  custom:scripting/monoscript/fileName/StyleTrainerConfigEditor.cs: dac0bb58f7a849555eda6778c7c76e49 -> 
  custom:scripting/monoscript/fileName/CheckinDialogOperations.cs: 0b2a2cd4c41cf1865a29cf91b2a96a48 -> d032d69e8060311c06b88286e8f22ddd
  custom:scripting/monoscript/fileName/IntroductionManipulator.cs: 9983ffa5a33c47d13c32c676d600ead9 -> 
  custom:scripting/monoscript/fileName/BoundsIntField.cs: b57754c0924b374bc80e1af7b5018a0f -> 
  custom:scripting/monoscript/fileName/ReferenceOperator.cs: a84c2d9e9febf6a6b6f679040fbffdb5 -> 
  custom:scripting/monoscript/fileName/UxmlFilePathAttribute.cs: 711ff899f6cc7699845b5c720b418257 -> 
  custom:scripting/monoscript/fileName/PendingChangesViewMenu.cs: 68fab310addfd7068cfd7920070496ff -> 9b0019b6df6bb14eb3a2dbafa53fb54b
  custom:scripting/monoscript/fileName/TrainingTask.cs: ffd05cb9e66ff4fc27f463cfc614261a -> 
  custom:scripting/monoscript/fileName/ScaleToFitImageManipulator.cs: cd6ee570deace06946ffc671ec295831 -> 
  custom:scripting/monoscript/fileName/ArtifactView.cs: e6dff61e81e44c66de92c558499f077c -> 
  custom:scripting/monoscript/fileName/EditorUtilities.cs: faf298ebc26898f35356b1db37ef3732 -> 
  custom:scripting/monoscript/fileName/AssetsSelection.cs: 35cec24e81f0cb1de51daeb356abc4ff -> 0227d7ff4d5687932d10967a945a9b06
  custom:scripting/monoscript/fileName/GenerativeAIBackend.cs: ac6ed99234c938631ce43eda87859379 -> 
  custom:scripting/monoscript/fileName/EnumPopupSetting.cs: 8f6297df34271fdb1ce2d9607ec6261d -> 90647cc400823b41df847a6cbfc29026
  custom:scripting/monoscript/fileName/TrainingControllerEvents.cs: 902560cb6eac21c951229ac4d7707866 -> 
  custom:scripting/monoscript/fileName/ColorExtensions.cs: 519a9f3b35a10731768ffce257aaf076 -> 
  custom:scripting/monoscript/fileName/PlasticConnectionMonitor.cs: 920e8e381bfc94da8bb69d336dda57ca -> 
  custom:scripting/monoscript/fileName/AppBar.cs: 2444fd3996cbb44de4154b405c03c165 -> 
  custom:scripting/monoscript/fileName/ClientWillBeDeprecatedNotificationView.cs: 1e5ebe946467f09fa23ceb469ef888b7 -> 
  custom:scripting/monoscript/fileName/SampleOutputModelEvents.cs: 9b132c684e3ec5e82817675cdbc348a2 -> 
  custom:scripting/monoscript/fileName/HistoryListHeaderState.cs: 6226ef13a567fa81584864f8698be331 -> a87e0364d14866c369ad50d669bdfa85
  custom:scripting/precompiled-assembly-types:Unity.Muse.Common.Bridge: 82a8b03af785fd76db4f75dfa61014fb -> 
  custom:scripting/monoscript/fileName/StyleTrainerData.cs: e0fdd649c39d78d2b85f04778d1a443f -> 
  custom:scripting/monoscript/fileName/PinchGestureEvent.cs: 19d6d72750686c986a5283120f34163e -> 
  custom:scripting/monoscript/fileName/CloudEditionWelcomeWindow.cs: c886fdb39f4b8787e6ea3701a8f88f4a -> b1721e471183956468462f6b64901640
  custom:scripting/monoscript/fileName/AssetsPath.cs: 367269acf8f676d2cdd30fdc387b3920 -> e0e986124adc46d913f0683c34b88c9f
  custom:scripting/monoscript/fileName/MetaPath.cs: 1f80313a7ce6ec6ece505285578f5745 -> 417a84eb354831f828a6752b26c8592d
  custom:scripting/monoscript/fileName/ObjectHelper.cs: 7d5e1a3338d2e0cbedc2f87b64ff3e88 -> 
  custom:scripting/monoscript/fileName/ExploreMuseDialog.cs: 98a684428f55dc61130cd5f42fe447d5 -> 
  custom:scripting/monoscript/fileName/CredentialsUIImpl.cs: 90e9c2de8d7bdd8424e0d89c415108ae -> dbacf67c37819fd95562fe169e706732
  custom:scripting/monoscript/fileName/UsageProgressBar.cs: 6514959b449602e62eccd495c6c6fb82 -> 
  custom:scripting/monoscript/fileName/ChangesetsViewMenu.cs: b720f0168f4ce1b1e0d358a6d5ec9a42 -> 7d1a2de81910b5990e71a0bfff26fdca
  custom:scripting/monoscript/fileName/StyleTrainDataUpgrader.cs: 2ade4e41984b6fdb607389c5b66fcec7 -> 
  custom:scripting/monoscript/fileName/DpiChangedEvent.cs: 8e8ced11450e3d346d0ab7d603bd68f5 -> 
  custom:scripting/monoscript/fileName/UnityPlasticGuiMessage.cs: 2a7f71f59c0d7dc731fd345a3713957c -> 24eef0792e3802809607a7f9d04b8f1d
  custom:scripting/monoscript/fileName/OrganizationCredentials.cs: ee462057b3bd23cc3dab953ac4d656e2 -> 0b123406cadd651e9adc01c85fab5124
  custom:scripting/monoscript/fileName/MonthPicker.cs: 9aaaf1b8c44d51413386bac0d2412da7 -> 
  custom:scripting/monoscript/fileName/StartTrialDialog.cs: 3b36d012cd1e64951b5eb3cfd1a03f3d -> 
  custom:scripting/monoscript/fileName/StatusBar.cs: 392933116703b8e69a96dc0b873bf6f1 -> 
  custom:scripting/monoscript/fileName/TrainingSetData.cs: c2af2ba7089d79471c48f8d72dace2ab -> 
  custom:scripting/monoscript/fileName/IsCurrent.cs: 16ae2475c9982c21b0dccb3cdf4b1a92 -> cf1fd01890d0fd9f011c1a1a491e2cf0
  custom:scripting/monoscript/fileName/Message.cs: d1210aeb3bd57a43a1de3a19f04ed05a -> 671a789acb2c7a93d0b620fe02979957
  custom:scripting/monoscript/fileName/Looper.cs: 915159db35a07551ac3cba81459d2466 -> 
  custom:scripting/monoscript/fileName/IOperator.cs: 9b04ce4f77a62eb6d6a5925d28e4beba -> 
  custom:scripting/monoscript/fileName/IVariateArtifact.cs: c3e15bb5f9298ae3384a6190c26ae5ad -> 
  custom:scripting/monoscript/fileName/ChangesetFromCollabCommitResponse.cs: b986ab8b1acd322b0367812e2d541734 -> ba336e4117e1b7ee28e4c17197bc3d0e
  custom:scripting/monoscript/fileName/MasonryGridView.cs: ea611698d2dc378efdd23c3b615aba47 -> 
  custom:scripting/monoscript/fileName/IOperatorRemoveHandler.cs: 136ef01965341198b39062bfa854e982 -> 
  custom:scripting/monoscript/fileName/ResultItemVisualElement.cs: 9a087fc2afc1a561fa9a003d77f6e5de -> 
  custom:scripting/monoscript/fileName/MoveToChangelistMenuBuilder.cs: 3a2ef8cb0baf69e5dadeafc731fe32a9 -> a90b3e388d3e1316fa104d4c9a03e2d1
  custom:scripting/monoscript/fileName/LoadingSpinner.cs: b3299af90b664a9f42123e7df43fae24 -> 6aff0ac022d117a8e24a7b5e4b11904c
  custom:scripting/monoscript/fileName/StartTrialConfirmDialog.cs: 18dab87096fb021bd12c8f292640efe2 -> 
  custom:scripting/monoscript/fileName/IconButton.cs: 5df8be1b3883d22a32fb2699c002edc1 -> 
  custom:scripting/monoscript/fileName/LocksTab.cs: 134c512484ae73354c15c06a6dc69f9f -> 00ffb5a39c16fdc2d733c7e53471a3a9
  custom:scripting/monoscript/fileName/WebRequest.cs: 1aea1b262a90298f2e76d60673b93fa6 -> 
  custom:scripting/monoscript/fileName/BranchesTab.cs: 764cb17e9337c58ad4f5304b60b2042e -> 57c33f76c527a5aba4d269245ffff188
  custom:scripting/monoscript/fileName/HelpLink.cs: f129aa05dc3840d5bd4f2e0d111189db -> 
  custom:scripting/monoscript/fileName/IPlatformImpl.cs: a61ff81c8b093d7b41d4fc2392dad3dc -> 
  custom:scripting/monoscript/fileName/GuidResponse.cs: 5be8db9cc20f3629af0b82dde771c1d2 -> 
  custom:scripting/monoscript/fileName/ToolConfig.cs: 18b1ea271ce5e7b6deea7b4e8e175269 -> fcffc3165b047f54ed6ccafa4c8760dd
  custom:scripting/monoscript/fileName/DropDownTextField.cs: e66e7314096900597993d2b353757d8d -> c8fc484ce140049ff31ebc2c6cbebf28
  custom:scripting/monoscript/fileName/PlatformImpl.cs: 9089e4966a03064f736ffbc13a4733ed -> 
  custom:scripting/monoscript/fileName/AsyncThunkActions.cs: 849ed7f5b11c9db237ef61b01c5a5104 -> 
  custom:scripting/monoscript/fileName/AssetsProcessor.cs: 47679a6e15b70f4fef48eb1b2df31b19 -> 18737889e95cd4088e8dfd4153fa8f40
  custom:scripting/monoscript/fileName/DrawActionButton.cs: d847a7d82ac92cab2b3d0ae268cefb3d -> 81e6708d2b8fa199354e53f85db731a8
  custom:scripting/monoscript/fileName/Dialog.cs: 18d078c6088fdb692ba78a24b915ccce -> 
  custom:scripting/monoscript/fileName/TableViewOperations.cs: ddc7b903e0dbd6bd109f2bd709b95f0e -> bef3a31deb1fe794a90f767d16e4c868
  custom:scripting/monoscript/fileName/StyleModelListUIEvents.cs: 666f2cc511354e5edf86b47378d81520 -> 
  custom:scripting/monoscript/fileName/ChatIntegration.cs: 40abbe872ffad09736e01bc205e02bcd -> 
  custom:scripting/monoscript/fileName/UpdateProgress.cs: 5b04f01bf199310f09ab9522f89c78f4 -> 281e1e05168d6a30be1d8d2f6200bef8
  custom:scripting/monoscript/fileName/UploadRequest.cs: a3dbf5ca3711af7c505431d4bc64a0bd -> 
  custom:scripting/monoscript/fileName/Canvas.cs: b8913cab730642ef22de5a0992bc58fe -> 
  custom:scripting/monoscript/fileName/OrganizationsInformation.cs: b3f0758c6655b2dad1161792812992fa -> 5f067ea8d90fc79055a3dcfd58ae6dca
  custom:scripting/monoscript/fileName/DrawerHeader.cs: 427f8f7355e5c69390f24fcdb74683bc -> 
  custom:scripting/monoscript/fileName/SubscriptionStatus.cs: f7b8b943b9a621e4b4bced1268f977d4 -> 
  custom:scripting/monoscript/fileName/SubscriptionDetailsResponse.cs: e10e0299ef716630c63b8cf5f792cda0 -> e5121cec860a6d1097cc809217b3d8fe
  custom:scripting/monoscript/fileName/AppUI.cs: f191114e0ff3798f47ba09a85570a853 -> 
  custom:scripting/monoscript/fileName/MuseToggle.cs: f8b63e775d46c77401a90cc998e34bb5 -> 
  custom:scripting/monoscript/fileName/SampleOutputPromptInput.cs: c58a648a7a267eee2f3756d7ef0e063e -> 
  custom:scripting/monoscript/fileName/DrawProgressForDialogs.cs: 5f8d39e3ea7c4a42148c6b1a7b4ca061 -> a5f2abd8875e7a6afbc171fabfbae81f
  custom:scripting/monoscript/fileName/ToolbarButton.cs: 47dc767626bbd94d66707af31ddc5eb6 -> 
  custom:scripting/monoscript/fileName/ScopeToolbar.cs: 7b41dab106d01f94fe256f0bd62a8942 -> 
  custom:scripting/monoscript/fileName/ProjectViewAssetSelection.cs: 349dc288d32791de51156d4e59000b7b -> 2560eadaf6a13a74a46a4a207cd5a8b6
  custom:scripting/monoscript/fileName/DrawTreeViewItem.cs: cceebc4f1185658619e40964f29acb08 -> 0921a62a588ab864253743d1f07afb5a
  custom:scripting/monoscript/fileName/Accordion.cs: 14e96b9b51569ae54c02f27ad123c324 -> 
  custom:scripting/monoscript/fileName/SampleOutputListRowItem.cs: 477a0754f73bd94b9d2a42bbad195c94 -> 
  custom:scripting/precompiled-assembly-types:Unity.Muse.Sprite.Editor: 18850fce54411d534264b9847f78b6bd -> 
  custom:scripting/monoscript/fileName/CheckPointModelEvents.cs: e582c502b168ca50e2c6f242d610edc8 -> 
  custom:scripting/monoscript/fileName/DrawSceneOperations.cs: 2426c0c2ee58cd28be59874f6425940c -> d87f46f9fb97181a2f51490ea2e1efc3
  custom:scripting/monoscript/fileName/DoubleField.cs: ae010ba096f6f53b28be4143cb245d9b -> 
  custom:scripting/monoscript/fileName/INativePluginImpl.cs: a7128a155395ec76c2bb1def5bd0883d -> 
  custom:scripting/monoscript/fileName/SliderFloat.cs: 988f413fb672c6baac2a3b13e4c5ca56 -> 
  custom:audio-encoder-webm-vorbis: bf7c407c2cedff20999df2af8eb42d56 -> 
  custom:scripting/monoscript/fileName/MuseProjectSettingsProvider.cs: adc5faba3d16cd48d8100cc785f3484f -> 
  custom:scripting/monoscript/fileName/DrawActionHelpBox.cs: dcd6ec2e7fb1b44f22c4a79ff87b70cd -> c8f6be9dab1e6f8d71e0c63c29679186
  custom:scripting/monoscript/fileName/StyleTrainerMainUIEvents.cs: 2ddedc91683cda23ca47559148214b2f -> 
  custom:scripting/precompiled-assembly-types:Unity.Muse.AppUI: bd4dcb66d22fbaef6bf4576a74f00e47 -> 
  custom:scripting/monoscript/fileName/TooltipManipulator.cs: baba84e5d8f701357722616ca28d97e1 -> 
  custom:scripting/monoscript/fileName/PendingChangesMultiColumnHeader.cs: 21802cc6929e0e180fb4f0be8e34d9d0 -> 722de7d6e07a79981d750438e6febb8f
  custom:scripting/monoscript/fileName/EditorDispatcher.cs: c739e073a8c38dbcf59192f45d1004c5 -> 3c402eae57d73cc54863f3f6a13096ae
  custom:scripting/monoscript/fileName/Slice.cs: a37434889dc04967db93d1ed3e73617f -> 
  custom:scripting/monoscript/fileName/SpriteRefinerArtifact.cs: de1e0d2b6f716431300cd142ac1d4ae1 -> 
  custom:scripting/precompiled-assembly-types:Unity.Muse.AppUI.MVVM: 3662711f92bf443a24341de702f995c3 -> 
  custom:scripting/monoscript/fileName/FocusControllerExtensionsBridge.cs: fc4e2e6e8f71893dbd627771fa59c58b -> 
  custom:scripting/monoscript/fileName/SplitView.cs: 65834cd80a871ab60a22ce6baa1263d6 -> 
  custom:scripting/monoscript/fileName/IContext.cs: 0e12262b60265590e44501bb4804e715 -> 
  custom:scripting/monoscript/fileName/IIncomingChangesTab.cs: 363f9daba453e316e730238a80857251 -> 40644cd18074db84684b9e437bf8fa77
  custom:scripting/monoscript/fileName/AccessToolbar.cs: d76433715fc9e4492574e56a5620d16a -> 
  custom:scripting/monoscript/fileName/WorldSpaceUIDocument.cs: ed3ca4a6c9a01a95a1c8a3c30aeecb54 -> 
  custom:scripting/monoscript/fileName/ImageVariationBase64Request.cs: 630306dcee421f5b5d27be1b83e5c48b -> 
  custom:scripting/monoscript/fileName/BackendUtilities.cs: e8ac3f5b0a3ab21aad72fde71c76071a -> 
  custom:scripting/monoscript/fileName/MuseEnvironment.cs: d751f2c1066ef9967221fce4cac8a56f -> 
  custom:scripting/monoscript/fileName/GetChangesOverlayIcon.cs: f00e4b795697c6cf3092760f3b6fc49d -> d599d6efdee28305661bc0cf6683858a
  custom:scripting/monoscript/fileName/DefaultCloudContext.cs: 416844ef362ba0823c0560aa9458a7cf -> 
  custom:scripting/monoscript/fileName/BaseDatePickerPane.cs: a13419de5f4474d7945ce32dadcc6d38 -> 
  custom:scripting/monoscript/fileName/NodesList.cs: 3d1883d4c52ef0f8973d4bbb427af96f -> 
  custom:scripting/monoscript/fileName/ItemRequest.cs: 85f70ba26e0a94bcd47eff0476b6788f -> 
  custom:scripting/monoscript/fileName/SampleOutputView.cs: f6d9f0a7e6b9d253642aa9b11caa6a48 -> 
  custom:scripting/monoscript/fileName/OperatorData.cs: c7de3dd9e64e8ccf7594b5949bb9a476 -> 
  custom:scripting/monoscript/fileName/WebImage.cs: cb22109d41e4a8ce320905c20f5ec71a -> 
  custom:scripting/monoscript/fileName/IDependencyInjectionListener.cs: 201125a4796b980bf72cd49af13b909f -> 
  custom:scripting/monoscript/fileName/TrainingRoundsRowView.cs: 60086fea0fa8abfeef1807f852bf47f2 -> 
  custom:scripting/monoscript/fileName/ReferenceOperatorView.cs: 570ca0cf3cb7006869f772dd986c4920 -> 
  custom:scripting/monoscript/fileName/ChangesetsListView.cs: caae0aefb36c869f50691482a5cd0944 -> 87b74e0d80cf59010f55e2baaeb6679d
  custom:scripting/monoscript/fileName/UpdateReportListView.cs: 2d8fccdaad50bbd7454b52cf9cb4a0f9 -> 08d26df1ab6c3a7628addc5e54e50b08
  custom:scripting/monoscript/fileName/ServiceProviderExtensions.cs: 181ddc8418c2166ef39f3425999b66c6 -> 
  custom:scripting/monoscript/fileName/BlinkingCursor.cs: 573593f7038035cd7b9e36e3279158b2 -> 
  custom:scripting/monoscript/fileName/UnityConfigurationChecker.cs: 59a8f0715a7c89a752351bf42f94abbd -> 874cd65cce0384fef4b60e71fb08a429
  custom:scripting/monoscript/fileName/SampleOutputListView.cs: 959b6c3fb6bc8087fc855e19f4c76384 -> 
  custom:scripting/monoscript/fileName/GenerationSettings.cs: 0f4e25473d1bde7002c3b0f10c662371 -> 
  custom:scripting/monoscript/fileName/Startup.cs: 5e391bbb5bac6182cfc7e2371e719c6f -> 
  custom:scripting/monoscript/fileName/ShortcutManipulator.cs: b3112c053521af4142e280a1a9de6c00 -> 
  custom:scripting/monoscript/fileName/SessionStatus.cs: 3feb95a64eb5ae609f1bc2ada4f0809c -> 
  custom:scripting/monoscript/fileName/DllImport.cs: 10aaf8a0f8fc8aaa68cd76b3eb5edd89 -> 
  custom:scripting/monoscript/fileName/ActionGroup.cs: 5bb2ae4c270e0409d6affc89662d23d2 -> 
  custom:scripting/monoscript/fileName/CheckWorkspaceTreeNodeStatus.cs: 5e11ff64963669981115eb58dc2b6e8b -> 1e1255b803bf7cbc935bb804bf0dbe7b
  custom:scripting/monoscript/fileName/NetworkState.cs: 9fc08c048703ba2887fd1efeef6d3132 -> 
  custom:scripting/monoscript/fileName/ColorSlider.cs: e3f9e81574bf9729e9b438dcf9550cca -> 
  custom:scripting/monoscript/fileName/PlasticPlugin.cs: a57c142b98ca3d4daad221737fd72924 -> c64561980f26020cc3206ae8b1047268
  custom:scripting/monoscript/fileName/ErrorBalanceNotificationView.cs: 04f0b540e44dcd6dd10747e5abd019d1 -> 
  custom:scripting/monoscript/fileName/CheckPointStatusCheckTask.cs: 98457aaf1d6dc2d058b14fb974594bc2 -> 
  custom:scripting/monoscript/fileName/SwitchModeConfirmationDialog.cs: 4d9c02587760213784bfe53d012122b4 -> 30cd71d0b3ee4b2689cde689908d301e
  custom:scripting/monoscript/fileName/ModesFactory.cs: 33e5e899123a13462a375878c324b4ee -> 
  custom:scripting/monoscript/fileName/SampleOutputVersionFoldoutHeader.cs: 60e58216af5ff88b57c5f80737f80a0c -> 
  custom:scripting/monoscript/fileName/StyleModelEvents.cs: f2f8ddeca113b8612b4ec2a15cfd04d4 -> 
  custom:scripting/monoscript/fileName/StyleTrainerMainUI.cs: f00d2b304976b284e1037b613918f05c -> 
  custom:scripting/monoscript/fileName/ArtifactFactory.cs: 201974c8330e6eca32a39d899f25438a -> 
  custom:scripting/monoscript/fileName/PlasticWindow.cs: fc467478941f610919bc69526ba2c215 -> 
  custom:scripting/monoscript/fileName/Scheduler.cs: 089a1d43a1f159126fd34be59aca57af -> 
  custom:scripting/monoscript/fileName/ContextProvider.cs: 4d401836255ef34e8e64ae053ec7c83d -> 
  custom:scripting/monoscript/fileName/TouchExtensions.cs: c1416c990c744b80e90d0fb99e92086e -> 
  custom:scripting/monoscript/fileName/ValueAnimationExtensionsBridge.cs: 43197bc312208002168bdbf17a63c359 -> 
  custom:scripting/monoscript/fileName/LinearProgress.cs: 688a622a9c86d62c5e3be2a82890e515 -> 
  custom:scripting/monoscript/fileName/BranchesViewMenu.cs: 8089f11c30784e2e57775dd6cdbae898 -> 7bfc83e917c9b0b5aa423bb947ce2a38
  custom:scripting/monoscript/fileName/CooldownWindowDelayer.cs: 7816cfcad485500dbac9993c4502ea69 -> 4c95e39c8dd4cfa1bca106097fdb6524
  custom:scripting/monoscript/fileName/AppUIServiceCollection.cs: 35f30e737e439af598b307401685afa8 -> 
  custom:scripting/monoscript/fileName/FeedbackData.cs: 4df9f0e8a21753f38b7f4356e8e37876 -> 
  custom:scripting/monoscript/fileName/ContextMenu.cs: e2c7b7b423c26a57d717ef67fb421288 -> 
  custom:scripting/monoscript/fileName/GetInstallerTmpFileName.cs: fa7bda723ac795b48e38504727f44981 -> d09e0b5c7a9af5874530e17ef23025f0
  custom:scripting/monoscript/fileName/SeedField.cs: 6863a7c9c14e97f9f71e5f4b4718cf66 -> 
  custom:scripting/monoscript/fileName/EnumNameAttribute.cs: 29d9ed4e48f0b3f20b370570786e77b8 -> 
  custom:scripting/monoscript/fileName/AssetModificationProcessor.cs: a602c9e59e7db185e3a0d68d986e6fef -> 
  custom:scripting/monoscript/fileName/Checkbox.cs: 52421b048f15933a7f5edf680badfdba -> 
  custom:scripting/monoscript/fileName/IsCollabProjectMigratedResponse.cs: 4c3294c6a51e6f42161d191230692016 -> af2b76c693935deee55cfcaed2aa7568
  custom:scripting/monoscript/fileName/AppUITouch.cs: 7f53bd5a7be3cb8cfd39edbdbfc31175 -> 
  custom:scripting/monoscript/fileName/BaseGridView.cs: 4142e54b21ce49783fcc3b3160e60a4d -> 
  custom:scripting/monoscript/fileName/RectIntField.cs: ed12a22187f0d3bd91675ace7e9e810e -> 
  custom:scripting/monoscript/fileName/StyleModelInfo.cs: 3db001b275b858d5330ab38954456eb8 -> 
========================================================================
Received Prepare
Caller must complete domain reload
Begin MonoManager ReloadAssembly
- Loaded All Assemblies, in  0.542 seconds
Native extension for WindowsStandalone target not found
Native extension for iOS target not found
Native extension for Android target not found
Native extension for WebGL target not found
Mono: successfully reloaded assembly
- Finished resetting the current domain, in  1.259 seconds
Domain Reload Profiling: 1796ms
	BeginReloadAssembly (166ms)
		ExecutionOrderSort (0ms)
		DisableScriptedObjects (6ms)
		BackupInstance (0ms)
		ReleaseScriptingObjects (0ms)
		CreateAndSetChildDomain (35ms)
	RebuildCommonClasses (32ms)
	RebuildNativeTypeToScriptingClass (10ms)
	initialDomainReloadingComplete (32ms)
	LoadAllAssembliesAndSetupDomain (298ms)
		LoadAssemblies (375ms)
		RebuildTransferFunctionScriptingTraits (0ms)
		AnalyzeDomain (13ms)
			TypeCache.Refresh (6ms)
				TypeCache.ScanAssembly (0ms)
			ScanForSourceGeneratedMonoScriptInfo (0ms)
			ResolveRequiredComponents (5ms)
	FinalizeReload (1260ms)
		ReleaseScriptCaches (0ms)
		RebuildScriptCaches (0ms)
		SetupLoadedEditorAssemblies (518ms)
			LogAssemblyErrors (0ms)
			InitializePlatformSupportModulesInManaged (33ms)
			SetLoadedEditorAssemblies (3ms)
			RefreshPlugins (0ms)
			BeforeProcessingInitializeOnLoad (66ms)
			ProcessInitializeOnLoadAttributes (355ms)
			ProcessInitializeOnLoadMethodAttributes (51ms)
			AfterProcessingInitializeOnLoad (8ms)
			EditorAssembliesLoaded (0ms)
		ExecutionOrderSort2 (0ms)
		AwakeInstancesAfterBackupRestoration (50ms)
Refreshing native plugins compatible for Editor in 7.74 ms, found 4 plugins.
Preloading 1 native plugins for Editor in 0.17 ms.
Unloading 3938 Unused Serialized files (Serialized files now loaded: 0)
Unloading 32 unused Assets / (0.6 MB). Loaded Objects now: 4413.
Memory consumption went from 144.5 MB to 143.9 MB.
Total: 4.734900 ms (FindLiveObjects: 0.319300 ms CreateObjectMapping: 0.147500 ms MarkObjects: 3.953900 ms  DeleteObjects: 0.313000 ms)

Prepare: number of updated asset objects reloaded= 0
AssetImportParameters requested are different than current active one (requested -> active):
  custom:scripting/monoscript/fileName/LocalizedTextElement.cs: e1b9eeff95990e54c9a9dc69ce19734b -> 
  custom:scripting/monoscript/fileName/Popover.cs: 4115025d54e2acd77a49f554f04af17c -> 
  custom:scripting/monoscript/fileName/IncomingChangesTab.cs: 6fa4849c09cf3ec125d3914af6074a21 -> 82bff1d960538992d4e618d909869d2e
  custom:scripting/monoscript/fileName/IValidatableElement.cs: 90647cc400823b41df847a6cbfc29026 -> 
  custom:scripting/monoscript/fileName/RelayCommand.cs: b98e5608049019f2756175075d1dd454 -> 
  custom:scripting/monoscript/fileName/ConditionUnmetException.cs: 005532f7eb227edc45563fe5f541c354 -> 
  custom:scripting/monoscript/fileName/SizeToContentButton.cs: f996dd6af2703c2acc1fc852c5c6fe91 -> 
  custom:scripting/monoscript/fileName/SpritePicker.cs: 6c57758f0e0792684ff138aa61e12c15 -> 
  custom:scripting/monoscript/fileName/ExVisualElement.cs: 0719d05dc014f888dce476d00c8e5949 -> 
  custom:scripting/monoscript/fileName/Vector4Field.cs: c58543e1452e2d7969e128d4d880a29b -> 
  custom:scripting/monoscript/fileName/DiffSelection.cs: 34faf7c86f7e0c9a01162e930679d82f -> 1460aaba4240ef35322cb9c198487990
  custom:scripting/monoscript/fileName/SpriteArtifactDragAndDropHandler.cs: 839d1b37b55d6be59f997a1187e45f3e -> 
  custom:scripting/monoscript/fileName/IInputElement.cs: 90647cc400823b41df847a6cbfc29026 -> 
  custom:scripting/monoscript/fileName/DatePicker.cs: 91d4045d80ecc134ca6ab854d8063fb1 -> 
  custom:scripting/monoscript/fileName/GenerateButtonData.cs: a4a5d2cace8ba7ac9b29e8dce04fd18d -> 
  custom:scripting/monoscript/fileName/CloudProjectId.cs: f33db9e9673144ad1e994ed4cff5ce2d -> 
  custom:scripting/monoscript/fileName/DateFilter.cs: de3aab0283a2b4a1d4d64145b14132d5 -> 3a6cb8c2e3ffbb5a9052e322ee5bf411
  custom:scripting/precompiled-assembly-types:Unity.Muse.Common.Editor: b2b85f334c7b94962b4de33259f9b3d8 -> 
  custom:scripting/monoscript/fileName/SaveSpriteData.cs: 536697541501b97237df33b769e18e06 -> 
  custom:scripting/monoscript/fileName/Draggable.cs: b37a3f5d59dd35ab93808922404c335a -> 
  custom:scripting/monoscript/fileName/MainUI.cs: 038bb51f21d0e6b0c1cb151199f55270 -> 
  custom:scripting/monoscript/fileName/RuntimeCloudContext.cs: da94b5acfb57480365ecf7eea6ee6b0f -> 
  custom:scripting/monoscript/fileName/Vector2IntField.cs: ba00b33ea4f2257c51a40a39bbdb4528 -> 
  custom:scripting/monoscript/fileName/ColorWheel.cs: f76cc18000f06f73a697a5aa0353462a -> 
  custom:scripting/monoscript/fileName/PerformInitialCheckin.cs: be22d181e456c0a8a5713675f29ac72a -> 8ef9a9f407b8b94b2b5fad9d24e61f79
  custom:scripting/monoscript/fileName/PluginAttribute.cs: b63651bbaab0341ec100d4ba8779f1fc -> 813c19932992710d73442c18f504dce4
  custom:scripting/monoscript/fileName/SessionChangesTracker.cs: d6ce70af4c694315f0423bb92ed87128 -> 
  custom:scripting/monoscript/fileName/TextToImageResponse.cs: ba99477439a8068a3bd8460ca97545ce -> 
  custom:scripting/monoscript/fileName/ConflictResolutionState.cs: 51eaf597f9533c7ed197ad15e802d20f -> 74a230000ff2fd58c5a60ab4258207dc
  custom:scripting/monoscript/fileName/PackageResources.cs: 2661c59ead04da509cd2840c0afde92c -> 
  custom:scripting/monoscript/fileName/Dropdown.cs: 5746b9966e2224fc01bb767f83d3bed6 -> e2499375dbab18b142e2db07a091d792
  custom:scripting/monoscript/fileName/PngMetadataEditor.cs: 4bf9147a90382a74cb3ff54c58bfe03b -> 
  custom:scripting/monoscript/fileName/FindWorkspace.cs: 39bbd18bfe6bf4a99f5c185dcda4dd4a -> 6af6c9e9382fef881c020ab184e6f7f5
  custom:scripting/monoscript/fileName/IncomingChangesNotifier.cs: 10fad815611441fb3a805150421ed991 -> 
  custom:container-demuxer-ogg: 62fdf1f143b41e24485cea50d1cbac27 -> 
  custom:scripting/monoscript/fileName/ResourcePathAttribute.cs: 119835f2547b92833998a770cee38fec -> 
  custom:scripting/monoscript/fileName/TrainingRoundsView.cs: e0ad77ec9444de11c0825c061c64ae3c -> 
  custom:scripting/monoscript/fileName/ModesListSelector.cs: bb24963f36b5ef9e026801ac08a8e752 -> 
  custom:scripting/monoscript/fileName/CheckinConflictsDialog.cs: d3af1d70d3f60a9847d2942647274222 -> e13fa04a97fb675842c94586fc602871
  custom:scripting/monoscript/fileName/AuthToken.cs: d22b2893825e943bc1389be142abd57e -> 0fba7e8eb1ec8b699f274cdc956451b2
  custom:scripting/monoscript/fileName/ProgressControlsForDialogs.cs: 6bf8e69ac7dc2163fe988e5d8181ce88 -> 7e6bd1727985204e3b64e1946e589b1c
  custom:scripting/monoscript/fileName/UIModeFactory.cs: e8b2ee6f4479ca25afc7cd092d420e4b -> 
  custom:scripting/monoscript/fileName/AssetStatusCache.cs: beede06d8a6d93e7907fd192ad653f2b -> 260d5f85663ac58b2a7e9553c453bc3e
  custom:scripting/monoscript/fileName/IMaskOperator.cs: 308963f687d77a9ca70271ff368bf574 -> 
  custom:scripting/monoscript/fileName/ControlsFactory.cs: 68a844728f5cdb7674034d66b4f4ba5c -> 
  custom:scripting/monoscript/fileName/DrawIncomingChangesOverview.cs: 6d1aadb525661622ddc7d545c55841f2 -> 
  custom:scripting/monoscript/fileName/BuildFormattedHelp.cs: f675844664504d88a0d8165e2b08a2bf -> 
  custom:scripting/monoscript/fileName/Radio.cs: 7e64392a57fa0a9e8f30f84bbc566e82 -> 
  custom:scripting/monoscript/fileName/OrganizationPanel.cs: d7ac1288bef1b15a05bb26d201a4d87f -> 57a57e6a345dbd536e91c348b70943a9
  custom:scripting/monoscript/fileName/EditorModelAssetEditor.cs: a56869b96c6ddcbc2c143436dbdaa8ab -> 
  custom:scripting/monoscript/fileName/Menu.cs: 01036f820f0aba5246103f5e583c45bb -> 5eba48b4d6d147021b8e165ca83d35a2
  custom:scripting/monoscript/fileName/EventBus.cs: d8ea2dc762a72245c304a2a3b93a89eb -> 44116646ae5a8e68b53a6428a288d598
  custom:scripting/monoscript/fileName/MigrationProgressRender.cs: 94a7accb6b5be388f3abff6285d8f1af -> 
  custom:scripting/monoscript/fileName/ChangeCategoryTreeViewItem.cs: 0f882939555cf173ece99b60f8f54ade -> fd14db176fff061715c8ec88ced1902f
  custom:scripting/monoscript/fileName/LegalConsentResponse.cs: e451b09569d331c382e3b7cd0be62dbb -> 
  custom:scripting/monoscript/fileName/CurrentUserAdminCheckResponse.cs: cec2f173fe8732108711c497674c6f66 -> d57c2dcace740834acd59fdfbc5023b8
  custom:scripting/monoscript/fileName/StyleData.cs: bc22e4630630d4b0375c440a9929c8fc -> 
  custom:scripting/monoscript/fileName/TrainingController.cs: a7d276f7670d7d29447a9f4ead2b59ba -> 
  custom:scripting/monoscript/fileName/Clickable.cs: dcfa54024397dad01b26b11b6fb78cdc -> 
  custom:scripting/monoscript/fileName/Debug.cs: 8cb796a7d561e888255a84496f78b643 -> 
  custom:scripting/monoscript/fileName/ActionItem.cs: 8fbe402fc340529c8d6b0f57da736347 -> 
  custom:scripting/monoscript/fileName/TrainingSetTabView.cs: da2bc88327174be1f41afe4c936f452b -> 
  custom:scripting/monoscript/fileName/AccountLinks.cs: 24122d0e6f5c49b5739cb1e1d29bd3df -> 
  custom:scripting/monoscript/fileName/UIElementsExtensions.cs: a191d7293be4538b0adb29dfe5b06a46 -> 52e0d612ab032e4d22e9558b90396b99
  custom:scripting/monoscript/fileName/TrialForm.cs: de40414fa31698e62530bcfe685c7e2f -> 
  custom:scripting/monoscript/fileName/ObservableObject.cs: a6ccb0df61db355f1314fcc09a3326be -> 
  custom:scripting/monoscript/fileName/CreateBranchDialog.cs: c429477092287209232592c8cde1a615 -> 9eb29fda08033b4f847247136c412db6
  custom:scripting/monoscript/fileName/RestCall.cs: 6cb4408ae037cdac0e2e0a800ffb0514 -> 
  custom:scripting/monoscript/fileName/RectExtensions.cs: ca8f43c621c2c11f812d0eeda1298c5a -> 
  custom:scripting/monoscript/fileName/StyleTrainerArtifactCache.cs: be034ce7b04be8de7936bf9e7ce8c00e -> 
  custom:scripting/monoscript/fileName/Vector3IntField.cs: 802fda2df94180c7bffc140f8b0eeb2a -> 
  custom:scripting/monoscript/fileName/ClientStatusResponse.cs: 176286fece9460ebe0ebf683964003c7 -> 
  custom:scripting/monoscript/fileName/AssetDeleteWatcher.cs: f2313bdd54ae3c1f9b57dec080173cc1 -> 
  custom:scripting/monoscript/fileName/ICloudContext.cs: 406f589c07b038035da655e37a32f524 -> 
  custom:scripting/monoscript/fileName/Action.cs: 39a4a2ee39ef18e1bf2fee287e7fa505 -> 
  custom:scripting/monoscript/fileName/DrawCreateWorkspaceView.cs: 6422239d8f649480614f0dd4f018b7f2 -> c6039ac84d85ab3926aa94de163a9f7d
  custom:scripting/monoscript/fileName/BottomNavBar.cs: ad97eabc6f922c50bffab03570081c2d -> 
  custom:scripting/monoscript/fileName/ProjectPath.cs: 5634ebdbea8ca94089eb9622d1b60497 -> 2007f972d3a73eeb86dfe05e849c7f69
  custom:scripting/monoscript/fileName/IRelayCommand.cs: cb655cf30ac00745ed5fc4690824568b -> 
  custom:scripting/monoscript/fileName/SSOCredentialsDialog.cs: 8967ceae1bc195ea8dd32b23c42dd852 -> e140ede12a96f68f30062138385171c3
  custom:scripting/monoscript/fileName/ExperimentalProgramSignUpNotificationView.cs: 29e4119b692f6d54409a241bc47530c7 -> 
  custom:scripting/monoscript/fileName/Popup.cs: a3019c018d9dcc9a20d74fe2a8ad6b61 -> 
  custom:scripting/monoscript/fileName/CircularProgress.cs: 84f512acaf26829ec4cac9a6eccf4967 -> 
  custom:scripting/monoscript/fileName/MenuBuilder.cs: a5707ceb1ee47db48c3e17dd941059c2 -> 
  custom:scripting/monoscript/fileName/DownloadPlasticExeDialog.cs: 2dd40c53d0303d041a27a44a95c331cb -> 093cfe0607c2346a88cdfdfe1435614f
  custom:scripting/monoscript/fileName/ImageArtifactCache.cs: b41d430efcc86539a1a17888c9332dfc -> 
  custom:scripting/precompiled-assembly-types:Unity.Muse.Sprite.Common.Editor: 68a549d84d23f904b877cb06871c0bd9 -> 
  custom:scripting/monoscript/fileName/PageIndicator.cs: cf951bf6247fcf363fbb4e3a426286b0 -> 
  custom:scripting/monoscript/fileName/Mask.cs: 4beddf0e60d5cca0ed72d2f2bd834a0d -> 30def7c5b8ef23ce62910d8eb0c002c6
  custom:scripting/monoscript/fileName/GradientExtensions.cs: 9954455631d560b68c6e8c00503fa823 -> 
  custom:scripting/monoscript/fileName/ServiceAtribute.cs: 8cae505ba4d8e8cb6c0368f1bf3e09df -> 
  custom:scripting/monoscript/fileName/MenuDivider.cs: c71d02adfcd027f2bdbfc9420fb522b2 -> 
  custom:video-codec-MediaFoundation-h265: 746d11721c4dcdbdad8f713fa42b33f4 -> 
  custom:scripting/monoscript/fileName/AnalyticsManager.cs: e8e6afb9228012714bffaaf46f6d5f8a -> 
  custom:scripting/monoscript/fileName/PreferenceDataWrapper.cs: 90647cc400823b41df847a6cbfc29026 -> 
  custom:scripting/monoscript/fileName/PendingChangesTab_Operations.cs: c99065f3c85ec85c85ece2a1a30665af -> 15ae6787065f4af65778e981f418a60b
  custom:scripting/monoscript/fileName/LocksListViewItem.cs: cc9cd24c5be4f7363367cba72f12aad4 -> f4a19fabbec093eb3d6a7e1cd4f42611
  custom:scripting/monoscript/fileName/Badge.cs: 83d9188d0e4daa7e59ab57f3b4a721a3 -> 
  custom:scripting/monoscript/fileName/SubscriptionView.cs: 0a6a12b577568fc16f82e2602861db25 -> 
  custom:scripting/monoscript/fileName/FloatingActionButton.cs: f3140e807232249ffd563637202b6dae -> 
  custom:scripting/monoscript/fileName/LiteDbArtifactCache.cs: f0f79f780fd527fec1893cc8719e4e77 -> 
  custom:scripting/monoscript/fileName/UsageProgressText.cs: 599cdc404d85c01a4ade4349aa2c1d16 -> 
  custom:scripting/monoscript/fileName/PendingChangesViewPendingChangeMenu.cs: 561ad0f702e1db14300a4a5f810051f9 -> 9a6ef2277212bf26d647c7f12f946287
  custom:scripting/monoscript/fileName/ExperimentalProgramLimitReachedNotificationView.cs: 778011bc57396f004425edd4090715a3 -> 
  custom:scripting/monoscript/fileName/SignInPanel.cs: f7e82045994d4eefe3b021faa87b55c6 -> bac0318ce35e37bed3a2cc8137452435
  custom:scripting/precompiled-assembly-types:LiteDB: 89a8f94dee7a786c6853bd164e479e44 -> 
  custom:scripting/monoscript/fileName/ApplicationExtensions.cs: 72128436081c5def0b77c67ac90d8dfb -> 
  custom:scripting/monoscript/fileName/DrawInspectorOperations.cs: 61c4a6a6507d8f84ef5bdf5cba3f0aee -> 8c94fe642e98309082411f46db89106b
  custom:scripting/monoscript/fileName/DrawDirectoryResolutionPanel.cs: a77980eb09765fe85cd85d4a47964cf2 -> e4e3c9b4bc511687802b504b71016540
  custom:scripting/monoscript/fileName/CanvasPaintToolManipulator.cs: 90647cc400823b41df847a6cbfc29026 -> 
  custom:scripting/monoscript/fileName/CloseWindowIfOpened.cs: d820344e932a12600b5fe6fb7e9f1563 -> ce229ef3b7461ff17e2c1af0695a6657
  custom:scripting/monoscript/fileName/PanTool.cs: 092010d74b4d01f9e56f1101c47a9b84 -> 
  custom:scripting/monoscript/fileName/SaveAssets.cs: e472a52843752df7d7ad4ca6b2c8da98 -> b56abea3d51c742ac29e4aec958afad6
  custom:scripting/monoscript/fileName/AppBuilder.cs: b479ec76de0db67e4ff7d691c2123eb7 -> 
  custom:scripting/monoscript/fileName/AccountController.cs: 600b1a7a9ce1b69d9d5774e277838306 -> 
  custom:scripting/monoscript/fileName/UpscaleImageResponse.cs: 6f238511a27ceba7772b28bdd4ac1387 -> 
  custom:scripting/monoscript/fileName/RepositoriesListView.cs: 9f95c83dc460fb03fb0916472f14b8a7 -> 95287f65338ca0073ad04002a16eaaf7
  custom:scripting/monoscript/fileName/Painter.cs: b7249ddca51eb584c36cee36d1671d58 -> 
  custom:scripting/monoscript/fileName/PointerMoveEventExtensionsBridge.cs: 5d7b40b449d6de417258a7b462a82a5f -> 
  custom:scripting/monoscript/fileName/AssetOperations.cs: 638daf61300bf6ad727538516d4fa3e2 -> 
  custom:scripting/monoscript/fileName/HandleMenuItem.cs: 740e54c5f6dca1acc88cad87af74b744 -> b4ad1ecc5243212c5967125ad5e41b1f
  custom:scripting/monoscript/fileName/ScreenResolution.cs: 5c975132cf4e36dcc261bd0acd604271 -> 7bb7bb5b955671820101b322f0a7bf3d
  custom:scripting/monoscript/fileName/Response.cs: 2e3aea66b1698dc0d3c4a4ad5e1b9726 -> 
  custom:scripting/monoscript/fileName/ApplicationDataPath.cs: 8e4094e28762fb76a1baecfe90c6b65e -> 3e8c4ea8debfda8013fed860ac233d22
  custom:scripting/monoscript/fileName/ResourceManager.cs: f0686c417ceda3f908c029dad3fbd36d -> 
  custom:scripting/monoscript/fileName/Date.cs: 0beac2edccb92a74058b45406bffc2d9 -> 
  custom:scripting/monoscript/fileName/PaintCanvasToolManipulatorUndo.cs: ba006b418a2dd50207a636700202a02f -> 
  custom:video-decoder-ogg-theora: a1e56fd34408186e4bbccfd4996cb3dc -> 
  custom:scripting/monoscript/fileName/ControlToolbar.cs: bce44eb26b05ba932b3ee39eeb4f431f -> 
  custom:scripting/monoscript/fileName/RepaintInspector.cs: f134606300316994850c28a68d0cb5a3 -> 
  custom:scripting/monoscript/fileName/LockStatusCache.cs: 5e3725e03dc21c716034553589a67eae -> e99b3f34c5cd3eb73ec19439af1f7f80
  custom:scripting/monoscript/fileName/DiffTreeView.cs: 68195907d129ef826aa6b6df7202696d -> 49f46fd2a65ea674a218eead75f27aac
  custom:scripting/monoscript/fileName/DependenciesDialog.cs: 82d30fc8d5e1a73ec0d1ee9acc00fbc2 -> c8902186ab2f4e6471b5dd147afb01b6
  custom:scripting/monoscript/fileName/ChangesetListViewItem.cs: 95a197949f1e777703db60eea8cc21b3 -> d742a4910e302777daa1ccb9c8e92cb9
  custom:scripting/monoscript/fileName/StyleTrainerProjectDataEditor.cs: 4bd0ab6b4e085b67e7eb63fe2062e50d -> 
  custom:scripting/monoscript/fileName/LocksViewMenu.cs: fda08381fa9abca53b6eaf3bf55f14f8 -> 186d8514e824865b191ba1829afe4b33
  custom:scripting/monoscript/fileName/MuseShortcuts.cs: 590ae4dc62a6a5b31c7b23b1facd42f8 -> 
  custom:scripting/monoscript/fileName/TrialExpiredNotificationView.cs: 69e9ef7db1effea284cd0c8b96593c7d -> 
  custom:scripting/monoscript/fileName/MenuItems.cs: 02458b03504b169034c7698e9b362ea3 -> 
  custom:scripting/monoscript/fileName/IncomingChangesViewMenu.cs: 832662bce0cd8edd53cba36a0dd96da0 -> 13196979a03411533716f6775c9a624b
  custom:scripting/monoscript/fileName/QueryVisualElementsExtensions.cs: 75ea535788abf9c38ba9341c984a6241 -> a49740b6efbb934f55475cc70b864a4c
  custom:scripting/monoscript/fileName/TextArea.cs: f97569ab8bee09eb0780c3b61b2f31cc -> 
  custom:scripting/monoscript/fileName/OperatorsFactory.cs: 8dca1d83f88c098e2de5647023d24aa3 -> 
  custom:scripting/monoscript/fileName/ValidateTrainingParametersTask.cs: a74328793b334749e97837643fcecde7 -> 
  custom:scripting/monoscript/fileName/Model.cs: bb54f90838b10d16ae985d74455b30c0 -> 
  custom:scripting/monoscript/fileName/UIToolkitAppBuilder.cs: 90647cc400823b41df847a6cbfc29026 -> 
  custom:scripting/monoscript/fileName/WriteLogConfiguration.cs: 1a8401f47b522f631a3dc005105719f5 -> 1589212d1638ae91a029ea3ddf9999f2
  custom:scripting/monoscript/fileName/WindowsNativePluginImpl.cs: 3ec1c7461d3f4fe1a5b050aae98f717d -> 
  custom:scripting/monoscript/fileName/VisualElementUtility.cs: 7d88470305e0bf18eb683ff6709fbdab -> 
  custom:scripting/monoscript/fileName/OperatorOverrideInterface.cs: 13c431eb0d82e5774fdbf6a3366867ea -> 
  custom:scripting/monoscript/fileName/InputLabel.cs: 49b863d615896dcc083798bf3d046079 -> 
  custom:scripting/monoscript/fileName/Chunk_eXIf.cs: 602f9ba7645d0c2f4c09597b59ee716b -> 
  custom:scripting/monoscript/fileName/DrawTextBlockWithEndLink.cs: 1cc3e67c46bd397f9508f124a3366994 -> 
  custom:scripting/monoscript/fileName/StyleTrainerProjectEvents.cs: 9ed25d1349c6d954fba97e35011ba51f -> 
  custom:scripting/monoscript/fileName/FileSystemOperation.cs: c31a686e69e66801c204a11be56c950a -> f0ccbe91654279794a85bf6f1c034716
  custom:scripting/monoscript/fileName/DropTarget.cs: 90647cc400823b41df847a6cbfc29026 -> 
  custom:scripting/monoscript/fileName/MigrateCollabProject.cs: af93695e471d9c8e4ad014c4165f2c3c -> 9f3487f03a783b35518405572f20ac9e
  custom:scripting/monoscript/fileName/NegativePromptOperator.cs: 815defebcf819975cfdee9c085c7ad50 -> 
  custom:framework-win-MediaFoundation: 216162199b28c13a410421893ffa2e32 -> 
  custom:scripting/monoscript/fileName/ProgressControlsForViews.cs: 7d677c6df38ab15cf390062b5b0bb854 -> a8a18a90f46aa63848e1e45d8d7ff9af
  custom:scripting/monoscript/fileName/BaseVisualElement.cs: 41f13541a96f1482e6b79a5f3f2996be -> 
  custom:scripting/monoscript/fileName/TextContent.cs: e0d2ee591009ed5092e3bd11649e47e0 -> 
  custom:scripting/monoscript/fileName/StyleTrainerBackend.cs: c5e86cc9357cd629edd6e7f978c853c6 -> 
  custom:scripting/monoscript/fileName/DrawAssetOverlay.cs: 04a46044def089f0abcdafdd281e3646 -> 
  custom:scripting/monoscript/fileName/VisualElementNotFoundException.cs: fb75b149ee57566da550ff39c6056721 -> 
  custom:scripting/monoscript/fileName/ProjectWindow.cs: c62567a3d71fd74636bc783de5162474 -> 
  custom:scripting/monoscript/fileName/Spacer.cs: 3fac01231831dde4228ef3b592ed0a32 -> 
  custom:scripting/monoscript/fileName/ImageArtifact.cs: 01bbb359a3b64b3399c0a9ab68b5a328 -> 
  custom:scripting/monoscript/fileName/MergeLinksListView.cs: 826afb5fb5988163105086b4bf5027af -> c9488671ae9b14523680d0c19097baa0
  custom:scripting/monoscript/fileName/UIMode.cs: aac12471a15791ca35df167a95a1dcbe -> 
  custom:scripting/monoscript/fileName/ListViewItem.cs: 326c5eabddf9864b78868a6434ac78ec -> 
  custom:scripting/monoscript/fileName/DateField.cs: feb77a736081aab70ed63fef69c00497 -> 
  custom:scripting/monoscript/fileName/SizeIntField.cs: 9546cd4aad2707a7147cb9095f6d4998 -> 
  custom:scripting/monoscript/fileName/EditorProgressBar.cs: 7418be9b22aaea32732f8a5f49569d1c -> 08c2f2b90ef64df631d46389f0e22c8e
  custom:scripting/monoscript/fileName/AssetMoveWatcher.cs: 991a20307c8f2e2fd790c7e7090bf607 -> 
  custom:scripting/monoscript/fileName/UnityObjectPicker.cs: 1386fe52bb314421e24752c4dc9a06e5 -> 
  custom:scripting/monoscript/fileName/Quote.cs: a6081a86d957003ed19b1bd4df965477 -> 
  custom:scripting/monoscript/fileName/TrainingSetModelEvents.cs: aafb6a0b20b0bb274b299bb897da8904 -> 
  custom:scripting/monoscript/fileName/TrainingData.cs: 4cedb5329c658f84d99303ddf63aec13 -> 
  custom:scripting/monoscript/fileName/ArtifactNode.cs: 0f53defbb70ed19f2f61da31385e9b88 -> 
  custom:scripting/monoscript/fileName/MeasureMaxWidth.cs: cd9322680ae61d38397008451b7ed0ed -> 1569e3f1dad91a9b01cba66ab6aa30b0
  custom:scripting/monoscript/fileName/StyleModelList.cs: 925249c69604c6d79a493ec3321430cc -> 
  custom:scripting/monoscript/fileName/ISizeableElement.cs: 33d3bde9f881b02e6aaf697c08c974cf -> 
  custom:scripting/monoscript/fileName/ArtifactExtensions.cs: 2f097918603125212876c397b77eb192 -> 
  custom:scripting/monoscript/fileName/SquareBoxHandler.cs: f51b387b421e24615d4af4bc4c1614bb -> 
  custom:scripting/monoscript/fileName/IconHelper.cs: 468927bb450b54907c4b9ee9e81a083a -> 
  custom:scripting/monoscript/fileName/EditorSpritePreferences.cs: 359f2cf230a507ca9eb5308c15a06acd -> 
  custom:scripting/monoscript/fileName/ImageVariationRequest.cs: 5b71d37b4ced9f4fa4aba0e9276a2834 -> 
  custom:scripting/monoscript/fileName/SingleExtensions.cs: c1bddaafd029f15a36d3f848ba08025c -> 
  custom:scripting/monoscript/fileName/ChangesetsListHeaderState.cs: 69fc4f1a2bc3782d7043ec48961a3616 -> fe1392f9b135da83e13fe8a5e5f39fc2
  custom:scripting/monoscript/fileName/PopupNotification.cs: 0cdf409b5aa8d4c25876d72b5c6a3b60 -> 
  custom:scripting/monoscript/fileName/MuseWindowTracker.cs: c07147d779a4bd270c651520b5071190 -> 
  custom:scripting/monoscript/fileName/Chunk_iTXt.cs: 92e0ead912a564f05af67238c8ebaffe -> 
  custom:scripting/monoscript/fileName/TextToImageRequest.cs: 69542aab4ac947b24cf8befbdf3e52bb -> 
  custom:scripting/monoscript/fileName/MainThreadDispatcher.cs: 68f6815e06a5ce58c0fb2b6cd99fa995 -> 
  custom:scripting/monoscript/fileName/EventServices.cs: 6229cafe96280844a3bf907e0592a7f4 -> 
  custom:scripting/monoscript/fileName/PendingChangesTreeHeaderState.cs: 7d278b5569d28437d07554a3bbb56e1b -> 5d7f70d142c9ac67864ec14950523d62
  custom:scripting/monoscript/fileName/ImageVariationSettingsRequest.cs: af7f367068b43933bf21aef2f9a44726 -> 
  custom:scripting/monoscript/fileName/ChangelistMenu.cs: ca33bac56b3a337faa90a1b1bba632d6 -> c1bf5aeb760cc5eae584ea3944d6531b
  custom:scripting/monoscript/fileName/MissingEncryptionPasswordPromptHandler.cs: 7f5831fc8a41e9cadd84fcfd0e885072 -> 5d7b9646eb14a39b6d3d5bab19d266ff
  custom:scripting/monoscript/fileName/NotificationBar.cs: d1a4cf5e8103d80fd25347275f906aa8 -> 50f1a85fa18d94338418def78dcd8543
  custom:scripting/monoscript/fileName/UnityThreadWaiter.cs: dbd556f2802baab90a20da38c288d36c -> 99333406d92d10003984b4d1920de2f9
  custom:scripting/monoscript/fileName/CredentialsDialog.cs: 179b5e49656a1623c2e79d838f0f5876 -> c785d5e40f8d66b7ef7ba04ee7c324e0
  custom:scripting/monoscript/fileName/AnchorPopupUtils.cs: a0584789c81f7f2d245326e3bebfa472 -> 
  custom:scripting/monoscript/fileName/BaseArtifactCache.cs: 78ba67a07741bdd99c65c4dee258c39d -> 
  custom:scripting/monoscript/fileName/StringConstants.cs: 4dc223908517d89f5568f1bf4e9cfb06 -> 
  custom:scripting/monoscript/fileName/GetRestorePathDialog.cs: e21eb9983f0b989125951478cd5e9b35 -> 353d1126ca2d2063d5bdbd06806ffc08
  custom:scripting/monoscript/fileName/UpdateReportListHeaderState.cs: 64a5bf775d221ad9a5ff8c78a1e0e1fa -> d6cbe54be2898ed2c96c2e79572c2e08
  custom:scripting/monoscript/fileName/LocksListView.cs: 8c6202774eebcf67be9c3b5a2926cc7c -> 7aa51ff93bcc98aa05dec8b46ec200c4
  custom:scripting/monoscript/fileName/DownloadAndInstallOperation.cs: b043b8d5921892e87f4566e00162cff6 -> 4f4065aeafda2af0ec272a3c228e27b2
  custom:scripting/monoscript/fileName/DayPicker.cs: 3336c9057b1563f28e3d9c3a4250f8bf -> 
  custom:scripting/monoscript/fileName/MigrationDialog.cs: 1a69d399f9c8aa816a053d285dd8bc5d -> 
  custom:scripting/monoscript/fileName/StartTrialResponse.cs: 4f89ea955d5f973884b90522d0e795e0 -> 
  custom:scripting/monoscript/fileName/ArtifactDragAndDropHandler.cs: e66449520ec138bdd53eec7634b6963c -> 
  custom:scripting/monoscript/fileName/BrushTool.cs: 0cdf409b5aa8d4c25876d72b5c6a3b60 -> 
  custom:scripting/monoscript/fileName/AsyncUtils.cs: 155ba1bf93fd0ef84c4a81a74ec7e9fb -> 
  custom:scripting/monoscript/fileName/BookmarkManager.cs: d9e8641b6dd9d08743ab96743bebf8d2 -> 
  custom:scripting/monoscript/fileName/AssetsList.cs: 31d86d36f93c653f8720ba0424fb6e4f -> 
  custom:scripting/monoscript/fileName/DiffTreeViewMenu.cs: 3e62bfc69ca7486976988e151b88922e -> 8039fc4ecf68b3e966e1f4822789e7fa
  custom:scripting/monoscript/fileName/GenerateLowerCaseStrings.cs: 8d64f621c9e8b7007dcbb267e8c822be -> 
  custom:scripting/monoscript/fileName/UnityStyles.cs: 3baa02211be39820dbbec2a866a726db -> a77bf4c43409620cb9527bf40c7b31b2
  custom:scripting/monoscript/fileName/HistoryTab.cs: 4d086984813cd90d6be245dd8e03a2ba -> d57f000c65fde42a2228c7a105a836e5
  custom:scripting/monoscript/fileName/HistorySelection.cs: 7c3afcf345a55e8b77ea41ca0f570218 -> 3d07a3d1241e204b5420d71f1137eba4
  custom:scripting/monoscript/fileName/CreateWorkspace.cs: 7b3086384e5ddcd73cd5064a3ce31cd2 -> 5256205b5cf0570b6f698c7abe518f5a
  custom:scripting/monoscript/fileName/ShowWindow.cs: c731454122754eec192bc3c53fac3d95 -> a6bb1d20733c178256b38974418d7450
  custom:scripting/monoscript/fileName/AccountDropdownContent.cs: 4eee64192f1486edf0f7c526c4614d1a -> 
  custom:scripting/monoscript/fileName/LocksListHeaderState.cs: b80c5f044f18764adef2e9dbea5f0fb1 -> c7fe4d3b5f954615048f8e79925d29e3
  custom:scripting/monoscript/fileName/Artifact.cs: f9b3ce1896376c81c396ae4c652fdc60 -> 
  custom:scripting/monoscript/fileName/TrainingRoundsContent.cs: 541d8113a84b8e005f2a6624d5989a8f -> 
  custom:scripting/monoscript/fileName/SVSquare.cs: 1b432deb87fac92f80a0fe99a56c4ff8 -> 
  custom:scripting/monoscript/fileName/CreateRepositoryDialog.cs: 1e1c5399cf3d0b071c7982c565a710ce -> 5cec3e66b09e0dbe1f805953c5c64af9
  custom:scripting/monoscript/fileName/SpritePreferences.cs: 60cded6df0fe684b8a08905a3ac238ff -> 
  custom:scripting/monoscript/fileName/ProgressControlsForMigration.cs: dafc8442bdd0dcb5e871e398f32473ec -> 
  custom:scripting/monoscript/fileName/RenameBranchDialog.cs: a3111a345c6451ee64cd16f1989c2313 -> e5c89c05c87517babb3730e87196a494
  custom:scripting/monoscript/fileName/SimpleImageArtifact.cs: 03f41fbc7b8afabc190bf9bab6e49edc -> 
  custom:scripting/monoscript/fileName/KeyCodeExtensions.cs: bc64d91ab9eab30889fb6bcd41dad5d0 -> 
  custom:scripting/monoscript/fileName/EncryptionConfigurationDialog.cs: 6423045767c07e6360ff314ec741c601 -> 19e9c54aff6ffc68d60fe11f80578947
  custom:scripting/monoscript/fileName/IApp.cs: 67d80403cf6549b9afa9c4656bcee33d -> 
  custom:scripting/monoscript/fileName/MuseModeAsset.cs: b9a420f824c31b3edcda0befabdedc15 -> 
  custom:scripting/monoscript/fileName/SubscriptionExpiredNotificationView.cs: a3fd2efc2c58564ef6bad16f60c918dd -> 
  custom:scripting/monoscript/fileName/ChangingEvent.cs: 52294d215f73118153766794d56d2473 -> 
  custom:scripting/monoscript/fileName/CheckinProgress.cs: 298ac58365579798eb3b4defc181ccaf -> 75b93dbc5ef307111f0647f735640420
  custom:scripting/monoscript/fileName/IMusePreferences.cs: abae60b8cbff56f74d04b9e75189e040 -> 
  custom:scripting/monoscript/fileName/Toggle.cs: 017904334519ba6715a1a15f6aaaacc0 -> fc59b554e8aca13c5f78dc9bb5f2dcbb
  custom:scripting/monoscript/fileName/GenerateOperatorUI.cs: 8b7f80ad8efd8c599e6417e8b8454481 -> 
  custom:scripting/monoscript/fileName/PageView.cs: b6575a0cd18fba497277a29259801e70 -> 
  custom:scripting/monoscript/fileName/TouchSliderFloat.cs: 3e57afb4e5b2b34607b95cbe35359ce8 -> 
  custom:scripting/monoscript/fileName/Modal.cs: ac4f1ddb04edb0dd87aee595e7480a25 -> 
  custom:scripting/monoscript/fileName/PendingChangesSelection.cs: 766664749a54eea9ecce5dff917430ef -> 1721ad72d074757364587c71b49d9382
  custom:scripting/monoscript/fileName/ArtifactData.cs: 2b8227e2d001a0449d584e15a3844f28 -> 
  custom:scripting/monoscript/fileName/Vector2Field.cs: 6b17e9437443e0cbb2f04b30e343c6d5 -> 
  custom:scripting/monoscript/fileName/Handler.cs: 37a2fd607c6ff4883384408b7183ae79 -> 
  custom:scripting/monoscript/fileName/StyleModelEditorUIEvents.cs: 3c685096cfeb812484068abc2178cceb -> 
  custom:scripting/monoscript/fileName/CanvasManipulator.cs: 51c58ff48bcc2da62ab8258b844bf1e9 -> 
  custom:scripting/monoscript/fileName/MuseModeImporter.cs: 056ea6e19325cb40b7a8ce2d477ebdbd -> 
  custom:scripting/monoscript/fileName/LongField.cs: e1e7f73a20df11b5b5836a08d4ef0814 -> 
  custom:scripting/monoscript/fileName/Utils.cs: 3cd63f9b3d347d889893c24790d5f1ed -> 40c528c300bfc0733192292a788cb076
  custom:scripting/monoscript/fileName/TextAreaCount.cs: 246c29ebce272a035a405afe611bd2d8 -> 
  custom:scripting/monoscript/fileName/LoadAsset.cs: 9042eb334fc462cf466672445be1d4c2 -> 5e4e082aa5b21c13b80eb237fe94d00b
  custom:scripting/monoscript/fileName/AsyncRelayCommand{T}.cs: a78b7dd3235f68e176b91d4ce37350d3 -> 
  custom:scripting/monoscript/fileName/Images.cs: 0b0c14141950fed99e3ef33199b3b4c9 -> fbdd1e600315d249327f3effde045c9d
  custom:scripting/monoscript/fileName/DrawLocksListViewItem.cs: ce3a3d64ec2d84c3556ffd4141efc4f7 -> 6201c4d50383e970d554210505562d37
  custom:scripting/monoscript/fileName/SpriteRefinerBackend.cs: 84bf89c12de06aee628b7f464eca7a0f -> 
  custom:scripting/monoscript/fileName/DrawProgressForOperations.cs: ea9179848be98ee7719316b39339ef29 -> b544f18e6532ba53bbd1b691fa5cd571
  custom:scripting/monoscript/fileName/TrackpadGestureManipulator.cs: 58b1136f367f60be8c53e52c844a3d03 -> 
  custom:scripting/monoscript/fileName/ClientDeprecatedNotificationView.cs: 353ae66bc3f592131011ced583c4dee0 -> 
  custom:scripting/monoscript/fileName/SliderInt.cs: 15d5dd9c532a4e4102831f3b424ae31e -> 
  custom:scripting/monoscript/fileName/ViewSwitcher.cs: 4df4bf16a6790d08087362d43c346234 -> dd1f6d6bc6ad5beda69b13cdb560799f
  custom:scripting/monoscript/fileName/SpriteGeneratorBackend.cs: 6bf3da9ab2fc01add511d63ba5dc7c5e -> 
  custom:scripting/monoscript/fileName/RepositoryListViewItem.cs: 2f16ba7694ec7934685021093e722c4e -> 3cabcd81911a2500dcd9e2b6ffae3f00
  custom:scripting/monoscript/fileName/InspectorAssetSelection.cs: 71ba78e42827a9b22a9a6016733d756f -> 4b3c1ae4c44d88205aef26229acfe022
  custom:scripting/monoscript/fileName/ISelectableElement.cs: 550dbbfaa6f508cb3e546e5270ea56a9 -> 
  custom:scripting/monoscript/fileName/UVCPackageVersion.cs: c4d95cb84d9d8dff4727eba6b0a64378 -> 
  custom:scripting/monoscript/fileName/IncomingChangesTreeHeaderState.cs: 67923e7c73743bbc0577bc7d884f3ba2 -> 9fcb97ef2da44c66332f5c6800c2e6ed
  custom:scripting/monoscript/fileName/TimeUtils.cs: 969b6b65df9eb2062c5034c63a4433d1 -> 
  custom:scripting/monoscript/fileName/KeyboardFocusController.cs: 2c23b93e7effc67939cfc047dfc68ea9 -> 
  custom:scripting/monoscript/fileName/WorkspaceOperationsMonitor.cs: 5f05751fd4d94e02e79a5bf200f98f9a -> 43dcc435c252a54bdaaf4d6588b7d66e
  custom:scripting/monoscript/fileName/BaseTextElement.cs: f0acf0cb60299ab3ab5a2958d337d80c -> 
  custom:CustomObjectIndexerAttribute: 9a22284fe3817be447336de3de66b15e -> 
  custom:scripting/monoscript/fileName/SubscriptionCallout.cs: 29787b3c50c2d1c4bbad7bcf14f95252 -> 
  custom:scripting/monoscript/fileName/DateRangeField.cs: 18a3081d423f9dd00074bdd2a1decfde -> 
  custom:scripting/monoscript/fileName/SampleOutputData.cs: 22897aa19694a789bc4585e82c2b289b -> 
  custom:scripting/monoscript/fileName/SessionStatusTracker.cs: d1bd15b3f52d6a967c41a0ae6696be12 -> 
  custom:scripting/monoscript/fileName/AvatarGroup.cs: 856ba944e1220d5eccc32d6f44f5fce6 -> 
  custom:scripting/monoscript/fileName/BackgroundExtensions.cs: 386ca0ce48d2373077577e9f234c43b8 -> 
  custom:scripting/monoscript/fileName/FocusControllerExtensions.cs: 3e28bd997a1bd462eec9a663b45883e4 -> 
  custom:scripting/monoscript/fileName/SpriteMuseArtifact.cs: 169af3c16476726535ea090295f9f19c -> 
  custom:scripting/monoscript/fileName/GestureRecognizer.cs: 69c54d4064c4fac5398cdf6a7d82738d -> 
  custom:scripting/monoscript/fileName/UIToolkitHost.cs: 5ddc88fbbd5f6c588fe3a6491f51af09 -> 
  custom:scripting/monoscript/fileName/UndoCommand.cs: 84bd278cfab2b81c7d20ce863ce8a773 -> 
  custom:scripting/monoscript/fileName/MacOSConfigWorkaround.cs: 8634a542fc5c45ea8cd9a8244bf2c871 -> 9fe61e763da506601651f6c451cecb0a
  custom:scripting/monoscript/fileName/IncomingChangesSelection.cs: 281fe0b171b5382d8cd906c4490e5804 -> d86f9f4463e6f9d99bb815e1f018ccf1
  custom:scripting/monoscript/fileName/AccountStatus.cs: a31543dc3392e6c786f25ead659fdd93 -> 
  custom:scripting/precompiled-assembly-types:Unity.Muse.AppUI.Undo: 90c4760754dea85555fa42533ea09da1 -> 
  custom:scripting/monoscript/fileName/SerializedHashSet.cs: 90647cc400823b41df847a6cbfc29026 -> 
  custom:scripting/monoscript/fileName/Text.cs: 1b125045ab42deab9337829e89569121 -> f3cd2527cc0cf233b21b58a0a7d6ebc9
  custom:scripting/monoscript/fileName/ICache.cs: 90647cc400823b41df847a6cbfc29026 -> 
  custom:scripting/monoscript/fileName/DefaultTextureExporter.cs: 6e9bc6f59a9b59ee880ee1fb7a5cce7c -> 
  custom:scripting/monoscript/fileName/SampleOutputPromptExample.cs: a795a77ce31794a73cb2faffe136be7b -> 
  custom:scripting/monoscript/fileName/TaskExtensions.cs: e5efce602ba92c639819dd2bae61750f -> 
  custom:scripting/monoscript/fileName/Optional.cs: 5e2ab9cfe81e04de31d18dbafae66b8c -> 
  custom:scripting/monoscript/fileName/PlasticProjectSettingsProvider.cs: cef4f9742a881d06eb679f9d361242a3 -> 8c4ae1aeb34c51d2a5a8924265075ff2
  custom:scripting/monoscript/fileName/AssetMenuItems.cs: 9ce81cedb8e568c6b7b646aa6263645b -> 
  custom:scripting/monoscript/fileName/AnchorPopup.cs: 44ef4c6c726e4a1804f6d0c83e493e3e -> 
  custom:scripting/monoscript/fileName/ToolConstants.cs: a088b027c7b0922429c756f12b0507ea -> 3b0d2490617bc7f94a0bdab65a399e1d
  custom:scripting/monoscript/fileName/AbstractSelfRefreshingCacheWrapper.cs: 90647cc400823b41df847a6cbfc29026 -> 
  custom:scripting/monoscript/fileName/UsageResponse.cs: c0592b045a5c3e090f870b45c3f76b9b -> 
  custom:scripting/monoscript/fileName/ColorSwatch.cs: d6d756065a06eb0db3d1f414d0f5f0f2 -> 
  custom:scripting/monoscript/fileName/Platform.cs: 8c46423eaf5fd1fa52c3d92f1a9e30ab -> 
  custom:scripting/monoscript/fileName/GetSelectedPaths.cs: 02423a81496d6c63598b5cdc203f4354 -> be35dd49dddd53fc840b9febf21b4d0d
  custom:scripting/monoscript/fileName/TokenExchangeResponse.cs: 0dd9138dbeab6f132711a5b608de5c13 -> f20183d4cf939766d3c1e15cc3bec2e3
  custom:scripting/monoscript/fileName/ExperimentalProgramChangedTracker.cs: 4598bec9764a10141ec9916b6d4b787c -> 
  custom:scripting/monoscript/fileName/ChangesetsTab_Operations.cs: eca44847b108faefa69f8c525242c965 -> 3290c4c0cd248666e01a08ee6d621249
  custom:scripting/monoscript/fileName/Tooltip.cs: 02ca485cb24f1d508c09d3d0ff6a5982 -> efbd10c978725fde614599dc839eb715
  custom:scripting/monoscript/fileName/OverlayRect.cs: 59d6887e4803f8a44ffaa0409470e410 -> 
  custom:scripting/monoscript/fileName/ConfigurePartialWorkspace.cs: 309d4276b0164b05348aedbd51cc0b2f -> 10fcc6b6d43dd5ed36c43c6f7b5906c4
  custom:scripting/monoscript/fileName/VisualElementExtensionsBridge.cs: ec369d36c6468c97e130328c90e933ce -> 
  custom:scripting/monoscript/fileName/ValidRepositoryName.cs: 43c262be3f66a970816e3d3a3ee8872a -> 56bcf92a3678f6ad6215cae2e4914cfd
  custom:scripting/monoscript/fileName/Vector3Field.cs: 09c662da12b61f0e60a1a72c1ad65484 -> 
  custom:scripting/monoscript/fileName/SpriteGeneratorSettingsOperator.cs: 6e3ddac79652e84170610f2a2e0c4d5e -> 
  custom:scripting/monoscript/fileName/TouchSliderInt.cs: 8342ec31db7f867f98fe73e71fb25340 -> 
  custom:scripting/monoscript/fileName/PanelExtensionsBridge.cs: 5ae73243ab5212c82fc6c5c257483cd7 -> 
  custom:container-demuxer-webm: 4f35f7cbe854078d1ac9338744f61a02 -> 
  custom:scripting/monoscript/fileName/UndoStack.cs: f2a7a896a3eb43f16c36c3ace5ee0903 -> 
  custom:scripting/monoscript/fileName/AccountUtility.cs: 4a5fe01e813df741308fab2fbbeb902f -> 
  custom:scripting/monoscript/fileName/GetPlasticShortcut.cs: 2a84c035152261f00e7e66eb44cd0ffa -> 5c2b7bf07ddd2284efc64b09ef0f1f72
  custom:scripting/monoscript/fileName/VersionCheckTask.cs: c676fa93c50f9db1805f03cebbaa3105 -> 
  custom:scripting/monoscript/fileName/GuiEnabled.cs: 1b1658fd7715b5cc664c10a130c6b629 -> 7bb13fcc8d8cbd392e00f7232841f086
  custom:scripting/monoscript/fileName/FeedbackManager.cs: 1ebd3b7a4415ad0d311cd77eac0e15c1 -> 
  custom:scripting/monoscript/fileName/Drawers.cs: c785ed4942098e751ced76453e8d4c1f -> 
  custom:scripting/monoscript/fileName/BuildPathDictionary.cs: 943911b84162d26cea47f964f9a0a399 -> 9fabc7cc73fcfc50b8a3307c6aa6ec4d
  custom:scripting/monoscript/fileName/FindEditorWindow.cs: 2bb64182aef631315344623cf583c78a -> 8c3c78bb7e82ac5008f8a2b8a0d68cff
  custom:scripting/monoscript/fileName/ObjectUtils.cs: 4fd3929bdf9a1e1e0030f700f0e79eb8 -> 
  custom:scripting/monoscript/fileName/Texture2DExtensions.cs: 2bf942fe70866dac1f9e913650fab5b1 -> 
  custom:scripting/monoscript/fileName/DrawProgressForViews.cs: c153245b67af73b7ee03f693a1127796 -> 068a172cb549ad77d9873d721698bd0d
  custom:scripting/monoscript/fileName/SampleOutputVersionRow.cs: 298873222f83390232355adadae7e1be -> 
  custom:scripting/monoscript/fileName/StartTrialRequest.cs: 6b8cb74dbc4afb801e1fa00cf68fbdb6 -> 
  custom:scripting/monoscript/fileName/IOperatorAddHandler.cs: dc8103e14f76aadee5a0ebb8a7464f73 -> 
  custom:scripting/monoscript/fileName/UpdateReportDialog.cs: 706e7e86547c339cdb3a4462e3f7a54d -> 087837d8f73228f1a817d0de82c77260
  custom:scripting/monoscript/fileName/HistoryListView.cs: 527da2d093462f1c4a278d6957e7d5ac -> 7b2d1d2c12ab43d9d244e35197127919
  custom:scripting/monoscript/fileName/RetrieveDefaultStyleTask.cs: 7ccfecca194d13e5f9362b45aead0523 -> 
  custom:scripting/monoscript/fileName/AssetTargetField.cs: b0f499b9caf1456ffbe3eb6bf0f204c0 -> 
  custom:scripting/monoscript/fileName/ChangeTreeViewItem.cs: e3d78a2bee9cc81382a4cb8578dc4fb0 -> b0a38ce0a620643c776a3db4fd91bc4c
  custom:scripting/monoscript/fileName/DateRangePicker.cs: 8d5e43f6351a5491058c70c73c6e5764 -> 
  custom:scripting/monoscript/fileName/BaseSlider.cs: 0cdf409b5aa8d4c25876d72b5c6a3b60 -> 
  custom:scripting/monoscript/fileName/ClientStatusRequest.cs: d7116851b0af3916e0de23bee73945f9 -> 
  custom:scripting/monoscript/fileName/GlobalPreferences.cs: f1f6286dcc811ce5819558867abf8414 -> 
  custom:scripting/monoscript/fileName/AccountInfo.cs: a6eecfd9eb4ce59620bf9573a08812ac -> 
  custom:scripting/monoscript/fileName/ControlNetGenerateRequest.cs: c1242a9adc4f69f0a5c367461591d60a -> 
  custom:scripting/monoscript/fileName/BringWindowToFront.cs: 88b20f2a2881db6a013f54923d68cdee -> a30c7c1ba746c6d277a5aedd3057d15e
  custom:scripting/monoscript/fileName/ServerConfig.cs: 007537d1aaca1dea14b2594125e38207 -> 
  custom:scripting/monoscript/fileName/SplitViewPaneCollapsedEvent.cs: 48a706f8d96743963653e5f96f4a2489 -> 
  custom:scripting/monoscript/fileName/RectField.cs: d14c37cd497b121aa9c60eb568c940cd -> 
  custom:scripting/monoscript/fileName/Chunk_tEXt.cs: 35e653231bbafc7536c57eb63ecb05cd -> 
  custom:scripting/monoscript/fileName/LaunchCheckinConflictsDialog.cs: 4417eba1591eccb2221bfdce0106c1e0 -> e2c1e3f8f4e14a62e4363fe6259adbc2
  custom:scripting/monoscript/fileName/Panel.cs: e7d27ab93edbfa2b8581c2361506daff -> 
  custom:scripting/monoscript/fileName/UnityObject.cs: 508786b4d8395f87febfd22c86f8828d -> 
  custom:scripting/monoscript/fileName/ParseArguments.cs: 03c1a4d7e357164ca313a0019713c3db -> ae915d9f5fe287ced40627c9ca8bfafd
  custom:scripting/monoscript/fileName/ExternalLink.cs: 7eb9650651b43fb98c07816e49275ba9 -> a8ff952d8c27d10f226ab92b7aa83b69
  custom:scripting/monoscript/fileName/WaitingSignInPanel.cs: 247680fcfc6a176b9fa28a3df600a754 -> 7585e1c7111b6b900784e6d1c9454258
  custom:scripting/monoscript/fileName/ICanvasTool.cs: 012b86214b80934bb2b9ce7a93591b32 -> 
  custom:scripting/monoscript/fileName/TestingHelpData.cs: 0d1f98ae9b6fa0253523889fad413adb -> 
  custom:scripting/monoscript/fileName/OperationProgressData.cs: 0db72349eeecbe9449a517b1d79cc760 -> 15f68712baaea535af36d9e0333c0a6e
  custom:scripting/monoscript/fileName/ExternalLinkMenuItem.cs: 23530011005c4434a25ddf2167e5b34a -> 
  custom:scripting/monoscript/fileName/ServicesCollectionExtensions.cs: d177dd596a6cfe0290b20f9cf6b22d0a -> 
  custom:scripting/monoscript/fileName/PinchGesture.cs: cdd2d4ea9ed0a448dc676e483f74e33c -> 
  custom:scripting/monoscript/fileName/RepositoriesListHeaderState.cs: c0353a1af15ae4fd3d5a2a3cac816423 -> fb71b961ab7c924511a6b0e8680b60ee
  custom:scripting/monoscript/fileName/TextToImageItemRequest.cs: f6d3179c46f42b42a71ae0053f7f72d0 -> 
  custom:scripting/monoscript/fileName/StackIndicator.cs: f711fef9166a824dc71a6e80a46ef66a -> 
  custom:scripting/monoscript/fileName/ClientDiffTreeViewItem.cs: 56be9d3aa410e770e75de2d8b93be89d -> 43bdd7aa5bf1aa039a5b572c119c38d0
  custom:scripting/monoscript/fileName/ClientStatus.cs: 9056ded828cbe92c0cb28adadd2c0606 -> 
  custom:scripting/monoscript/fileName/CreateWorkspaceView.cs: c40bc4c8524ef3e2374ef997beb2e4a6 -> 9ae2295080d141c0f12d02a71014e11c
  custom:scripting/monoscript/fileName/CommandLineArguments.cs: 0d20ca25f94249586a7c1484c469d8a2 -> 48a62ad3f817c0269ea7fc4a53799594
  custom:scripting/monoscript/fileName/NetworkNotificationView.cs: ff7afcebb6c381a93c69345000c49c8e -> 
  custom:scripting/monoscript/fileName/DownloadRepository.cs: 46fc68d9cc4da8e8ed765ff28b2dd438 -> 5bad8d3f76a3fcb41a94637e37c11ab0
  custom:scripting/precompiled-assembly-types:UltraLiteDB: a4536179d4e722c80ce4b464dccf6a50 -> 
  custom:scripting/monoscript/fileName/ParentWindow.cs: 2476d8a6ba9c3055f984ac9792cae61a -> d6aa079e592e01701c5baa3ab98898bc
  custom:scripting/monoscript/fileName/OperationParams.cs: 091a140b35535b91c773ddf98925322d -> 3312c7a4424a66ffbf2f88f056f329aa
  custom:scripting/monoscript/fileName/TextFieldExtensions.cs: 7efb6ce12656100110538ee0fafe2876 -> 
  custom:scripting/monoscript/fileName/IControl.cs: 28bf27fcbc3918495f7363c219f5d509 -> 
  custom:scripting/precompiled-assembly-types:Unity.Muse.Sprite.Common: 8eebeddf6e23be20804381c76d824c3d -> 
  custom:scripting/monoscript/fileName/Heading.cs: a16c68fa00c01f804b13f9452b287284 -> 
  custom:scripting/monoscript/fileName/ImageOverride.cs: 879be216ecf9cf4cec0fe9f1c19b0302 -> 
  custom:scripting/monoscript/fileName/IAnalyticsData.cs: cd0ff3d6b4d339cb6972d1eb5be477c9 -> 
  custom:scripting/monoscript/fileName/SignInWithEmailPanel.cs: a5823728eb62cf6dbd8c933c1cb26f53 -> 6e8957c0ed7609303e68389067e72d72
  custom:scripting/monoscript/fileName/ContextChangedEvent.cs: 90647cc400823b41df847a6cbfc29026 -> 
  custom:scripting/monoscript/fileName/SliderBase.cs: 0cdf409b5aa8d4c25876d72b5c6a3b60 -> 
  custom:scripting/monoscript/fileName/Utilities.cs: 09f0e0edaa1a2a592528d4ee11740803 -> 
  custom:scripting/monoscript/fileName/NumericalField.cs: 0cdf409b5aa8d4c25876d72b5c6a3b60 -> 
  custom:scripting/monoscript/fileName/GenerateAnalyticsData.cs: 3d3424b80ee31ca6df1d0ffca2eef719 -> 
  custom:scripting/monoscript/fileName/ArtifactComparer.cs: 50988d3e62d0157bb981f1848f3d6cb1 -> 
  custom:scripting/monoscript/fileName/LaunchInstaller.cs: f9b7c99441bc32980ce9b95be066824b -> b75efdf5909b501e06cacd9c66f75981
  custom:scripting/monoscript/fileName/PngMetadata.cs: 3648d1d1b8822c750e60d6d9f7b6437a -> 
  custom:scripting/monoscript/fileName/AvatarImages.cs: ea6dca998cf0ec5122553a9e010ef687 -> 3aa8c25a350843151ec4070c820c411a
  custom:scripting/monoscript/fileName/AsyncThunkActionCreator{T,U}.cs: 90647cc400823b41df847a6cbfc29026 -> 
  custom:scripting/monoscript/fileName/ServiceDescriptor.cs: 2586fb8ba53c7794e33a539f04b7ecb0 -> 
  custom:scripting/monoscript/fileName/Breadcrumbs.cs: b9a221ac08089146c355402840a63981 -> 
  custom:scripting/monoscript/fileName/DrawHelpPanel.cs: 58c832ce9ea1a11e2724de5dd46ca0cb -> 
  custom:scripting/monoscript/fileName/DrawUserIcon.cs: 2f65feb9bed897237f97fbf9c5479092 -> 7d5385bf780ae84e648a8b49f8fe0825
  custom:scripting/monoscript/fileName/ExploreWindow.cs: 9c0beea6d7c242ec9c43321ff5d0cf44 -> 
  custom:scripting/monoscript/fileName/MuseProjectSettings.cs: f6bfc58722c0bef559f10b25da829363 -> 
  custom:scripting/monoscript/fileName/AssetStatus.cs: b9ea657347f2c22e8e401cdb256c516c -> e017010009bdb28bcb0d7d8ef05e7dd9
  custom:scripting/monoscript/fileName/BranchesListView.cs: 334a3fb302f855f71fb71520fb442a71 -> 3f5ed9fe5a1bca512014ae1600ee1666
  custom:scripting/monoscript/fileName/DrawGuiModeSwitcher.cs: 363adc150c5f1c5059a678f179906090 -> d3be34a3134d3fe80ef6b14d0d519128
  custom:scripting/monoscript/fileName/IInpaintArtifact.cs: 71710b84521c09da603d6f610d632e8f -> 
  custom:scripting/monoscript/fileName/DefaultStyleData.cs: f107dc8d7d955fb03d1c0c3f0e07ea88 -> 
  custom:scripting/monoscript/fileName/Pressable.cs: ecc7fce147591205ea46c279670392ed -> 
  custom:scripting/monoscript/fileName/ServiceProvider.cs: 585a79ab47dd4bdc2641355277c4bb84 -> 
  custom:scripting/monoscript/fileName/UnityMenuItem.cs: 5f445176ad3735e69769d93250663be7 -> 73f3c859f1b5092ad362c09e23b3a922
  custom:scripting/monoscript/fileName/WebRestApiClient.cs: c0bdde7ff9e25b1ad06e078e6d9b2fe0 -> 746756fd499dddd02a4e7ccdbac48be3
  custom:scripting/monoscript/fileName/GenericLoader.cs: e1fa4e0d631497395ff28f361b27ae1f -> 
  custom:scripting/monoscript/fileName/TextField.cs: 27b8e2d765b2a044de50e0789c8d472f -> 
  custom:scripting/monoscript/fileName/ArtifactCache.cs: b88f9181a4477b01f1fabac4cee659a5 -> 
  custom:scripting/monoscript/fileName/TextureUtils.cs: 96c52c9335cfe3a7c581206bf4bd5190 -> 
  custom:scripting/monoscript/fileName/Progress.cs: 7fd32468eca0fb3d9196b2ee9ce33d83 -> 
  custom:scripting/monoscript/fileName/EditorFactoryRegister.cs: 0baddd38abcf103706b8f94fddb3e44d -> 
  custom:scripting/monoscript/fileName/IUIToolkitHost.cs: 86bb7925232ce352b3beae83884edafe -> 
  custom:scripting/monoscript/fileName/Link.cs: a604654c6a55510100b9ec850d60965b -> 
  custom:scripting/monoscript/fileName/IncomingChangesTreeView.cs: 78411a54601a32b278de0dd7d80f8670 -> 96479648d4498738733254eb4e4c6fb5
  custom:scripting/monoscript/fileName/GenericProgress.cs: 11287c7d038c487f32d0c8edc476a32d -> 8492ec26f01fc248d3eb3c2f5b3b6c0f
  custom:scripting/monoscript/fileName/ThirdPartyDialog.cs: b9fd89df3c96090c2136db7f708a4926 -> 
  custom:scripting/monoscript/fileName/DebugConfig.cs: 911a8027ed6925e28ba42c6639aeed57 -> 
  custom:scripting/monoscript/fileName/CanvasBackground.cs: 1a5e02a5093a6b0acb21a1340832dd51 -> 
  custom:scripting/monoscript/fileName/SpriteTextureDropManipulator.cs: 65dd243619523b490574e56c0a7688f3 -> 
  custom:scripting/monoscript/fileName/MergeCategoryTreeViewItem.cs: c1ecd9dc0cd73eb7eb129994dedc1a91 -> 6bd59fcbfeafe06987a54631991d755b
  custom:scripting/monoscript/fileName/UpscaleOperator.cs: c8f680caca627842632169b5226ea2c2 -> 
  custom:scripting/monoscript/fileName/CheckinDialog.cs: 1709b78fae1329cc05fd4f39334b25f5 -> 702fdb8d0a3b4bfcb9ba109e71325cad
  custom:scripting/monoscript/fileName/ProcessCommand.cs: 2cc3b6e2a763c7f353b474b6904b45a6 -> 
  custom:scripting/monoscript/fileName/StyleTrainerConfig.cs: 478a647c1b8f7e7cab6b229b88339ed8 -> 
  custom:scripting/monoscript/fileName/SignInController.cs: 28bdc22b3b4ee913c93e5c55da9130db -> 
  custom:scripting/monoscript/fileName/SortOrderComparer.cs: 8f6297df34271fdb1ce2d9607ec6261d -> 90647cc400823b41df847a6cbfc29026
  custom:scripting/monoscript/fileName/MuseToolbar.cs: 1e77ae6d5a9783d0ad66e76460888b2a -> 
  custom:scripting/monoscript/fileName/GUIActionRunner.cs: 69af7de0762ed6d085feb4cc4b5101b3 -> 4a0608de635b0d82868d57923d68eff7
  custom:scripting/monoscript/fileName/PlasticMenuItem.cs: 30c3a785b4c2607e2ae9aad693d5f604 -> 
  custom:scripting/monoscript/fileName/Chunk.cs: cca47b98fd785b592b1c7cd06ff9c138 -> 
  custom:scripting/monoscript/fileName/Toast.cs: 2a5099e05a183c4d8fec79a577fc0ba1 -> 
  custom:scripting/monoscript/fileName/StyleModelInfoEditorContent.cs: bb13f71cff2203d3e54ac5161860cfad -> 
  custom:scripting/monoscript/fileName/PendingChangesTreeView.cs: f3722f38014385705913f17dbe0f90c1 -> 17142d220a0a50a3f3d184c4718a0da7
  custom:scripting/monoscript/fileName/AsyncThunkAPI.cs: 90647cc400823b41df847a6cbfc29026 -> 
  custom:scripting/monoscript/fileName/VCSPlugin.cs: 69c1b7249af35f35848ae707bd5e7113 -> 
  custom:scripting/precompiled-assembly-types:Unity.Muse.Common: 559ec084372ffb0950c1bd63a9dfa69b -> 
  custom:scripting/monoscript/fileName/GetClientDiffInfos.cs: 4ae14b15e2cf5177a84735548a44cdc9 -> f8db8e637ded2d5e935a953a13b85ebe
  custom:scripting/monoscript/fileName/DrawActionButtonWithMenu.cs: d7f31944358aed2f3ed3982246fca039 -> 8d4f5edd02a1dd0f38c4f2baf5ee8a33
  custom:scripting/monoscript/fileName/ErrorListViewItem.cs: a9f229dd6829be37e3d3d11493cd30e3 -> 509edc26860f8be303ec97d68aabc30d
  custom:scripting/monoscript/fileName/PaintingManipulator.cs: 8629e97bbeada2ad9ff6af39fa4c2fe3 -> 
  custom:scripting/monoscript/fileName/RefineAssetView.cs: fb91b173b042104d8014e62834376cc9 -> 
  custom:scripting/precompiled-assembly-types:Unity.Muse.AppUI.Redux: 85e2c978c7ce0b0575f4da810cbdbcd4 -> 
  custom:scripting/monoscript/fileName/StatusResponse.cs: e54c13d0ac064896784dae66ff9ae6da -> 
  custom:scripting/monoscript/fileName/IMuseEditorPreferencesView.cs: a6a18b547ffb714d29188fb3f80a933c -> 
  custom:container-muxer-webm: aa71ff27fc2769a1b78a27578f13a17b -> 
  custom:scripting/monoscript/fileName/EditorProgressControls.cs: b1f133fa38afd918d537a72574fc93a0 -> 2e606eb01a6e6a567f3de9a0379ed3ae
  custom:scripting/monoscript/fileName/ActionTriggeredEvent.cs: e821cdcaeb920d67ed7e723f7e777fd1 -> 
  custom:scripting/monoscript/fileName/Tray.cs: 7a711dd19bb9244677b132d499910d5d -> 
  custom:scripting/monoscript/fileName/ServerConfigEditor.cs: 027019688d54fdf90089cfa95b215a10 -> 
  custom:scripting/monoscript/fileName/BranchesListHeaderState.cs: d47f1164fa7093137db851c4c16ffba3 -> 82eab21603f4efc696334ee80641c2c9
  custom:scripting/monoscript/fileName/App.cs: 212c2c32b36ffbd7fb64014716abc66c -> 
  custom:scripting/monoscript/fileName/DrawSearchField.cs: b11b864a92c7d76f85d4ec87d6faf61c -> 3de70beba9f4447205d50241d95b066a
  custom:scripting/monoscript/fileName/PendingChangesTab.cs: c99065f3c85ec85c85ece2a1a30665af -> 15ae6787065f4af65778e981f418a60b
  custom:scripting/monoscript/fileName/HelpPanel.cs: 625fbcc6029d5fe5cf4aa833f68adb0c -> 
  custom:scripting/monoscript/fileName/ArtifactExporterFactory.cs: 9b2965a9f912ed2b720f5d5088dd546a -> 
  custom:scripting/monoscript/fileName/SampleOutputUIEvents.cs: 546fe1a3fe8c6ef519d4713fe345afaa -> 
  custom:scripting/monoscript/fileName/BuildGetEventExtraInfoFunction.cs: 1308a6936e8051866a117b3b7c2c7b77 -> 74bfc8c01f931108a3c2b127aa04cc8d
  custom:scripting/monoscript/fileName/LoraOperator.cs: 0bafeef1415bae1ead90bec092cc3c55 -> 
  custom:scripting/monoscript/fileName/DragAndDropFactory.cs: 8362683d86540d73627ba60688706621 -> 
  custom:scripting/monoscript/fileName/Pane.cs: 4c634aa9bd3c3f5304f33e132dab44bd -> 
  custom:scripting/monoscript/fileName/Button.cs: b2931094fcc1603d87a3a21fd937e886 -> 18874d3cd8f6e3668320e6beabdb6cbc
  custom:scripting/precompiled-assembly-types:Unity.Muse.AppUI.InternalAPIBridge: cfd5be5885e69da966b269ba8c733bf2 -> 
  custom:video-decoder-webm-vp8: 9c59270c3fd7afecdb556c50c9e8de78 -> 
  custom:scripting/monoscript/fileName/WelcomeView.cs: 07e35bfe1faa2c52c049eb30958acd54 -> f06c185659ea2f4a75f9397861dc6096
  custom:scripting/monoscript/fileName/IUpscaleArtifact.cs: 8cb81b592ecad799f262821a092a0542 -> 
  custom:scripting/monoscript/fileName/GenerationService.cs: 66114e6dfe3a7248c98daf662898681b -> 
  custom:scripting/monoscript/fileName/FieldLabel.cs: b472c6903c090bce756588b81f72fefd -> 
  custom:scripting/monoscript/fileName/HelpFormat.cs: 92b36f6584b3d7ccdc99b0ae4e152c53 -> 
  custom:scripting/monoscript/fileName/AsyncThunkOptions.cs: 0839f0fab552382e336c9612735c5dc8 -> 
  custom:scripting/monoscript/fileName/EnumerableExtensions.cs: 5151b56054fbd041e477fa284e69380c -> 
  custom:scripting/monoscript/fileName/PlasticApp.cs: c440a0fb380601a77ad475d6c15d4fa1 -> c57de230d90beac7b586f10b9c7c6cb5
  custom:scripting/monoscript/fileName/ChangesetsTab.cs: ef408d8aaf89e01b17643ed0c836680d -> 46dde8f7856048792ad2e75490bb8c5e
  custom:scripting/monoscript/fileName/IRemoveBackgroundArtifact.cs: 6b63c5b153f97ace3d36fc38006ba3a0 -> 
  custom:scripting/monoscript/fileName/DrawProgressForMigration.cs: 0390721ecd322e9ab47db03bd0f98a12 -> 
  custom:scripting/monoscript/fileName/DeleteBranchDialog.cs: efbbc070bfeda2b746e8b15a4380cb26 -> 8549b0fc52962c89115fd78724fee578
  custom:scripting/monoscript/fileName/IncomingChangesNotification.cs: 5d73d1f1a99af71ddd954044bdf322d2 -> caa8ea2c7336b9227381f0971759e01a
  custom:scripting/monoscript/fileName/DrawTreeViewEmptyState.cs: d4c16fd6aad8161eda7d99fd74cbb08e -> 
  custom:scripting/monoscript/fileName/OperatorRegistration.cs: a25ffafbc25d2314cc88ac8cef29cd79 -> 
  custom:scripting/monoscript/fileName/ErrorsListView.cs: 7cfd18bb17e557401eb4aa1ca93dbfd5 -> cd35171982f17897dd5148dda46e0956
  custom:scripting/monoscript/fileName/UnityPendingChangesTree.cs: fd6f0a038401268983bd9328d10dec93 -> f391d9a00dc9e202cee4d4ebcf6d21c0
  custom:scripting/monoscript/fileName/BaseArtifact.cs: e1000af842861c85a9c19ee1cfd234fc -> 
  custom:scripting/monoscript/fileName/LoadingTask.cs: 0c30658e9d080b52264eb809847462ed -> 
  custom:scripting/monoscript/fileName/StyleModelListItem.cs: 813f0d88f020b50344146e7911e292ef -> 
  custom:scripting/monoscript/fileName/MenuSection.cs: 1a583c84b39a86fac1bcda305190bc57 -> 
  custom:scripting/monoscript/fileName/Drawer.cs: 5c66ca509fb82aae8c8846febc112182 -> 
  custom:scripting/monoscript/fileName/RangeSliderInt.cs: 4b8a618f6055514ee9d7eb7e0e73a6b4 -> 
  custom:scripting/monoscript/fileName/ServiceCollection.cs: b8e5a595d699aff8877f7359456008d7 -> 
  custom:scripting/monoscript/fileName/EmptyCheckinMessageDialog.cs: e95636a2119dec4d0c1f323f7ba65603 -> 
  custom:scripting/monoscript/fileName/IntField.cs: d093d2abc62bd9a6506506f5e9f94e9b -> 
  custom:scripting/monoscript/fileName/PlasticDialog.cs: b0aae1bf1889af041741f324070b7b84 -> 63a17a2b696bc2a13c9046aa16f8cea4
  custom:scripting/monoscript/fileName/SearchBar.cs: 0200d9dbae6250c7ba578b5902232c7a -> 
  custom:scripting/monoscript/fileName/InpaintingItemRequest.cs: 07ff3afdd00f75bc58a717365b431abd -> 
  custom:scripting/monoscript/fileName/MemoryUtils.cs: c0a8b93219c4b1948c28fd1fbb532b45 -> 
  custom:scripting/monoscript/fileName/GuidItemRequest.cs: 3315912074e8dd573d76e15943eee263 -> 
  custom:scripting/monoscript/fileName/MenuTrigger.cs: 04c9fa66d7546b7535e0c372e7119d1c -> 
  custom:SearchIndexIgnoredProperties: e643bd26f0fe6173181afceb89e7c659 -> 
  custom:scripting/monoscript/fileName/DoodlePadManipulator.cs: bf192b20c0e301c9915176d623ed122d -> 
  custom:scripting/monoscript/fileName/KeyImageUndo.cs: b36b70070aeaa7f5ad98f0f705aaafc4 -> 
  custom:scripting/monoscript/fileName/SystemEvents.cs: c99afc5f2ad2c14a86a75ee0646a3b57 -> 
  custom:scripting/monoscript/fileName/AutoRefresh.cs: 9d30d5d3f0e8985355be1ab597da1dbb -> 0a8afde180a876655ad16caa14493409
  custom:scripting/monoscript/fileName/ColorField.cs: 31872cfea295c7b3d4114e1df0d1c3fa -> 
  custom:scripting/monoscript/fileName/Stepper.cs: ef3429fdb0e6ddc754bcbb2729969f38 -> 
  custom:scripting/monoscript/fileName/Texture2DDropManipulator.cs: faaf0fbf0602f32ab2e566f5fcf8db60 -> 
  custom:scripting/monoscript/fileName/PlasticPluginIsEnabledPreference.cs: 7953272c37f4a828a3d1096e7479f346 -> 
  custom:scripting/monoscript/fileName/ToolRegistration.cs: 05eec62e9ed0e5b68abed1743f542d4a -> 
  custom:scripting/monoscript/fileName/UIModeRegistration.cs: 7cce35454b243ea4cf8c577787a356a0 -> 
  custom:scripting/monoscript/fileName/HelpData.cs: 9293e68e835820b452391937547d1531 -> 
  custom:scripting/monoscript/fileName/Dragger.cs: 182e8f02e8857de32f667d13d420a072 -> 
  custom:scripting/monoscript/fileName/GetRelativePath.cs: 9b16eb2de9e98b392077181cc34243c1 -> ab04ae5e0cafb93ebf5c96148bb52df0
  custom:scripting/monoscript/fileName/UnityEvents.cs: 253411328de37811883aded592b97268 -> c830e584565fcd66ca0d5a23ad8b9bd6
  custom:scripting/monoscript/fileName/OrganizationDropdown.cs: 3c95d1500889f53ae9c954f0b8de08e6 -> 
  custom:scripting/monoscript/fileName/WindowMenuItem.cs: 0cb50e9f008052d218cabefa24d27744 -> 
  custom:AudioImporter_EditorPlatform: d09bf68614088b80899f8185d706f6e7 -> 
  custom:scripting/monoscript/fileName/SampleOutputTrainedView.cs: 937eb13f12dbcea012d0859e7cd71714 -> 
  custom:scripting/precompiled-assembly-types:Unity.Muse.StyleTrainer: 8d66a6457d5265a2b7e7982f809c02f3 -> 
  custom:scripting/monoscript/fileName/ColorPicker.cs: 45940f1accfa39b8fb55ad9d157ce6eb -> 
  custom:scripting/monoscript/fileName/AccountDropdownWindow.cs: a33f56b937fd0adc97b5ff1c4ffeb000 -> 
  custom:scripting/monoscript/fileName/DockEditorWindow.cs: 581124d5e19667105f2446d6dfbf7982 -> a9e5e467234133af999283610b6e84e6
  custom:scripting/monoscript/fileName/Scrollable.cs: 8ec7ae9812f1a114ac91fbf32f4cebe3 -> 
  custom:scripting/monoscript/fileName/ColorToolbar.cs: 96923e6da6120f579a224f7246cab420 -> 
  custom:scripting/monoscript/fileName/Avatar.cs: 8a016dcb257e2d72937135a10fec2330 -> 
  custom:scripting/monoscript/fileName/DataOpInDialog.cs: 69f4fb06f82ae1e2636cc50964feb500 -> 
  custom:scripting/monoscript/fileName/CloudContextFactory.cs: c7ad3d18b1424fd8a57623e4962b184a -> 
  custom:scripting/monoscript/fileName/TrainingSetUIEvents.cs: 8a91337b896321c8b9deb4926749f2e0 -> 
  custom:scripting/monoscript/fileName/MultiArtifactDragAndDropHandler.cs: c3a93436904503a08bc378a513458658 -> 
  custom:scripting/monoscript/fileName/BranchesSelection.cs: 7eb1fcb556f0fad697e4ec9d989be099 -> 33b36e7b03910960966036894ec90c7c
  custom:scripting/monoscript/fileName/Builder.cs: 0cdf409b5aa8d4c25876d72b5c6a3b60 -> 
  custom:scripting/monoscript/fileName/AsyncThunkOptions{T}.cs: 0839f0fab552382e336c9612735c5dc8 -> 
  custom:scripting/monoscript/fileName/AlertDialog.cs: f53159e52163caa1ddbe8d7e2c95f739 -> 
  custom:scripting/monoscript/fileName/TrialNotificationView.cs: 88113aa24d5443fe73350b54dd735614 -> 
  custom:scripting/monoscript/fileName/SaveAction.cs: b68fbb4319dbb368959c40781b39fdf8 -> 27c387bb58f3a69b0c9ff60d2209e18f
  custom:scripting/monoscript/fileName/AutoConfig.cs: 6c4e7f9dc55323aa1299debfe9723aa6 -> bf4bbd2f2e752464ef51dbf102faed17
  custom:scripting/monoscript/fileName/Preloader.cs: cbd9d8c98c6031c24a87ace9273a7387 -> 
  custom:scripting/monoscript/fileName/CheckpointData.cs: c08ccf8c887ea2030f37db29afc3fd95 -> 
  custom:scripting/monoscript/fileName/UploadResponse.cs: 273fbc12b343e8d95f607b71c0aa3dd7 -> 
  custom:scripting/monoscript/fileName/EditorCloudContext.cs: afcc104cf3a31ce52b4bd196744aacf9 -> 
  custom:scripting/monoscript/fileName/SelfRefreshingGenesisAccessTokenCacheWrapper.cs: 37f614fb8744ff46e79f0265574aa077 -> 
  custom:scripting/monoscript/fileName/DiffPanel.cs: 02288a38bd14cc2b52a25b302a6f154e -> 210366dab3631628227b9406f87a9b7f
  custom:scripting/monoscript/fileName/RangeSliderFloat.cs: 7df532bf94e2a0387f1941318d126699 -> 
  custom:scripting/monoscript/fileName/PaintingElement.cs: 503ed1b98bf9acbbdd394fc8e09e5b3b -> 
  custom:scripting/monoscript/fileName/PlasticAssetsProcessor.cs: ff731c8aacf4a537dc74c7cf9eaeaed0 -> 
  custom:scripting/monoscript/fileName/YearPicker.cs: f1a57f3cc536b55b3a1d0bdd82d97e36 -> 
  custom:scripting/monoscript/fileName/DrawActionToolbar.cs: 52293cb82089e0370f52e257f41c0869 -> e05748a99799f26304c1bbafd90f703b
  custom:scripting/monoscript/fileName/IHost.cs: 43ae4f944ec024b2fb54e61a1decbf1d -> 
  custom:scripting/monoscript/fileName/ExperimentalProgram.cs: a1dabe1dec19a9640d4b6f6ee86bb915 -> 
  custom:scripting/monoscript/fileName/EditorVersion.cs: 70953c9eccf7726f70c672a9a51619e9 -> 698aba075b19a52a056d67a7b809d179
  custom:scripting/monoscript/fileName/TeamEditionConfigurationWindow.cs: d06f049421c16e5927ec29f770917e09 -> e53b1ca5561894aaeff930afb696d001
  custom:scripting/monoscript/fileName/TreeViewItemIds.cs: 7d654a2b5b3a10da3e7d8472196e96d1 -> 0cdf409b5aa8d4c25876d72b5c6a3b60
  custom:scripting/precompiled-assembly-types:Unity.Muse.Sprite: 12e9a6f0fb9e0a016ab5c2ca49b2912a -> 
  custom:scripting/monoscript/fileName/RangeSlider.cs: 0cdf409b5aa8d4c25876d72b5c6a3b60 -> 
  custom:scripting/monoscript/fileName/Styles.cs: d574ed300700f2732b97aec39cdfef36 -> 1728aa377394bacc23133c7e998f0fa5
  custom:scripting/monoscript/fileName/ProgressOperationHandler.cs: 5fbb4e0f656dcfaa4498bd2e492e4710 -> ec62666c0ca1649dd33cc6bc6834c6f7
  custom:scripting/monoscript/fileName/UnityPlasticTimer.cs: 961fdb6492c99b4a3eadbed28e78c4b0 -> 6c887e722e951c2964523825cad70c4c
  custom:scripting/monoscript/fileName/TreeHeaderColumns.cs: 9fc4a0396a421346b8aa3b7788860851 -> 316e5ea62e66b20fd6e687a6b9e5958e
  custom:scripting/monoscript/fileName/IProxyOperator.cs: c813baa04a9219aea825a899390cc4eb -> 
  custom:scripting/monoscript/fileName/SpriteAnalyticsManager.cs: 7e8f0b697c5d72ceac35085b114b8bd8 -> 
  custom:scripting/monoscript/fileName/Toolbar.cs: 26e6ba8304be5dedc8f3aa32863259d8 -> 
  custom:scripting/monoscript/fileName/PngMetadataEncoder.cs: 91f4d0f4e2a47289312053d7e56b5fa1 -> 
  custom:scripting/monoscript/fileName/SubscriptionResponse.cs: ddcdb33a250e9f08098b9585cca7859a -> 
  custom:scripting/monoscript/fileName/ActionButton.cs: da9cf9c1593674e12e8c4fbf1511f25f -> 
  custom:scripting/monoscript/fileName/AssetFilesFilterPatternsMenuBuilder.cs: 8fe5de6e5dc3d42fb7e95de2aaedbf5a -> 0d99e7514c6a33cda8314deed8f34bc5
  custom:scripting/monoscript/fileName/PlasticNotification.cs: 3629fdff9f054b2013702f5b131b2c47 -> 
  custom:scripting/monoscript/fileName/ConfirmContinueWithPendingChangesDialog.cs: c0e147ff008a0b77c9337132a3ea70af -> 77462b1904ad8f6fee2f8da4523d59fe
  custom:scripting/monoscript/fileName/BasicImageOperatorView.cs: 29aa753068149595cccdc0bffe34cabb -> 
  custom:scripting/monoscript/fileName/UsageTracker.cs: 8553928dd34c9ea8481d5e26ef42bae7 -> 
  custom:scripting/monoscript/fileName/Picker.cs: 794c2431b2e9ff63ff6cfae36a1169a7 -> 
  custom:scripting/monoscript/fileName/OperatorOverridePublishers.cs: cb39dec6744bb0b3b1058a9a8737a634 -> 
  custom:scripting/monoscript/fileName/Divider.cs: 677c824aea886dad636a71302437f2ed -> 
  custom:scripting/monoscript/fileName/Events.cs: 74392d074267d17f365044b17193a808 -> 5e6fd182c984e3c981a7ddda9fb543ef
  custom:scripting/monoscript/fileName/ChangelistTreeViewItem.cs: a4a6f6169cdb3afe249e104e2b7b1a2c -> 87f69636be8bd1a264ec4eac1bffa701
  custom:scripting/monoscript/fileName/IServiceCollection.cs: 29439a3a80f03a2ece062845045838b2 -> 
  custom:scripting/monoscript/fileName/CollabPlugin.cs: bda741ff77a19affbf276298e29313ec -> ca276d65e7cd77c5c99d9f119ffdb215
  custom:scripting/monoscript/fileName/TabButton.cs: 757146b89ed597b1d75c77241e5d5f63 -> 
  custom:scripting/monoscript/fileName/LaunchTool.cs: 3ac53c8af1f56365aad9e1ae5366d98d -> 60773d78646dc188d4b2caca77f20b17
  custom:scripting/monoscript/fileName/RunModal.cs: 33b931100ee477e6812324eabaa2e837 -> c83ee2ef642c5d8b8dfd32f033bfc438
  custom:scripting/monoscript/fileName/MaskOperator.cs: 96a09c8859eb978cd98bcf5b0abca0ed -> 
  custom:scripting/monoscript/fileName/BranchListViewItem.cs: 8fdaa5aa842f5a70237affa304b9d506 -> 55028f4aef24d6227589aaa95582b2ff
  custom:scripting/monoscript/fileName/SignInUtility.cs: 237c491af772bb4290257375eabafa53 -> 
  custom:scripting/monoscript/fileName/CacheWrapper.cs: 90647cc400823b41df847a6cbfc29026 -> 
  custom:scripting/monoscript/fileName/GetAvatar.cs: 07c98163f75f0b7c672bd453fc82bf61 -> 04ffae2a9e5a4c32a119f93144f558d2
  custom:scripting/monoscript/fileName/BoundsField.cs: 0c2df330476f58f563ac988dc83afe1b -> 
  custom:scripting/monoscript/fileName/BaseDatePicker.cs: daaed6be3b79fdc4ec588f4fbd150e0a -> 
  custom:scripting/monoscript/fileName/StringExtensions.cs: daa295343cc79a76d8fc2f1f4df1d5b5 -> 
  custom:scripting/monoscript/fileName/IUIToolkitApp.cs: 26a879251d13fd00c4f8d49b79ad5876 -> 
  custom:scripting/monoscript/fileName/IGenerateArtifact.cs: 36119dce8383c466df276e192fc13f68 -> 
  custom:scripting/monoscript/fileName/FindTool.cs: fc3b0710b24078288fe829d0bb041dd0 -> 2f9d82566cfb01fb68fc30111fb47624
  custom:scripting/monoscript/fileName/ChannelCertificateUiImpl.cs: 75d7831ab5da75cc0082e28863abb142 -> cefccf1e13b7bcf15e3c9f2dd4cd2fc8
  custom:scripting/monoscript/fileName/Preferences.cs: a7fa3b38f30bcef78c8fba009e2a6ef1 -> 
  custom:scripting/monoscript/fileName/PinchGestureRecognizer.cs: a6897e88e6eb02500523261de9af742c -> 
  custom:scripting/monoscript/fileName/ApplyCircleMask.cs: 02eb67e485278e7c9b719fee5ff90f4a -> b955b378d261fdcbd6272fe8711d1e4f
  custom:scripting/monoscript/fileName/MenuItem.cs: a1a7148e573c53a3e72776ec916010b4 -> 
  custom:scripting/monoscript/fileName/IArtifactDragAndDropHandler.cs: f23a950e15cad74e58bb7efcc2cb10cb -> 
  custom:scripting/monoscript/fileName/MainThreadDispatcherComponent.cs: 1cd04b806c6c2db2c168f3df414334b2 -> 
  custom:scripting/monoscript/fileName/EditorSpritePreferencesView.cs: 89dd60a3002166802af3f6bf33960631 -> 
  custom:scripting/monoscript/fileName/AssetMenuOperations.cs: e8e4dc7e916ba19764d008f240e56b46 -> ebcce67603e288b4a84d49287db6ef5a
  custom:scripting/monoscript/fileName/VisualElementExtensions.cs: 0c10367c202cd70af709bd8f5980ade2 -> 0aad2728225c469038631668406aebb3
  custom:scripting/monoscript/fileName/NotificationManager.cs: 8dd284e0067a494fd4fa7648075e1110 -> 
  custom:scripting/precompiled-assembly-types:Unity.Muse.AppUI.Editor: 8860f0a6cae26e6bbb198641f18e3dd4 -> 
  custom:scripting/monoscript/fileName/EditorPreferences.cs: 6c90fc90f1fd9ef6e09cb84d55de425f -> 
  custom:scripting/monoscript/fileName/ColorPickerExtensionsBridge.cs: 3c61624512e9132c7340f48db90d47e1 -> 
  custom:scripting/monoscript/fileName/MaterialUtils.cs: 05c1be0b707be95100719839807c37a3 -> 
  custom:scripting/monoscript/fileName/LocksSelector.cs: 70b046a562568fd78d093736e68a3a58 -> 7b0f4fc5552c1d92ba7f4648526ceb21
  custom:scripting/monoscript/fileName/ListViewItemIds.cs: 8f6297df34271fdb1ce2d9607ec6261d -> 90647cc400823b41df847a6cbfc29026
  custom:scripting/monoscript/fileName/Chip.cs: a905f48c629f79ad5565fe0f337d81b9 -> 
  custom:scripting/monoscript/fileName/CreateWorkspaceViewState.cs: 1deb37b3c17c224d9a7dca9c990ea191 -> 0fe23b7cca9336b31a27790c714de652
  custom:scripting/monoscript/fileName/MergeLinkListViewItem.cs: ebc1e6f9e3a3005d8f4c51a794adfdaa -> 3fa407d29597803190dd374d88ed170d
  custom:scripting/monoscript/fileName/StyleTrainerProjectData.cs: d7352c51275132cbb32cef880d02e819 -> 
  custom:scripting/monoscript/fileName/DrawCommentTextArea.cs: ad5449f632fd412ac0f7ba0d171fd453 -> c58c26552f95f108a8d9610eaf001fbc
  custom:scripting/monoscript/fileName/SpriteMiscBackend.cs: 866cc4fefcfc3ffe5f19421303f67c38 -> 
  custom:scripting/monoscript/fileName/ErrorsListHeaderState.cs: f366e16fac061f262479ccab9ff07a93 -> b961336a4a43551eb826f97c57673007
  custom:scripting/monoscript/fileName/SerializedDictionary.cs: 0cdf409b5aa8d4c25876d72b5c6a3b60 -> 
  custom:scripting/monoscript/fileName/RefreshAsset.cs: 4479d2949a66a97f66d1e550067f3767 -> 5a15c606785f1f54a697bb0d0d846dfb
  custom:scripting/monoscript/fileName/StoreExtensions.cs: 7f3a8c80d98df63f5d80dc116828fc6a -> 
  custom:scripting/monoscript/fileName/NullableColorField.cs: a45894631a2c70c7e9441a31822142a1 -> 
  custom:scripting/monoscript/fileName/StackView.cs: 07df23718393071a6be17c735336a856 -> 
  custom:scripting/monoscript/fileName/HelpText.cs: ae17a9903119c6c4b47752757faca430 -> 
  custom:scripting/monoscript/fileName/PreviewImage.cs: 2d3cdead3ad53b71b25bee2a396e8de6 -> 
  custom:scripting/monoscript/fileName/NotificationView.cs: aecaeebffcc647dfa00092e8648c00ac -> 
  custom:scripting/monoscript/fileName/Preference.cs: dcffa4837428e139966556d1521dfd24 -> 
  custom:scripting/monoscript/fileName/KeyImageOperator.cs: 6e51d56f993ccbe0ad5601d3c03b0a03 -> 
  custom:scripting/monoscript/fileName/BoolSetting.cs: d67f952c3a5976591f3e9a9e7356bbab -> 12bf039ccd38b0f4ccfffbec3cbbf108
  custom:scripting/monoscript/fileName/RuntimePreferences.cs: c7d13a8c28292fb800de1ea70001ac2c -> 
  custom:scripting/monoscript/fileName/AccordionItemValueChangedEvent.cs: 7ee7139f28cbc268764faa7bb88ee7d9 -> 
  custom:scripting/monoscript/fileName/TouchSlider.cs: 0cdf409b5aa8d4c25876d72b5c6a3b60 -> 
  custom:scripting/monoscript/fileName/ActionBar.cs: 37f8c49690121e371b81aec172b548e6 -> 
  custom:scripting/monoscript/fileName/SessionStatusNotifications.cs: 43355689a6519fa83f3785618409d53c -> 
  custom:scripting/monoscript/fileName/DoodlePad.cs: 83192d03aa89fc2731d76ee96670d63b -> 
  custom:scripting/monoscript/fileName/SchedulerGameObject.cs: 86df6e41a1de752cf01437ee305ca040 -> 
  custom:scripting/monoscript/fileName/CreateChangelistDialog.cs: 774371d4233cc1d394d98dc80507a1f8 -> 386b03e27c951c5f1d63daf7aae486ca
  custom:scripting/monoscript/fileName/RadioGroup.cs: 2c55c1c3945f76b4b30af88bb9c0fef3 -> 
  custom:scripting/monoscript/fileName/DialogTrigger.cs: 26f7d6a3b9923b6f3c104f73661ca70d -> 
  custom:scripting/monoscript/fileName/HistoryListViewMenu.cs: 15a489e494f04a7ea37a587c7601070e -> 29770348599c8d5473b78d72e5741b40
  custom:scripting/monoscript/fileName/AccountDialog.cs: eb758620b10e7bc03deac3fbb715ff61 -> 
  custom:scripting/monoscript/fileName/ExperimentalProgramNotifications.cs: b9eaf0e2ed8629abee2bbd33fccc71ef -> 
  custom:scripting/monoscript/fileName/StyleModelController.cs: 90cde35f55beff4d4bc01ad6ed4e8670 -> 
  custom:scripting/monoscript/fileName/DropZone.cs: 393981527a8d8276e9be4b7751b7985a -> 
  custom:scripting/monoscript/fileName/TabItem.cs: d0e1f1498924ec418de97bc614378027 -> 
  custom:scripting/monoscript/fileName/FilterRulesConfirmationDialog.cs: 5186d89f21d03764f0cca01c2a0122d7 -> 9c91c6c91f20e6d013a753f32343b327
  custom:scripting/monoscript/fileName/ExporterHelpers.cs: fa331b7e968c869e9c634ead5c71e4b9 -> 
  custom:scripting/monoscript/fileName/Store.cs: fd55b3abf8197d7fcd3a0103b24e0c2e -> 
  custom:scripting/monoscript/fileName/LegalConsentRequest.cs: 9f74b331b036daa157f4824aa8d095b5 -> 
  custom:scripting/monoscript/fileName/AccountEditorInternals.cs: a5cfd6ff5afffe7586eaf35aad71b58d -> 
  custom:scripting/monoscript/fileName/ChangesetsSelection.cs: d154d1782ed752b83834c54a0bde3df9 -> 8b9d539af9f7e269bac4e3d79e9ffab8
  custom:scripting/monoscript/fileName/ClientUpdateNotificationView.cs: b98252b27eaee9ea6667d9067006fb73 -> 
  custom:scripting/monoscript/fileName/ContextProviderAttribute.cs: 9cbbd4f58287dd6e1dca437a5ae3f559 -> 
  custom:scripting/monoscript/fileName/AppUIManagerBehaviour.cs: 2853b7be127102594acb89f16109c52b -> 
  custom:scripting/monoscript/fileName/AppUISettings.cs: f35e4421c274cb6f375d98e2c7c678e5 -> 
  custom:scripting/monoscript/fileName/AssetPostprocessor.cs: 96208057b904410715a8df295ba4f8f4 -> 
  custom:scripting/monoscript/fileName/IsResolved.cs: 12b1cb46be3341613a9d03a0fb32ccfc -> f54a3e2c5134aa4306f9ad150b1911a9
  custom:scripting/monoscript/fileName/LocalStatusCache.cs: a558fcf5f34357bab4cfc7b75e2bb356 -> 30974ea30517fbfd1b93153f6c849a76
  custom:scripting/monoscript/fileName/SampleOutputPromptRow.cs: 947988e2f88c44ae518771fe2d4de2e0 -> 
  custom:scripting/monoscript/fileName/DropManipulator.cs: 90647cc400823b41df847a6cbfc29026 -> 
  custom:scripting/monoscript/fileName/StyleTrainerWindow.cs: 99960aef40c7fc855db5a231d0da3022 -> 
  custom:scripting/monoscript/fileName/RepositoryExplorerDialog.cs: 143e7416b576681e1f2ea71288e530e6 -> eea34924da79ad7254f3e141a891c78d
  custom:scripting/monoscript/fileName/SubscriptionStartedDialog.cs: 9bb7b4ee78a1cf4b161e17d8f8de66e0 -> 
  custom:scripting/monoscript/fileName/EventBaseExtensionsBridge.cs: ce3de20bb7dce215ea4b3e10328d42d6 -> 
  custom:scripting/monoscript/fileName/TrainingItemGridItem.cs: 39b148c71e2c4466fc6e71f386cf4161 -> 
  custom:scripting/monoscript/fileName/HelpLinkData.cs: 298f428470bd6f0a46823cad390bf0d6 -> 
  custom:scripting/monoscript/fileName/WorkspaceWindow.cs: ff52e13cd29dacd66db0169e14f71a23 -> b042f06133312d3bfed176231d97d77c
  custom:scripting/monoscript/fileName/GridView.cs: 218e4cade9ebbe8b25f0fd72fb669305 -> 
  custom:scripting/monoscript/fileName/AppUIManager.cs: 35c76c99b52f444a32a4bf1b5da9079a -> 
  custom:scripting/monoscript/fileName/RelayCommand{T}.cs: b98e5608049019f2756175075d1dd454 -> 
  custom:scripting/monoscript/fileName/PlasticShutdown.cs: a8df8eeeed98372d06e446171a192a6d -> 
  custom:scripting/monoscript/fileName/FilesFilterPatternsMenuBuilder.cs: 28072cd275c96994687e6d4d0d6e1dff -> cf716a8d336c8113475a9ca67a799ec1
  custom:scripting/monoscript/fileName/Tabs.cs: 4aff82d5ca8582a86962cfabfcfa2c55 -> 
  custom:scripting/monoscript/fileName/AccountDropdown.cs: 1f0fb4bbd95b8d9a8fe117eaae6147a5 -> 
  custom:scripting/monoscript/fileName/SerializedSettings.cs: 0b8f9718a63e7b28efe8872b30702b5c -> 
  custom:scripting/precompiled-assembly-types:Unity.Muse.StyleTrainer.Editor: 6c5095e2cd65b84235aaabd71dc25ddb -> 
  custom:scripting/monoscript/fileName/UnityConnectUtils.cs: c5f7da7345702fca9d7eafa173c657f6 -> 
  custom:scripting/monoscript/fileName/SignInDialog.cs: 718237e1d3788719eb31a2fb0ba22579 -> 
  custom:scripting/monoscript/fileName/AppUIInput.cs: a311aa0da35a24a481a6cb54849f5076 -> 
  custom:scripting/monoscript/fileName/AsyncRelayCommand.cs: a78b7dd3235f68e176b91d4ce37350d3 -> 
  custom:scripting/monoscript/fileName/Icon.cs: 4503216c35da2c4475447a81b3711045 -> 
  custom:scripting/monoscript/fileName/SpriteArtifactExporter.cs: faacd0d9930d69bdf91bed1d1bf9bcf0 -> 
  custom:scripting/monoscript/fileName/ValueOutOfRangeException.cs: 1dc5db054732e8d214be088a0776b471 -> 
  custom:scripting/monoscript/fileName/HistoryListViewItem.cs: 2d3b1fc954b6bdbae298ec250ade0663 -> 96f2b67ec620b83e35d13f11877e1ac1
  custom:scripting/monoscript/fileName/RemoteStatusCache.cs: 00463e6b90cfe7da080d7c266f783980 -> 402d5663f3675e9324c129274b0c00f2
  custom:scripting/monoscript/fileName/Profiling.cs: d65df0041ac5c5c4c58a1c33dafdbe6b -> 
  custom:scripting/monoscript/fileName/ParameterAttribute.cs: e1050b0cf7fa5ee533fdce844533738e -> 
  custom:scripting/monoscript/fileName/AvailableToolsFactory.cs: 13442ef2ec715663e86a0bc2c529568b -> 
  custom:scripting/monoscript/fileName/ReuestSeatDialog.cs: 07e3c57eb1591894e9640af4846d1921 -> 
  custom:scripting/monoscript/fileName/SessionData.cs: 2c927d9f5c6f82570f80332e8a8a17f5 -> 
  custom:scripting/monoscript/fileName/IPressable.cs: 695abd3da7d096446cd3145177b90a7b -> 
  custom:scripting/monoscript/fileName/EnumExtensions.cs: 2d494c1be5e83267369396f846fe59b3 -> 872fcb89b813d64606e680211dede528
  custom:scripting/monoscript/fileName/EditorWindowFocus.cs: 1012e4e2e29e9b29bdcc03d8b92762a8 -> f258b0cf85078a7435d001e522d5e8e3
  custom:scripting/monoscript/fileName/NewIncomingChanges.cs: fc48261878ef7e4b956e7172f5803aee -> 
  custom:scripting/monoscript/fileName/SignInNotificationView.cs: fc3b256640cb2080df890fd9116cd2a5 -> 
  custom:video-encoder-webm-vp8: eb34c28f22e8b96e1ab97ce403110664 -> 
  custom:scripting/monoscript/fileName/UnityIncomingChangesTree.cs: a6749c8b534ffb85ccf809bc8e274114 -> 42967773c43d3de5d23be4ddc6dfd9c4
  custom:scripting/monoscript/fileName/UnityDiffTree.cs: 447fc3a8922f56330f4bae8c9dc9a8be -> 1029ffd567bc0e646e6b119719dcb2ff
  custom:scripting/monoscript/fileName/GenerateOperator.cs: e111856e7c1e7d3da6622f174d1aa900 -> 
  custom:scripting/monoscript/fileName/TreeHeaderSettings.cs: 114eb9e27124403e8e111494b8eaf987 -> 662b1714c0fce36da72bbfe60201987a
  custom:scripting/monoscript/fileName/SessionOperator.cs: 2c8dcc1ddff454d4fdb557867afbf778 -> 
  custom:scripting/monoscript/fileName/ArtifactRegistration.cs: e98929c192fc019cd9b3e5c2c5552d33 -> 
  custom:scripting/monoscript/fileName/NativePlugin.cs: 3c7852f512de52aefc36db8c83c0553c -> 
  custom:scripting/monoscript/fileName/UnityConstants.cs: 0eb92bed4b0c568cb341161b4319c2db -> e3d3c3e11a194da9e5bbbfb97087a7bd
  custom:scripting/monoscript/fileName/IsExeAvailable.cs: 3e4283303610c884e542b8f6d3e922d4 -> 4a3dbc5ded94087064afd97407f26631
  custom:scripting/monoscript/fileName/AccountEditorUtility.cs: 45a03c883baa97a2f04b38ac448edb4f -> 
  custom:scripting/monoscript/fileName/MuseAssetCreation.cs: bf044825a53dae8f3126c47a2154c28a -> 
  custom:scripting/monoscript/fileName/LoadableImage.cs: cf4612146290a3bd8008674c6afc7736 -> 
  custom:scripting/monoscript/fileName/DebugConfigEditor.cs: 5b21f744642cc20e4e930bb84f98fd1e -> 
  custom:scripting/monoscript/fileName/StyleModelInfoEditor.cs: acbc81ca5a0b93078b49c9ee85171d23 -> 
  custom:scripting/monoscript/fileName/ExportedArtifact.cs: bf4b718c81d18a874d67f87d0b9eaa6b -> 
  custom:scripting/monoscript/fileName/AutoLogin.cs: e67ed70aada38469aeb667115929c368 -> b4cb98371fc38cca00d7123b7e649e12
  custom:scripting/monoscript/fileName/UINumericFieldsUtils.cs: 8a81c9c0328febd19543ffcd88207316 -> 
  custom:audio-decoder-ogg-vorbis: bf7c407c2cedff20999df2af8eb42d56 -> 
  custom:scripting/monoscript/fileName/UpdateReportLineListViewItem.cs: a101f0ba5292fc139445870b3f4af838 -> 9f63395e1ea590dbbab4d59cd0032ac4
  custom:scripting/monoscript/fileName/AssetReference.cs: 4a5235ff8e8e9ef9af658f0344b45958 -> 
  custom:scripting/monoscript/fileName/DrawSplitter.cs: ec7e8739eacabcca3e2946d9833eea0f -> d2f114a8e8e4167f7762d835a83b2f55
  custom:scripting/monoscript/fileName/OnboardWindow.cs: 2c343928b768f3a1215dace0f6c7552e -> 
  custom:scripting/monoscript/fileName/GenerateCountData.cs: b5f8b3474017c679470cc0fdaf5d4f4a -> 
  custom:scripting/monoscript/fileName/SwipeView.cs: d765507ebb0d22a5f0b1e8238bca893a -> 
  custom:scripting/monoscript/fileName/PromptOperator.cs: 073a7a3feb353ab3f829319eb62c03e9 -> 
  custom:scripting/monoscript/fileName/LaunchDependenciesDialog.cs: e1c527862a66e73f0417ae177d7fdfb5 -> 2cabf22eb95430074b6c730a84e03493
  custom:scripting/monoscript/fileName/IAsyncRelayCommand.cs: ae286909c3d29fcb184edf8329c8c349 -> 
  custom:scripting/monoscript/fileName/MuseEditor.cs: 4d69f52280a83fe1a1c10594160060ff -> 
  custom:scripting/monoscript/fileName/IServer.cs: 0a4ceca0ab667fda3d9c7e45993e146b -> 
  custom:scripting/monoscript/fileName/UsageView.cs: 46737a5c7162031f29ee65121ea60af2 -> 
  custom:scripting/monoscript/fileName/CredentialsResponse.cs: 96b135ae1c4ea541dc762170ea524fa9 -> 3dd2507693e56dac75ee7783f598cbb9
  custom:scripting/monoscript/fileName/LaunchDiffOperations.cs: aeae601320588a70eea7590a2f7e0f69 -> 871a0804a9fe2d9f2ad088303a89a63e
  custom:scripting/monoscript/fileName/PlasticSplitterGUILayout.cs: 4cfaefa1a850aceff54713912c4a2bda -> 111849f67dfbfea65ad2a9298ad1654d
  custom:scripting/monoscript/fileName/ErrorView.cs: b434f9114bb601a615cfac4877f83e04 -> 
  custom:scripting/monoscript/fileName/SpriteRefiningMaskOperator.cs: 0fbb953c1f0a47984ded627754f83555 -> 
  custom:scripting/monoscript/fileName/FloatField.cs: 2e39fbdd4b620befbf59e2f6d7f4452e -> 
  custom:scripting/monoscript/fileName/StyleTrainerConfigEditor.cs: dac0bb58f7a849555eda6778c7c76e49 -> 
  custom:scripting/monoscript/fileName/CheckinDialogOperations.cs: 0b2a2cd4c41cf1865a29cf91b2a96a48 -> d032d69e8060311c06b88286e8f22ddd
  custom:scripting/monoscript/fileName/IntroductionManipulator.cs: 9983ffa5a33c47d13c32c676d600ead9 -> 
  custom:scripting/monoscript/fileName/BoundsIntField.cs: b57754c0924b374bc80e1af7b5018a0f -> 
  custom:scripting/monoscript/fileName/ReferenceOperator.cs: a84c2d9e9febf6a6b6f679040fbffdb5 -> 
  custom:scripting/monoscript/fileName/UxmlFilePathAttribute.cs: 711ff899f6cc7699845b5c720b418257 -> 
  custom:scripting/monoscript/fileName/PendingChangesViewMenu.cs: 68fab310addfd7068cfd7920070496ff -> 9b0019b6df6bb14eb3a2dbafa53fb54b
  custom:scripting/monoscript/fileName/TrainingTask.cs: ffd05cb9e66ff4fc27f463cfc614261a -> 
  custom:scripting/monoscript/fileName/ScaleToFitImageManipulator.cs: cd6ee570deace06946ffc671ec295831 -> 
  custom:scripting/monoscript/fileName/ArtifactView.cs: e6dff61e81e44c66de92c558499f077c -> 
  custom:scripting/monoscript/fileName/EditorUtilities.cs: faf298ebc26898f35356b1db37ef3732 -> 
  custom:scripting/monoscript/fileName/AssetsSelection.cs: 35cec24e81f0cb1de51daeb356abc4ff -> 0227d7ff4d5687932d10967a945a9b06
  custom:scripting/monoscript/fileName/GenerativeAIBackend.cs: ac6ed99234c938631ce43eda87859379 -> 
  custom:scripting/monoscript/fileName/EnumPopupSetting.cs: 8f6297df34271fdb1ce2d9607ec6261d -> 90647cc400823b41df847a6cbfc29026
  custom:scripting/monoscript/fileName/TrainingControllerEvents.cs: 902560cb6eac21c951229ac4d7707866 -> 
  custom:scripting/monoscript/fileName/ColorExtensions.cs: 519a9f3b35a10731768ffce257aaf076 -> 
  custom:scripting/monoscript/fileName/PlasticConnectionMonitor.cs: 920e8e381bfc94da8bb69d336dda57ca -> 
  custom:scripting/monoscript/fileName/AppBar.cs: 2444fd3996cbb44de4154b405c03c165 -> 
  custom:scripting/monoscript/fileName/ClientWillBeDeprecatedNotificationView.cs: 1e5ebe946467f09fa23ceb469ef888b7 -> 
  custom:scripting/monoscript/fileName/SampleOutputModelEvents.cs: 9b132c684e3ec5e82817675cdbc348a2 -> 
  custom:scripting/monoscript/fileName/HistoryListHeaderState.cs: 6226ef13a567fa81584864f8698be331 -> a87e0364d14866c369ad50d669bdfa85
  custom:scripting/precompiled-assembly-types:Unity.Muse.Common.Bridge: 82a8b03af785fd76db4f75dfa61014fb -> 
  custom:scripting/monoscript/fileName/StyleTrainerData.cs: e0fdd649c39d78d2b85f04778d1a443f -> 
  custom:scripting/monoscript/fileName/PinchGestureEvent.cs: 19d6d72750686c986a5283120f34163e -> 
  custom:scripting/monoscript/fileName/CloudEditionWelcomeWindow.cs: c886fdb39f4b8787e6ea3701a8f88f4a -> b1721e471183956468462f6b64901640
  custom:scripting/monoscript/fileName/AssetsPath.cs: 367269acf8f676d2cdd30fdc387b3920 -> e0e986124adc46d913f0683c34b88c9f
  custom:scripting/monoscript/fileName/MetaPath.cs: 1f80313a7ce6ec6ece505285578f5745 -> 417a84eb354831f828a6752b26c8592d
  custom:scripting/monoscript/fileName/ObjectHelper.cs: 7d5e1a3338d2e0cbedc2f87b64ff3e88 -> 
  custom:scripting/monoscript/fileName/ExploreMuseDialog.cs: 98a684428f55dc61130cd5f42fe447d5 -> 
  custom:scripting/monoscript/fileName/CredentialsUIImpl.cs: 90e9c2de8d7bdd8424e0d89c415108ae -> dbacf67c37819fd95562fe169e706732
  custom:scripting/monoscript/fileName/UsageProgressBar.cs: 6514959b449602e62eccd495c6c6fb82 -> 
  custom:scripting/monoscript/fileName/ChangesetsViewMenu.cs: b720f0168f4ce1b1e0d358a6d5ec9a42 -> 7d1a2de81910b5990e71a0bfff26fdca
  custom:scripting/monoscript/fileName/StyleTrainDataUpgrader.cs: 2ade4e41984b6fdb607389c5b66fcec7 -> 
  custom:scripting/monoscript/fileName/DpiChangedEvent.cs: 8e8ced11450e3d346d0ab7d603bd68f5 -> 
  custom:scripting/monoscript/fileName/UnityPlasticGuiMessage.cs: 2a7f71f59c0d7dc731fd345a3713957c -> 24eef0792e3802809607a7f9d04b8f1d
  custom:scripting/monoscript/fileName/OrganizationCredentials.cs: ee462057b3bd23cc3dab953ac4d656e2 -> 0b123406cadd651e9adc01c85fab5124
  custom:scripting/monoscript/fileName/MonthPicker.cs: 9aaaf1b8c44d51413386bac0d2412da7 -> 
  custom:scripting/monoscript/fileName/StartTrialDialog.cs: 3b36d012cd1e64951b5eb3cfd1a03f3d -> 
  custom:scripting/monoscript/fileName/StatusBar.cs: 392933116703b8e69a96dc0b873bf6f1 -> 
  custom:scripting/monoscript/fileName/TrainingSetData.cs: c2af2ba7089d79471c48f8d72dace2ab -> 
  custom:scripting/monoscript/fileName/IsCurrent.cs: 16ae2475c9982c21b0dccb3cdf4b1a92 -> cf1fd01890d0fd9f011c1a1a491e2cf0
  custom:scripting/monoscript/fileName/Message.cs: d1210aeb3bd57a43a1de3a19f04ed05a -> 671a789acb2c7a93d0b620fe02979957
  custom:scripting/monoscript/fileName/Looper.cs: 915159db35a07551ac3cba81459d2466 -> 
  custom:scripting/monoscript/fileName/IOperator.cs: 9b04ce4f77a62eb6d6a5925d28e4beba -> 
  custom:scripting/monoscript/fileName/IVariateArtifact.cs: c3e15bb5f9298ae3384a6190c26ae5ad -> 
  custom:scripting/monoscript/fileName/ChangesetFromCollabCommitResponse.cs: b986ab8b1acd322b0367812e2d541734 -> ba336e4117e1b7ee28e4c17197bc3d0e
  custom:scripting/monoscript/fileName/MasonryGridView.cs: ea611698d2dc378efdd23c3b615aba47 -> 
  custom:scripting/monoscript/fileName/IOperatorRemoveHandler.cs: 136ef01965341198b39062bfa854e982 -> 
  custom:scripting/monoscript/fileName/ResultItemVisualElement.cs: 9a087fc2afc1a561fa9a003d77f6e5de -> 
  custom:scripting/monoscript/fileName/MoveToChangelistMenuBuilder.cs: 3a2ef8cb0baf69e5dadeafc731fe32a9 -> a90b3e388d3e1316fa104d4c9a03e2d1
  custom:scripting/monoscript/fileName/LoadingSpinner.cs: b3299af90b664a9f42123e7df43fae24 -> 6aff0ac022d117a8e24a7b5e4b11904c
  custom:scripting/monoscript/fileName/StartTrialConfirmDialog.cs: 18dab87096fb021bd12c8f292640efe2 -> 
  custom:scripting/monoscript/fileName/IconButton.cs: 5df8be1b3883d22a32fb2699c002edc1 -> 
  custom:scripting/monoscript/fileName/LocksTab.cs: 134c512484ae73354c15c06a6dc69f9f -> 00ffb5a39c16fdc2d733c7e53471a3a9
  custom:scripting/monoscript/fileName/WebRequest.cs: 1aea1b262a90298f2e76d60673b93fa6 -> 
  custom:scripting/monoscript/fileName/BranchesTab.cs: 764cb17e9337c58ad4f5304b60b2042e -> 57c33f76c527a5aba4d269245ffff188
  custom:scripting/monoscript/fileName/HelpLink.cs: f129aa05dc3840d5bd4f2e0d111189db -> 
  custom:scripting/monoscript/fileName/IPlatformImpl.cs: a61ff81c8b093d7b41d4fc2392dad3dc -> 
  custom:scripting/monoscript/fileName/GuidResponse.cs: 5be8db9cc20f3629af0b82dde771c1d2 -> 
  custom:scripting/monoscript/fileName/ToolConfig.cs: 18b1ea271ce5e7b6deea7b4e8e175269 -> fcffc3165b047f54ed6ccafa4c8760dd
  custom:scripting/monoscript/fileName/DropDownTextField.cs: e66e7314096900597993d2b353757d8d -> c8fc484ce140049ff31ebc2c6cbebf28
  custom:scripting/monoscript/fileName/PlatformImpl.cs: 9089e4966a03064f736ffbc13a4733ed -> 
  custom:scripting/monoscript/fileName/AsyncThunkActions.cs: 849ed7f5b11c9db237ef61b01c5a5104 -> 
  custom:scripting/monoscript/fileName/AssetsProcessor.cs: 47679a6e15b70f4fef48eb1b2df31b19 -> 18737889e95cd4088e8dfd4153fa8f40
  custom:scripting/monoscript/fileName/DrawActionButton.cs: d847a7d82ac92cab2b3d0ae268cefb3d -> 81e6708d2b8fa199354e53f85db731a8
  custom:scripting/monoscript/fileName/Dialog.cs: 18d078c6088fdb692ba78a24b915ccce -> 
  custom:scripting/monoscript/fileName/TableViewOperations.cs: ddc7b903e0dbd6bd109f2bd709b95f0e -> bef3a31deb1fe794a90f767d16e4c868
  custom:scripting/monoscript/fileName/StyleModelListUIEvents.cs: 666f2cc511354e5edf86b47378d81520 -> 
  custom:scripting/monoscript/fileName/ChatIntegration.cs: 40abbe872ffad09736e01bc205e02bcd -> 
  custom:scripting/monoscript/fileName/UpdateProgress.cs: 5b04f01bf199310f09ab9522f89c78f4 -> 281e1e05168d6a30be1d8d2f6200bef8
  custom:scripting/monoscript/fileName/UploadRequest.cs: a3dbf5ca3711af7c505431d4bc64a0bd -> 
  custom:scripting/monoscript/fileName/Canvas.cs: b8913cab730642ef22de5a0992bc58fe -> 
  custom:scripting/monoscript/fileName/OrganizationsInformation.cs: b3f0758c6655b2dad1161792812992fa -> 5f067ea8d90fc79055a3dcfd58ae6dca
  custom:scripting/monoscript/fileName/DrawerHeader.cs: 427f8f7355e5c69390f24fcdb74683bc -> 
  custom:scripting/monoscript/fileName/SubscriptionStatus.cs: f7b8b943b9a621e4b4bced1268f977d4 -> 
  custom:scripting/monoscript/fileName/SubscriptionDetailsResponse.cs: e10e0299ef716630c63b8cf5f792cda0 -> e5121cec860a6d1097cc809217b3d8fe
  custom:scripting/monoscript/fileName/AppUI.cs: f191114e0ff3798f47ba09a85570a853 -> 
  custom:scripting/monoscript/fileName/MuseToggle.cs: f8b63e775d46c77401a90cc998e34bb5 -> 
  custom:scripting/monoscript/fileName/SampleOutputPromptInput.cs: c58a648a7a267eee2f3756d7ef0e063e -> 
  custom:scripting/monoscript/fileName/DrawProgressForDialogs.cs: 5f8d39e3ea7c4a42148c6b1a7b4ca061 -> a5f2abd8875e7a6afbc171fabfbae81f
  custom:scripting/monoscript/fileName/ToolbarButton.cs: 47dc767626bbd94d66707af31ddc5eb6 -> 
  custom:scripting/monoscript/fileName/ScopeToolbar.cs: 7b41dab106d01f94fe256f0bd62a8942 -> 
  custom:scripting/monoscript/fileName/ProjectViewAssetSelection.cs: 349dc288d32791de51156d4e59000b7b -> 2560eadaf6a13a74a46a4a207cd5a8b6
  custom:scripting/monoscript/fileName/DrawTreeViewItem.cs: cceebc4f1185658619e40964f29acb08 -> 0921a62a588ab864253743d1f07afb5a
  custom:scripting/monoscript/fileName/Accordion.cs: 14e96b9b51569ae54c02f27ad123c324 -> 
  custom:scripting/monoscript/fileName/SampleOutputListRowItem.cs: 477a0754f73bd94b9d2a42bbad195c94 -> 
  custom:scripting/precompiled-assembly-types:Unity.Muse.Sprite.Editor: 18850fce54411d534264b9847f78b6bd -> 
  custom:scripting/monoscript/fileName/CheckPointModelEvents.cs: e582c502b168ca50e2c6f242d610edc8 -> 
  custom:scripting/monoscript/fileName/DrawSceneOperations.cs: 2426c0c2ee58cd28be59874f6425940c -> d87f46f9fb97181a2f51490ea2e1efc3
  custom:scripting/monoscript/fileName/DoubleField.cs: ae010ba096f6f53b28be4143cb245d9b -> 
  custom:scripting/monoscript/fileName/INativePluginImpl.cs: a7128a155395ec76c2bb1def5bd0883d -> 
  custom:scripting/monoscript/fileName/SliderFloat.cs: 988f413fb672c6baac2a3b13e4c5ca56 -> 
  custom:audio-encoder-webm-vorbis: bf7c407c2cedff20999df2af8eb42d56 -> 
  custom:scripting/monoscript/fileName/MuseProjectSettingsProvider.cs: adc5faba3d16cd48d8100cc785f3484f -> 
  custom:scripting/monoscript/fileName/DrawActionHelpBox.cs: dcd6ec2e7fb1b44f22c4a79ff87b70cd -> c8f6be9dab1e6f8d71e0c63c29679186
  custom:scripting/monoscript/fileName/StyleTrainerMainUIEvents.cs: 2ddedc91683cda23ca47559148214b2f -> 
  custom:scripting/precompiled-assembly-types:Unity.Muse.AppUI: bd4dcb66d22fbaef6bf4576a74f00e47 -> 
  custom:scripting/monoscript/fileName/TooltipManipulator.cs: baba84e5d8f701357722616ca28d97e1 -> 
  custom:scripting/monoscript/fileName/PendingChangesMultiColumnHeader.cs: 21802cc6929e0e180fb4f0be8e34d9d0 -> 722de7d6e07a79981d750438e6febb8f
  custom:scripting/monoscript/fileName/EditorDispatcher.cs: c739e073a8c38dbcf59192f45d1004c5 -> 3c402eae57d73cc54863f3f6a13096ae
  custom:scripting/monoscript/fileName/Slice.cs: a37434889dc04967db93d1ed3e73617f -> 
  custom:scripting/monoscript/fileName/SpriteRefinerArtifact.cs: de1e0d2b6f716431300cd142ac1d4ae1 -> 
  custom:scripting/precompiled-assembly-types:Unity.Muse.AppUI.MVVM: 3662711f92bf443a24341de702f995c3 -> 
  custom:scripting/monoscript/fileName/FocusControllerExtensionsBridge.cs: fc4e2e6e8f71893dbd627771fa59c58b -> 
  custom:scripting/monoscript/fileName/SplitView.cs: 65834cd80a871ab60a22ce6baa1263d6 -> 
  custom:scripting/monoscript/fileName/IContext.cs: 0e12262b60265590e44501bb4804e715 -> 
  custom:scripting/monoscript/fileName/IIncomingChangesTab.cs: 363f9daba453e316e730238a80857251 -> 40644cd18074db84684b9e437bf8fa77
  custom:scripting/monoscript/fileName/AccessToolbar.cs: d76433715fc9e4492574e56a5620d16a -> 
  custom:scripting/monoscript/fileName/WorldSpaceUIDocument.cs: ed3ca4a6c9a01a95a1c8a3c30aeecb54 -> 
  custom:scripting/monoscript/fileName/ImageVariationBase64Request.cs: 630306dcee421f5b5d27be1b83e5c48b -> 
  custom:scripting/monoscript/fileName/BackendUtilities.cs: e8ac3f5b0a3ab21aad72fde71c76071a -> 
  custom:scripting/monoscript/fileName/MuseEnvironment.cs: d751f2c1066ef9967221fce4cac8a56f -> 
  custom:scripting/monoscript/fileName/GetChangesOverlayIcon.cs: f00e4b795697c6cf3092760f3b6fc49d -> d599d6efdee28305661bc0cf6683858a
  custom:scripting/monoscript/fileName/DefaultCloudContext.cs: 416844ef362ba0823c0560aa9458a7cf -> 
  custom:scripting/monoscript/fileName/BaseDatePickerPane.cs: a13419de5f4474d7945ce32dadcc6d38 -> 
  custom:scripting/monoscript/fileName/NodesList.cs: 3d1883d4c52ef0f8973d4bbb427af96f -> 
  custom:scripting/monoscript/fileName/ItemRequest.cs: 85f70ba26e0a94bcd47eff0476b6788f -> 
  custom:scripting/monoscript/fileName/SampleOutputView.cs: f6d9f0a7e6b9d253642aa9b11caa6a48 -> 
  custom:scripting/monoscript/fileName/OperatorData.cs: c7de3dd9e64e8ccf7594b5949bb9a476 -> 
  custom:scripting/monoscript/fileName/WebImage.cs: cb22109d41e4a8ce320905c20f5ec71a -> 
  custom:scripting/monoscript/fileName/IDependencyInjectionListener.cs: 201125a4796b980bf72cd49af13b909f -> 
  custom:scripting/monoscript/fileName/TrainingRoundsRowView.cs: 60086fea0fa8abfeef1807f852bf47f2 -> 
  custom:scripting/monoscript/fileName/ReferenceOperatorView.cs: 570ca0cf3cb7006869f772dd986c4920 -> 
  custom:scripting/monoscript/fileName/ChangesetsListView.cs: caae0aefb36c869f50691482a5cd0944 -> 87b74e0d80cf59010f55e2baaeb6679d
  custom:scripting/monoscript/fileName/UpdateReportListView.cs: 2d8fccdaad50bbd7454b52cf9cb4a0f9 -> 08d26df1ab6c3a7628addc5e54e50b08
  custom:scripting/monoscript/fileName/ServiceProviderExtensions.cs: 181ddc8418c2166ef39f3425999b66c6 -> 
  custom:scripting/monoscript/fileName/BlinkingCursor.cs: 573593f7038035cd7b9e36e3279158b2 -> 
  custom:scripting/monoscript/fileName/UnityConfigurationChecker.cs: 59a8f0715a7c89a752351bf42f94abbd -> 874cd65cce0384fef4b60e71fb08a429
  custom:scripting/monoscript/fileName/SampleOutputListView.cs: 959b6c3fb6bc8087fc855e19f4c76384 -> 
  custom:scripting/monoscript/fileName/GenerationSettings.cs: 0f4e25473d1bde7002c3b0f10c662371 -> 
  custom:scripting/monoscript/fileName/Startup.cs: 5e391bbb5bac6182cfc7e2371e719c6f -> 
  custom:scripting/monoscript/fileName/ShortcutManipulator.cs: b3112c053521af4142e280a1a9de6c00 -> 
  custom:scripting/monoscript/fileName/SessionStatus.cs: 3feb95a64eb5ae609f1bc2ada4f0809c -> 
  custom:scripting/monoscript/fileName/DllImport.cs: 10aaf8a0f8fc8aaa68cd76b3eb5edd89 -> 
  custom:scripting/monoscript/fileName/ActionGroup.cs: 5bb2ae4c270e0409d6affc89662d23d2 -> 
  custom:scripting/monoscript/fileName/CheckWorkspaceTreeNodeStatus.cs: 5e11ff64963669981115eb58dc2b6e8b -> 1e1255b803bf7cbc935bb804bf0dbe7b
  custom:scripting/monoscript/fileName/NetworkState.cs: 9fc08c048703ba2887fd1efeef6d3132 -> 
  custom:scripting/monoscript/fileName/ColorSlider.cs: e3f9e81574bf9729e9b438dcf9550cca -> 
  custom:scripting/monoscript/fileName/PlasticPlugin.cs: a57c142b98ca3d4daad221737fd72924 -> c64561980f26020cc3206ae8b1047268
  custom:scripting/monoscript/fileName/ErrorBalanceNotificationView.cs: 04f0b540e44dcd6dd10747e5abd019d1 -> 
  custom:scripting/monoscript/fileName/CheckPointStatusCheckTask.cs: 98457aaf1d6dc2d058b14fb974594bc2 -> 
  custom:scripting/monoscript/fileName/SwitchModeConfirmationDialog.cs: 4d9c02587760213784bfe53d012122b4 -> 30cd71d0b3ee4b2689cde689908d301e
  custom:scripting/monoscript/fileName/ModesFactory.cs: 33e5e899123a13462a375878c324b4ee -> 
  custom:scripting/monoscript/fileName/SampleOutputVersionFoldoutHeader.cs: 60e58216af5ff88b57c5f80737f80a0c -> 
  custom:scripting/monoscript/fileName/StyleModelEvents.cs: f2f8ddeca113b8612b4ec2a15cfd04d4 -> 
  custom:scripting/monoscript/fileName/StyleTrainerMainUI.cs: f00d2b304976b284e1037b613918f05c -> 
  custom:scripting/monoscript/fileName/ArtifactFactory.cs: 201974c8330e6eca32a39d899f25438a -> 
  custom:scripting/monoscript/fileName/PlasticWindow.cs: fc467478941f610919bc69526ba2c215 -> 
  custom:scripting/monoscript/fileName/Scheduler.cs: 089a1d43a1f159126fd34be59aca57af -> 
  custom:scripting/monoscript/fileName/ContextProvider.cs: 4d401836255ef34e8e64ae053ec7c83d -> 
  custom:scripting/monoscript/fileName/TouchExtensions.cs: c1416c990c744b80e90d0fb99e92086e -> 
  custom:scripting/monoscript/fileName/ValueAnimationExtensionsBridge.cs: 43197bc312208002168bdbf17a63c359 -> 
  custom:scripting/monoscript/fileName/LinearProgress.cs: 688a622a9c86d62c5e3be2a82890e515 -> 
  custom:scripting/monoscript/fileName/BranchesViewMenu.cs: 8089f11c30784e2e57775dd6cdbae898 -> 7bfc83e917c9b0b5aa423bb947ce2a38
  custom:scripting/monoscript/fileName/CooldownWindowDelayer.cs: 7816cfcad485500dbac9993c4502ea69 -> 4c95e39c8dd4cfa1bca106097fdb6524
  custom:scripting/monoscript/fileName/AppUIServiceCollection.cs: 35f30e737e439af598b307401685afa8 -> 
  custom:scripting/monoscript/fileName/FeedbackData.cs: 4df9f0e8a21753f38b7f4356e8e37876 -> 
  custom:scripting/monoscript/fileName/ContextMenu.cs: e2c7b7b423c26a57d717ef67fb421288 -> 
  custom:scripting/monoscript/fileName/GetInstallerTmpFileName.cs: fa7bda723ac795b48e38504727f44981 -> d09e0b5c7a9af5874530e17ef23025f0
  custom:scripting/monoscript/fileName/SeedField.cs: 6863a7c9c14e97f9f71e5f4b4718cf66 -> 
  custom:scripting/monoscript/fileName/EnumNameAttribute.cs: 29d9ed4e48f0b3f20b370570786e77b8 -> 
  custom:scripting/monoscript/fileName/AssetModificationProcessor.cs: a602c9e59e7db185e3a0d68d986e6fef -> 
  custom:scripting/monoscript/fileName/Checkbox.cs: 52421b048f15933a7f5edf680badfdba -> 
  custom:scripting/monoscript/fileName/IsCollabProjectMigratedResponse.cs: 4c3294c6a51e6f42161d191230692016 -> af2b76c693935deee55cfcaed2aa7568
  custom:scripting/monoscript/fileName/AppUITouch.cs: 7f53bd5a7be3cb8cfd39edbdbfc31175 -> 
  custom:scripting/monoscript/fileName/BaseGridView.cs: 4142e54b21ce49783fcc3b3160e60a4d -> 
  custom:scripting/monoscript/fileName/RectIntField.cs: ed12a22187f0d3bd91675ace7e9e810e -> 
  custom:scripting/monoscript/fileName/StyleModelInfo.cs: 3db001b275b858d5330ab38954456eb8 -> 
========================================================================
Received Prepare
Caller must complete domain reload
Begin MonoManager ReloadAssembly
- Loaded All Assemblies, in  1.006 seconds
Native extension for WindowsStandalone target not found
Native extension for iOS target not found
Native extension for Android target not found
Native extension for WebGL target not found
Mono: successfully reloaded assembly
- Finished resetting the current domain, in  2.088 seconds
Domain Reload Profiling: 3089ms
	BeginReloadAssembly (238ms)
		ExecutionOrderSort (0ms)
		DisableScriptedObjects (9ms)
		BackupInstance (0ms)
		ReleaseScriptingObjects (0ms)
		CreateAndSetChildDomain (51ms)
	RebuildCommonClasses (50ms)
	RebuildNativeTypeToScriptingClass (16ms)
	initialDomainReloadingComplete (49ms)
	LoadAllAssembliesAndSetupDomain (646ms)
		LoadAssemblies (584ms)
		RebuildTransferFunctionScriptingTraits (0ms)
		AnalyzeDomain (195ms)
			TypeCache.Refresh (152ms)
				TypeCache.ScanAssembly (137ms)
			ScanForSourceGeneratedMonoScriptInfo (31ms)
			ResolveRequiredComponents (9ms)
	FinalizeReload (2089ms)
		ReleaseScriptCaches (0ms)
		RebuildScriptCaches (0ms)
		SetupLoadedEditorAssemblies (902ms)
			LogAssemblyErrors (0ms)
			InitializePlatformSupportModulesInManaged (56ms)
			SetLoadedEditorAssemblies (6ms)
			RefreshPlugins (0ms)
			BeforeProcessingInitializeOnLoad (128ms)
			ProcessInitializeOnLoadAttributes (581ms)
			ProcessInitializeOnLoadMethodAttributes (121ms)
			AfterProcessingInitializeOnLoad (8ms)
			EditorAssembliesLoaded (0ms)
		ExecutionOrderSort2 (0ms)
		AwakeInstancesAfterBackupRestoration (75ms)
Refreshing native plugins compatible for Editor in 15.71 ms, found 4 plugins.
Preloading 1 native plugins for Editor in 0.18 ms.
Unloading 5086 Unused Serialized files (Serialized files now loaded: 0)
Unloading 46 unused Assets / (1.4 MB). Loaded Objects now: 5553.
Memory consumption went from 170.0 MB to 168.5 MB.
Total: 6.089100 ms (FindLiveObjects: 0.315500 ms CreateObjectMapping: 0.181200 ms MarkObjects: 4.725900 ms  DeleteObjects: 0.865200 ms)

Prepare: number of updated asset objects reloaded= 0
AssetImportParameters requested are different than current active one (requested -> active):
  custom:scripting/monoscript/fileName/ToolFactoryRegister.cs: edaa9d209550a0e61240e75d1a2a3fd1 -> 
  custom:scripting/monoscript/fileName/MultiJsonInternal.cs: 3c0b2f060df209942444688160b7ba5c -> 
  custom:scripting/monoscript/fileName/SubGraphOutputNode.cs: 6fe55b4e9d6fa7ee82d3177803c9cf20 -> 
  custom:scripting/monoscript/fileName/IMayRequireNormal.cs: 33e5bba2416d50e55fc6e1b11df5f909 -> 
  custom:scripting/monoscript/fileName/FrameTimeSample.cs: 98ec0149754da47d653a2a35157d2b6c -> 
  custom:scripting/monoscript/fileName/LocalizedTextElement.cs: e1b9eeff95990e54c9a9dc69ce19734b -> 
  custom:scripting/monoscript/fileName/Popover.cs: 4115025d54e2acd77a49f554f04af17c -> 
  custom:scripting/monoscript/fileName/IncomingChangesTab.cs: 6fa4849c09cf3ec125d3914af6074a21 -> 82bff1d960538992d4e618d909869d2e
  custom:scripting/monoscript/fileName/IValidatableElement.cs: 90647cc400823b41df847a6cbfc29026 -> 
  custom:scripting/monoscript/fileName/ToolbarRadio.cs: 2d9edda2c314ac6468f2c36b5c8b82e7 -> 
  custom:scripting/monoscript/fileName/RelayCommand.cs: b98e5608049019f2756175075d1dd454 -> 
  custom:scripting/monoscript/fileName/TextPropertyDrawer.cs: ccd0a31e0b64d139c72276dafd6663e5 -> 
  custom:scripting/monoscript/fileName/IdentifierField.cs: ba1db6fd74ae7e5974297edef3ea4514 -> 
  custom:scripting/monoscript/fileName/DebugUIHandlerContainer.cs: c397f0bb423f49300732877230e28fb7 -> 
  custom:scripting/monoscript/fileName/ConditionUnmetException.cs: 005532f7eb227edc45563fe5f541c354 -> 
  custom:scripting/monoscript/fileName/Deprecated.cs: f7ecc9f08dc30750e066023f4588097f -> 
  custom:scripting/monoscript/fileName/SizeToContentButton.cs: f996dd6af2703c2acc1fc852c5c6fe91 -> 
  custom:scripting/monoscript/fileName/Texture2DArrayShaderProperty.cs: 22a8eaf5ddc1204aa9a6592ffa0226b5 -> 
  custom:scripting/monoscript/fileName/ProbeTouchupVolumeEditor.cs: b56db4d86eafa506a0c26c2f10391a38 -> 
  custom:scripting/monoscript/fileName/SpritePicker.cs: 6c57758f0e0792684ff138aa61e12c15 -> 
  custom:scripting/monoscript/fileName/ExVisualElement.cs: 0719d05dc014f888dce476d00c8e5949 -> 
  custom:scripting/monoscript/fileName/ShaderDropdown.cs: b823c7dba35329fcebb57ac2e2d54de5 -> 
  custom:scripting/monoscript/fileName/DynamicArray.cs: e31f8fb0c891e8a0f4b8f3b9be6577d5 -> 
  custom:scripting/monoscript/fileName/Vector4Field.cs: c58543e1452e2d7969e128d4d880a29b -> 
  custom:scripting/monoscript/fileName/IMayRequireBitangent.cs: b08caf56583e2eb699179b0bc199bd87 -> 
  custom:scripting/monoscript/fileName/ObjectControl.cs: 1725fa4298c6e3f8f1dc864f66c7a71b -> 
  custom:scripting/monoscript/fileName/DiffSelection.cs: 34faf7c86f7e0c9a01162e930679d82f -> 1460aaba4240ef35322cb9c198487990
  custom:scripting/monoscript/fileName/PragmaDescriptor.cs: 9d5c26b9fa6ff8781c6959af8018c097 -> 
  custom:scripting/monoscript/fileName/SpriteArtifactDragAndDropHandler.cs: 839d1b37b55d6be59f997a1187e45f3e -> 
  custom:scripting/monoscript/fileName/IndexSet.cs: 54624cd5122f8028a8c9e5bb2553bba7 -> 
  custom:scripting/monoscript/fileName/ShaderGraphPropertyDrawers.cs: f2bd33c12ff3343c29ded09529550b95 -> 
  custom:scripting/monoscript/fileName/IInputElement.cs: 90647cc400823b41df847a6cbfc29026 -> 
  custom:scripting/monoscript/fileName/PbrFactory.cs: 41a7547dec80509ee363b527f4b119e7 -> 
  custom:scripting/monoscript/fileName/Vector4ShaderProperty.cs: d47afd559c9af25287df2c28d3469e5f -> 
  custom:scripting/monoscript/fileName/DatePicker.cs: 91d4045d80ecc134ca6ab854d8063fb1 -> 
  custom:scripting/monoscript/fileName/RenderPipelineGlobalSettingsProvider.cs: 0cdf409b5aa8d4c25876d72b5c6a3b60 -> 
  custom:scripting/monoscript/fileName/ViewDirectionNode.cs: d0edddf7fb4e227e0777e5c9156f8c50 -> 
  custom:scripting/monoscript/fileName/TexelSizeNode.cs: c657fce3305d3bf64a830debbcc92f57 -> 
  custom:scripting/monoscript/fileName/GenerateButtonData.cs: a4a5d2cace8ba7ac9b29e8dce04fd18d -> 
  custom:scripting/monoscript/fileName/CloudProjectId.cs: f33db9e9673144ad1e994ed4cff5ce2d -> 
  custom:scripting/monoscript/fileName/CustomRenderTextureMenuItem.cs: 69797cad8d819b12e94627e87f712ffe -> 
  custom:scripting/monoscript/fileName/DateFilter.cs: de3aab0283a2b4a1d4d64145b14132d5 -> 3a6cb8c2e3ffbb5a9052e322ee5bf411
  custom:scripting/precompiled-assembly-types:Unity.Muse.Common.Editor: b2b85f334c7b94962b4de33259f9b3d8 -> 
  custom:scripting/monoscript/fileName/AODatabaseObject.cs: b36620b31483d280504569a4966f8469 -> 
  custom:scripting/monoscript/fileName/Texture2DAtlas.cs: f139623eb10c0fee049e755db7d6ec35 -> 
  custom:scripting/monoscript/fileName/SaveSpriteData.cs: 536697541501b97237df33b769e18e06 -> 
  custom:scripting/monoscript/fileName/GenerationMode.cs: 1dc67ca28f5dc307fb66be783238992e -> 
  custom:scripting/monoscript/fileName/UVMaterialSlot.cs: ba2046c9d1e32f8626c04e7842cef85c -> 
  custom:scripting/monoscript/fileName/TemperatureSlider.cs: b7550a71568f4131d906ef2284c689c4 -> 
  custom:scripting/monoscript/fileName/Draggable.cs: c5fa4ac080cf5eb440a180cd558904ac -> 
  custom:scripting/monoscript/fileName/MainUI.cs: 038bb51f21d0e6b0c1cb151199f55270 -> 
  custom:scripting/monoscript/fileName/SampleTexture2DArrayNodePropertyDrawer.cs: 97ac714f5e063453b4cdbd97465c6dba -> 
  custom:scripting/monoscript/fileName/FormerNameAttribute.cs: 3aa965757fdbdb1ddced3af401e54d14 -> 
  custom:scripting/monoscript/fileName/RuntimeCloudContext.cs: da94b5acfb57480365ecf7eea6ee6b0f -> 
  custom:scripting/monoscript/fileName/ComponentSingleton.cs: 90647cc400823b41df847a6cbfc29026 -> 
  custom:scripting/monoscript/fileName/IDebugDisplaySettingsData.cs: 3f5718c7cd55e1263a2016c2e7c511dc -> 
  custom:scripting/monoscript/fileName/SerializedDataParameter.cs: 3e2448ca9812367b1288bf30d1333255 -> 
  custom:scripting/monoscript/fileName/Vector2IntField.cs: ba00b33ea4f2257c51a40a39bbdb4528 -> 
  custom:scripting/monoscript/fileName/IEdge.cs: fe7a9aaf4a54b5490fcc9202df625cf8 -> 
  custom:scripting/monoscript/fileName/ColorWheel.cs: f76cc18000f06f73a697a5aa0353462a -> 
  custom:scripting/monoscript/fileName/ScreenPositionMaterialSlot.cs: e2f37103521a69c5363f998da473cb2d -> 
  custom:scripting/monoscript/fileName/GraphCompilationResult.cs: b7780f433eeedb9d65cadcbafe3cd2ac -> 
  custom:scripting/monoscript/fileName/AdditionalCommandCollection.cs: 8e8ed259a61b2398049296c299ff0d82 -> 
  custom:scripting/monoscript/fileName/ComparisonGizmoController.cs: 0ed71d61c65a6c9e1d5326d122e341ed -> 
  custom:scripting/monoscript/fileName/PerformInitialCheckin.cs: be22d181e456c0a8a5713675f29ac72a -> 8ef9a9f407b8b94b2b5fad9d24e61f79
  custom:scripting/monoscript/fileName/PluginAttribute.cs: b63651bbaab0341ec100d4ba8779f1fc -> 813c19932992710d73442c18f504dce4
  custom:scripting/monoscript/fileName/SessionChangesTracker.cs: d6ce70af4c694315f0423bb92ed87128 -> 
  custom:scripting/monoscript/fileName/IntegerNode.cs: d37fcacdfa145e7b30bef149b2aa61c4 -> 
  custom:scripting/monoscript/fileName/IDebugDisplaySettings.cs: f5962540ab4017752f24078100d34caa -> 
  custom:scripting/monoscript/fileName/TextToImageResponse.cs: ba99477439a8068a3bd8460ca97545ce -> 
  custom:scripting/monoscript/fileName/SampleCubemapNode.cs: 2a89d6c9f350f115f44474e9627075c2 -> 
  custom:scripting/monoscript/fileName/PackageResources.cs: 6a6bd0c47f18f6eb839a4669d63f229e -> 
  custom:scripting/monoscript/fileName/ConflictResolutionState.cs: 51eaf597f9533c7ed197ad15e802d20f -> 74a230000ff2fd58c5a60ab4258207dc
  custom:scripting/monoscript/fileName/BuildTargetAnalytic.cs: d1198a9ec4f39d5f894dcce9558191fa -> 
  custom:scripting/monoscript/fileName/LightAnchorEditor.cs: a50e8bbfa481761386418d81c5b198ab -> 
  custom:scripting/monoscript/fileName/Dropdown.cs: 5746b9966e2224fc01bb767f83d3bed6 -> e2499375dbab18b142e2db07a091d792
  custom:scripting/monoscript/fileName/CubemapMaterialSlot.cs: c06407daaa7825a24823f542b4cce693 -> 
  custom:scripting/monoscript/fileName/ShaderSubGraphMetadata.cs: 5f8bf65dbde279d1cced6165592934a4 -> 
  custom:scripting/monoscript/fileName/PngMetadataEditor.cs: 4bf9147a90382a74cb3ff54c58bfe03b -> 
  custom:scripting/monoscript/fileName/PragmaCollection.cs: f49ba23ecf89e3c13391e892024ef55b -> 
  custom:scripting/monoscript/fileName/DynamicValueMaterialSlot.cs: 96593504c52dbeb1e2e40ec1fc7f68b4 -> 
  custom:scripting/monoscript/fileName/CoreEditorUtils.cs: 2cd321874a9df82de24a716bb03de51f -> 
  custom:scripting/monoscript/fileName/FindWorkspace.cs: 39bbd18bfe6bf4a99f5c185dcda4dd4a -> 6af6c9e9382fef881c020ab184e6f7f5
  custom:scripting/monoscript/fileName/BuiltInProperties.cs: f776e75fdeccbdba338b5e3b51ac2624 -> 
  custom:scripting/monoscript/fileName/VolumeEditor.cs: 5da91c70d61cf83e160595d6901a6ee8 -> 
  custom:scripting/monoscript/fileName/CheckerboardNode.cs: 11e9e444b94aca3564da1fb5e36bfb29 -> 
  custom:scripting/monoscript/fileName/RenderGraphResourceRendererList.cs: 29ecab2620760ec013c65d9464339e03 -> 
  custom:scripting/monoscript/fileName/IncomingChangesNotifier.cs: 10fad815611441fb3a805150421ed991 -> 
  custom:scripting/monoscript/fileName/SettingsProviderGUIScope.cs: 10f191b2438038aee34bc61d186964fb -> 
  custom:scripting/monoscript/fileName/IMayRequireVertexSkinning.cs: fbdeca0936f640a3b00a2c27ec2fc9bd -> 
  custom:scripting/monoscript/fileName/NoiseSineWaveNode.cs: 11bcd6b93b816e3a1e4d4c0bf4e53dc7 -> 
  custom:container-demuxer-ogg: 62fdf1f143b41e24485cea50d1cbac27 -> 
  custom:scripting/monoscript/fileName/ChannelEnumControl.cs: 4e5c0e330a44ab283f046ed4264a217a -> 
  custom:scripting/monoscript/fileName/BakedGINode.cs: 8c889cdfde0b3413c4bd31a994d95c18 -> 
  custom:scripting/monoscript/fileName/ResourcePathAttribute.cs: 119835f2547b92833998a770cee38fec -> 
  custom:scripting/monoscript/fileName/VolumeManager.cs: 08e4cca4409e6618853e999cedfae80b -> 
  custom:scripting/monoscript/fileName/MaterialMapPreview.cs: 07bbae85fc5528c5fa623df51bf74de6 -> 
  custom:scripting/monoscript/fileName/TrainingRoundsView.cs: e0ad77ec9444de11c0825c061c64ae3c -> 
  custom:scripting/monoscript/fileName/ModesListSelector.cs: bb24963f36b5ef9e026801ac08a8e752 -> 
  custom:scripting/monoscript/fileName/DynamicMatrixMaterialSlot.cs: e607449f29754212bba5aa48414eba7a -> 
  custom:scripting/monoscript/fileName/MaterialSlot.cs: 3464f5530a872412ad2dbe59229a72fd -> 
  custom:scripting/monoscript/fileName/PropertyFetcher.cs: 32b9fa5b3c3a8930c4d96f5e32f27812 -> 
  custom:scripting/monoscript/fileName/VirtualTextureMaterialSlot.cs: 4661c0cba8baf532a724657848aec3d5 -> 
  custom:scripting/monoscript/fileName/CheckinConflictsDialog.cs: d3af1d70d3f60a9847d2942647274222 -> e13fa04a97fb675842c94586fc602871
  custom:scripting/monoscript/fileName/MuseMaterialProperties.cs: 275699d83ac0a8ea81e11cf3d8dcd145 -> 
  custom:scripting/monoscript/fileName/AuthToken.cs: d22b2893825e943bc1389be142abd57e -> 0fba7e8eb1ec8b699f274cdc956451b2
  custom:scripting/monoscript/fileName/DebugDisplaySettings.cs: 90647cc400823b41df847a6cbfc29026 -> 
  custom:scripting/monoscript/fileName/ProgressControlsForDialogs.cs: 6bf8e69ac7dc2163fe988e5d8181ce88 -> 7e6bd1727985204e3b64e1946e589b1c
  custom:scripting/monoscript/fileName/UIModeFactory.cs: e8b2ee6f4479ca25afc7cd092d420e4b -> 
  custom:scripting/monoscript/fileName/AssetStatusCache.cs: beede06d8a6d93e7907fd192ad653f2b -> 260d5f85663ac58b2a7e9553c453bc3e
  custom:scripting/monoscript/fileName/SearcherAdapter.cs: 22d8a8c5cd74915953ae914f15760a91 -> 
  custom:scripting/monoscript/fileName/IMaskOperator.cs: 308963f687d77a9ca70271ff368bf574 -> 
  custom:scripting/monoscript/fileName/ControlsFactory.cs: 68a844728f5cdb7674034d66b4f4ba5c -> 
  custom:scripting/monoscript/fileName/DrawIncomingChangesOverview.cs: 6d1aadb525661622ddc7d545c55841f2 -> 
  custom:scripting/monoscript/fileName/BuildFormattedHelp.cs: f675844664504d88a0d8165e2b08a2bf -> 
  custom:scripting/monoscript/fileName/Radio.cs: 7e64392a57fa0a9e8f30f84bbc566e82 -> 
  custom:scripting/monoscript/fileName/Vector2ShaderProperty.cs: 9f9770fa9be4c0b4173bdcfe7eefe448 -> 
  custom:scripting/monoscript/fileName/OrganizationPanel.cs: d7ac1288bef1b15a05bb26d201a4d87f -> 57a57e6a345dbd536e91c348b70943a9
  custom:scripting/monoscript/fileName/EditorModelAssetEditor.cs: a56869b96c6ddcbc2c143436dbdaa8ab -> 
  custom:scripting/monoscript/fileName/XRUtils.cs: 109f488ccdd99bac82cce05f64bc94eb -> 
  custom:scripting/monoscript/fileName/SerializableCubemap.cs: c16d52c6a13f1337e551aa5a9103d80a -> 
  custom:scripting/monoscript/fileName/CoreMatrixUtils.cs: 0895934330b4ed7720aec5730d22b550 -> 
  custom:scripting/monoscript/fileName/Menu.cs: 01036f820f0aba5246103f5e583c45bb -> 5eba48b4d6d147021b8e165ca83d35a2
  custom:scripting/monoscript/fileName/IESReader.cs: a3504a3b985239064e751dee9faf9376 -> 
  custom:scripting/monoscript/fileName/GeometryNode.cs: e6bfc7936849bb510b62cc097b448045 -> 
  custom:scripting/monoscript/fileName/ProbeVolumeSceneData.cs: 47a90d651b60a1f3cfb01a895624c61b -> 
  custom:scripting/monoscript/fileName/CustomTextureSlice.cs: f4b527bc15bdff7e22b7c89a3567c44d -> 
  custom:scripting/monoscript/fileName/EventBus.cs: d8ea2dc762a72245c304a2a3b93a89eb -> 44116646ae5a8e68b53a6428a288d598
  custom:scripting/monoscript/fileName/SliderControl.cs: 0c8b4ccf3de2573793418176380a10ba -> 
  custom:scripting/monoscript/fileName/MigrationProgressRender.cs: 94a7accb6b5be388f3abff6285d8f1af -> 
  custom:scripting/monoscript/fileName/ChangeCategoryTreeViewItem.cs: 0f882939555cf173ece99b60f8f54ade -> fd14db176fff061715c8ec88ced1902f
  custom:scripting/monoscript/fileName/ProbeVolumeBakingProcessSettings.cs: b11b7ded825914afcc67d1880b63374c -> 
  custom:scripting/monoscript/fileName/ProbeReferenceVolume.ReflProbeNormalization.cs: 5aa9b3acd2edf62bd1edd6e65aebc5b6 -> 
  custom:scripting/monoscript/fileName/LegalConsentResponse.cs: e451b09569d331c382e3b7cd0be62dbb -> 
  custom:scripting/monoscript/fileName/CurrentUserAdminCheckResponse.cs: cec2f173fe8732108711c497674c6f66 -> d57c2dcace740834acd59fdfbc5023b8
  custom:scripting/precompiled-assembly-types:Unity.RenderPipelines.Core.Runtime: 34799d0b1315b0c9def7321e7ce7313f -> 
  custom:scripting/monoscript/fileName/VolumeComponent.EditorOnly.cs: 90647cc400823b41df847a6cbfc29026 -> 
  custom:scripting/monoscript/fileName/StyleData.cs: bc22e4630630d4b0375c440a9929c8fc -> 
  custom:scripting/monoscript/fileName/SerializationHelper.cs: ee0d4866e6d37a8c29cfeef380c4bc3a -> 
  custom:scripting/monoscript/fileName/TrainingController.cs: a7d276f7670d7d29447a9f4ead2b59ba -> 
  custom:scripting/monoscript/fileName/Clickable.cs: dcfa54024397dad01b26b11b6fb78cdc -> 
  custom:scripting/monoscript/fileName/Debug.cs: 8cb796a7d561e888255a84496f78b643 -> 
  custom:scripting/monoscript/fileName/ActionItem.cs: 8fbe402fc340529c8d6b0f57da736347 -> 
  custom:scripting/monoscript/fileName/ScreenPositionSlotControlView.cs: 52ba4fe72948fdbfa1b4eebe60b89b8a -> 
  custom:scripting/monoscript/fileName/TrainingSetTabView.cs: da2bc88327174be1f41afe4c936f452b -> 
  custom:scripting/monoscript/fileName/AccountLinks.cs: 24122d0e6f5c49b5739cb1e1d29bd3df -> 
  custom:scripting/monoscript/fileName/SamplerStateMaterialSlot.cs: 5d8ed1136c37ddbdf94fb9bfb8650b9e -> 
  custom:scripting/monoscript/fileName/HierarchicalBox.cs: f3ec22a8717a2ae7bdfa36e7590c32d4 -> 
  custom:scripting/monoscript/fileName/UIElementsExtensions.cs: a191d7293be4538b0adb29dfe5b06a46 -> 52e0d612ab032e4d22e9558b90396b99
  custom:scripting/monoscript/fileName/TrialForm.cs: de40414fa31698e62530bcfe685c7e2f -> 
  custom:scripting/monoscript/fileName/IOnAssetEnabled.cs: 868ab4d60a4e4904e4c46870c76eaed4 -> 
  custom:scripting/monoscript/fileName/ObservableObject.cs: a6ccb0df61db355f1314fcc09a3326be -> 
  custom:scripting/monoscript/fileName/CreateBranchDialog.cs: c429477092287209232592c8cde1a615 -> 9eb29fda08033b4f847247136c412db6
  custom:scripting/monoscript/fileName/NoColors.cs: fd0aebcb04d19681456979b5b92ae754 -> 
  custom:scripting/monoscript/fileName/GraphData.cs: e71bb74b1f61e81644af5b7c6405e4c4 -> 90647cc400823b41df847a6cbfc29026
  custom:scripting/monoscript/fileName/RestCall.cs: 6cb4408ae037cdac0e2e0a800ffb0514 -> 
  custom:scripting/monoscript/fileName/RectExtensions.cs: ca8f43c621c2c11f812d0eeda1298c5a -> 
  custom:scripting/monoscript/fileName/StyleTrainerArtifactCache.cs: be034ce7b04be8de7936bf9e7ce8c00e -> 
  custom:scripting/monoscript/fileName/Vector3IntField.cs: 802fda2df94180c7bffc140f8b0eeb2a -> 
  custom:scripting/monoscript/fileName/ClientStatusResponse.cs: 176286fece9460ebe0ebf683964003c7 -> 
  custom:scripting/monoscript/fileName/EyeIndexNode.cs: fd4257db013ce52dffb32c7be03a3e02 -> 
  custom:scripting/monoscript/fileName/AssetDeleteWatcher.cs: f2313bdd54ae3c1f9b57dec080173cc1 -> 
  custom:scripting/monoscript/fileName/CustomInterpolatorNode.cs: eba846adf68aa9d07b8ade1f70bf60d8 -> 
  custom:scripting/monoscript/fileName/Texture3DPropertyDrawer.cs: 8a0bdc07956d8d75b7d917e2ee08da5d -> 
  custom:scripting/monoscript/fileName/DebugUIHandlerWidget.cs: bb0d50c1b191c09b23ccb82c4e724af5 -> 
  custom:scripting/monoscript/fileName/IntegerControl.cs: d8c70fd70ba69dc9bf47050189850505 -> 
  custom:scripting/monoscript/fileName/ICloudContext.cs: 406f589c07b038035da655e37a32f524 -> 
  custom:scripting/monoscript/fileName/MaterialUpgrader.cs: 4da045aecb0e085cd1c2363553959674 -> 
  custom:scripting/monoscript/fileName/Texture2DArrayPropertyDrawer.cs: a87044780f0b5b1c2ae49a3fbd3b5e97 -> 
  custom:scripting/monoscript/fileName/DebugManager.UIState.cs: 32e2b11d150007da9b9deba54dfccf56 -> 
  custom:scripting/monoscript/fileName/MaterialGraphPreviewGenerator.cs: 200c9d810b17de26d07ac2112623402d -> 
  custom:scripting/monoscript/fileName/BottomNavBar.cs: ad97eabc6f922c50bffab03570081c2d -> 
  custom:scripting/monoscript/fileName/DropdownNode.cs: a87ee97f96d12181aced776dd2bd1391 -> 
  custom:scripting/monoscript/fileName/ProjectPath.cs: 5634ebdbea8ca94089eb9622d1b60497 -> 2007f972d3a73eeb86dfe05e849c7f69
  custom:scripting/monoscript/fileName/ComputeDeformNode.cs: 3b3b29334ecc32669d65e2c77426d3d4 -> 
  custom:scripting/monoscript/fileName/IRelayCommand.cs: cb655cf30ac00745ed5fc4690824568b -> 
  custom:scripting/monoscript/fileName/SSOCredentialsDialog.cs: 8967ceae1bc195ea8dd32b23c42dd852 -> e140ede12a96f68f30062138385171c3
  custom:scripting/monoscript/fileName/DrawCreateWorkspaceView.cs: 6422239d8f649480614f0dd4f018b7f2 -> c6039ac84d85ab3926aa94de163a9f7d
  custom:scripting/monoscript/fileName/Action.cs: 39a4a2ee39ef18e1bf2fee287e7fa505 -> 
  custom:scripting/monoscript/fileName/IMayRequirePositionPredisplacement.cs: 692ea104e7ce252c31917ae0f84f057a -> 
  custom:scripting/monoscript/fileName/ShaderGraphProjectSettings.cs: aa1c6691754f44e97d764843cf1d257b -> 
  custom:scripting/monoscript/fileName/PreviewManager.cs: 2f7ac619db6e48df5fbce1906d9b5ca2 -> 
  custom:scripting/monoscript/fileName/ExperimentalProgramSignUpNotificationView.cs: 29e4119b692f6d54409a241bc47530c7 -> 
  custom:scripting/monoscript/fileName/IVolume.cs: 89f8fe4777808e170a50ff89be624391 -> 
  custom:scripting/monoscript/fileName/Popup.cs: a3019c018d9dcc9a20d74fe2a8ad6b61 -> 
  custom:scripting/monoscript/fileName/BitangentVectorNode.cs: 7bf437345afe6e6128e2e7407fb2d6df -> 
  custom:scripting/monoscript/fileName/CircularProgress.cs: 84f512acaf26829ec4cac9a6eccf4967 -> 
  custom:scripting/monoscript/fileName/MenuBuilder.cs: a5707ceb1ee47db48c3e17dd941059c2 -> 
  custom:scripting/monoscript/fileName/TextureCurve.cs: c2cb87668e8aef4832e4b2230c8a94b2 -> 
  custom:scripting/monoscript/fileName/PbrMaterialData.cs: 60b2e28ac0aa7afca160c4639e3bf891 -> 
  custom:scripting/monoscript/fileName/RotateNode.cs: 33e07876c81d0c6ba59d9dc053f5fe2e -> 
  custom:scripting/monoscript/fileName/SpeedTree8MaterialUpgrader.cs: 7f3e83ef44dc00c2657b6f7f0533e6e7 -> 
  custom:scripting/monoscript/fileName/BlackboardCategoryViewModel.cs: 38590a7c73667eeef01a8f9e4c97fbae -> 
  custom:scripting/monoscript/fileName/TargetPropertyGUIContext.cs: 026228c56189eeaa5a430c140694334e -> 
  custom:scripting/monoscript/fileName/DownloadPlasticExeDialog.cs: 2dd40c53d0303d041a27a44a95c331cb -> 093cfe0607c2346a88cdfdfe1435614f
  custom:scripting/monoscript/fileName/ImageArtifactCache.cs: b41d430efcc86539a1a17888c9332dfc -> 
  custom:scripting/precompiled-assembly-types:Unity.Muse.Sprite.Common.Editor: 68a549d84d23f904b877cb06871c0bd9 -> 
  custom:scripting/monoscript/fileName/IMayRequireViewDirection.cs: f0fc8a09be61ae5f3c59fb32fe12cd0a -> 
  custom:scripting/monoscript/fileName/Texture2DMaterialSlot.cs: cf8f9f78cb69e47bd1bc052c4ebb494a -> 
  custom:scripting/monoscript/fileName/PageIndicator.cs: cf951bf6247fcf363fbb4e3a426286b0 -> 
  custom:scripting/monoscript/fileName/PreviewPbrArtifact.cs: 7afda9402811909687cb0a2b2e32813e -> 
  custom:scripting/monoscript/fileName/Mask.cs: 4beddf0e60d5cca0ed72d2f2bd834a0d -> 30def7c5b8ef23ce62910d8eb0c002c6
  custom:scripting/monoscript/fileName/RenderPipelineResources.cs: e021da80e9dc82203649f807645c8518 -> 
  custom:scripting/monoscript/fileName/NodeSettingsView.cs: ea03228bb88a9b8081709d61f1c4edbd -> 
  custom:scripting/monoscript/fileName/ChannelMaskNode.cs: 28ee8d13bd18c5682e02f232c6f9c659 -> 
  custom:scripting/monoscript/fileName/GradientExtensions.cs: 9954455631d560b68c6e8c00503fa823 -> 
  custom:scripting/precompiled-assembly-types:Unity.ShaderGraph.Utilities: a5f5ab80340e2d79f4dddb9a842c37b5 -> 
  custom:scripting/monoscript/fileName/LayerManager.cs: 64786d54c464a6f48953f0690bb44668 -> 
  custom:scripting/monoscript/fileName/RenderGraphDefaultResources.cs: a5c0d1c17e51ba06d1ed29f1135d5218 -> 
  custom:scripting/monoscript/fileName/ServiceAtribute.cs: 8cae505ba4d8e8cb6c0368f1bf3e09df -> 
  custom:scripting/monoscript/fileName/MenuDivider.cs: c71d02adfcd027f2bdbfc9420fb522b2 -> 
  custom:video-codec-MediaFoundation-h265: 746d11721c4dcdbdad8f713fa42b33f4 -> 
  custom:scripting/monoscript/fileName/ColorParameterDrawer.cs: ef82f8df38a7535869ba02c1734d3334 -> 
  custom:scripting/monoscript/fileName/CreateShaderSubGraph.cs: e1368968d9b1ba5420bc5185345fb2f2 -> 
  custom:scripting/monoscript/fileName/AnalyticsManager.cs: e8e6afb9228012714bffaaf46f6d5f8a -> 
  custom:scripting/monoscript/fileName/PreferenceDataWrapper.cs: 90647cc400823b41df847a6cbfc29026 -> 
  custom:scripting/monoscript/fileName/IShaderVariantSettings.cs: 24e5727a60448cfdcb943f27e6a3a0b3 -> 
  custom:scripting/monoscript/fileName/IMasterNode1.cs: 2a2b379fd5522e53b3774344ffbe5ffb -> 
  custom:scripting/monoscript/fileName/BlockFieldDescriptor.cs: fceb4cfcaaea690b776261f7218defd4 -> 
  custom:scripting/monoscript/fileName/FieldDependencies.cs: cb9b7a4c634a2d958acd9864ac95b93f -> 
  custom:scripting/monoscript/fileName/PendingChangesTab_Operations.cs: c99065f3c85ec85c85ece2a1a30665af -> 15ae6787065f4af65778e981f418a60b
  custom:scripting/monoscript/fileName/GenerationUtils.cs: b83836e3901423508484e269abcb894c -> 
  custom:scripting/monoscript/fileName/LocksListViewItem.cs: cc9cd24c5be4f7363367cba72f12aad4 -> f4a19fabbec093eb3d6a7e1cd4f42611
  custom:scripting/monoscript/fileName/Badge.cs: 83d9188d0e4daa7e59ab57f3b4a721a3 -> 
  custom:scripting/monoscript/fileName/SubscriptionView.cs: 0a6a12b577568fc16f82e2602861db25 -> 
  custom:scripting/monoscript/fileName/BuiltInLitGUI.cs: 0c88265a82e7a340c0f06d77842275fc -> 
  custom:scripting/monoscript/fileName/DebugUIHandlerGroup.cs: b77b0af2c2c5f470f87bcd4b1db8db3a -> 
  custom:scripting/monoscript/fileName/ActiveFields.cs: 744dc5ffc9e4c8150f4591a5b8d45c61 -> 
  custom:scripting/monoscript/fileName/FloatingActionButton.cs: f3140e807232249ffd563637202b6dae -> 
  custom:scripting/monoscript/fileName/LiteDbArtifactCache.cs: f0f79f780fd527fec1893cc8719e4e77 -> 
  custom:scripting/monoscript/fileName/CombineNode.cs: 6b5a95dc7234dab3949235b4a2690e82 -> 
  custom:scripting/monoscript/fileName/ColorControl.cs: fb4c32d0a0c84d794fec928d5e9f1135 -> 
  custom:scripting/monoscript/fileName/UsageProgressText.cs: 599cdc404d85c01a4ade4349aa2c1d16 -> 
  custom:scripting/monoscript/fileName/PendingChangesViewPendingChangeMenu.cs: 561ad0f702e1db14300a4a5f810051f9 -> 9a6ef2277212bf26d647c7f12f946287
  custom:scripting/monoscript/fileName/ExperimentalProgramLimitReachedNotificationView.cs: 778011bc57396f004425edd4090715a3 -> 
  custom:scripting/monoscript/fileName/SignInPanel.cs: f7e82045994d4eefe3b021faa87b55c6 -> bac0318ce35e37bed3a2cc8137452435
  custom:scripting/precompiled-assembly-types:LiteDB: 89a8f94dee7a786c6853bd164e479e44 -> 
  custom:scripting/monoscript/fileName/ApplicationExtensions.cs: 72128436081c5def0b77c67ac90d8dfb -> 
  custom:scripting/monoscript/fileName/TargetActiveBlockContext.cs: 749a20e3e40ca57ec63a3b3b352a94b2 -> 
  custom:scripting/monoscript/fileName/DrawInspectorOperations.cs: 61c4a6a6507d8f84ef5bdf5cba3f0aee -> 8c94fe642e98309082411f46db89106b
  custom:scripting/monoscript/fileName/Fields.cs: 89a0897e1a8d349f289d71dffb7cbcbc -> 
  custom:scripting/monoscript/fileName/VolumePriorityUsageAnalytic.cs: f4421683766a83f80b86e3a7cc1aa930 -> 
  custom:scripting/monoscript/fileName/DrawDirectoryResolutionPanel.cs: a77980eb09765fe85cd85d4a47964cf2 -> e4e3c9b4bc511687802b504b71016540
  custom:scripting/monoscript/fileName/CanvasPaintToolManipulator.cs: 90647cc400823b41df847a6cbfc29026 -> 
  custom:scripting/monoscript/fileName/DebugUIHandlerUIntField.cs: e7071b0a0284932a823580ea17c74515 -> 
  custom:scripting/monoscript/fileName/ICloudBackground.cs: 0017a3c3e3896c6649a18e4112750fc0 -> 
  custom:scripting/monoscript/fileName/CloseWindowIfOpened.cs: d820344e932a12600b5fe6fb7e9f1563 -> ce229ef3b7461ff17e2c1af0695a6657
  custom:scripting/monoscript/fileName/PanTool.cs: 092010d74b4d01f9e56f1101c47a9b84 -> 
  custom:scripting/monoscript/fileName/ListBuffer.cs: 7fbe50df4560b7b832567f02372c6c63 -> 
  custom:scripting/monoscript/fileName/CameraUI.Drawers.cs: 62c57f7d7b389bcaceb7784588d4e5a2 -> 
  custom:scripting/monoscript/fileName/ShaderGraphToolbarExtension.cs: 92e3531256833aad58731360c1820f40 -> 
  custom:scripting/monoscript/fileName/SaveAssets.cs: e472a52843752df7d7ad4ca6b2c8da98 -> b56abea3d51c742ac29e4aec958afad6
  custom:scripting/monoscript/fileName/MaterialPreviewSelector.cs: a35e06cc27be4cc3ed1355814c930393 -> 
  custom:scripting/monoscript/fileName/ShaderSubGraphImporter.cs: 29c7ec564f47cfd85fa181f7d020bd1e -> 
  custom:scripting/monoscript/fileName/AppBuilder.cs: b479ec76de0db67e4ff7d691c2123eb7 -> 
  custom:scripting/monoscript/fileName/LightUnitSliderSettings.cs: 4a0e9a3cb6ab785443943c3271b2c3fc -> 
  custom:scripting/monoscript/fileName/AccountController.cs: 600b1a7a9ce1b69d9d5774e277838306 -> 
  custom:scripting/monoscript/fileName/CoreEditorStyles.cs: 965c685586909f768e0ab91ae1fb976d -> 
  custom:scripting/monoscript/fileName/CoreLightEditorUtilities.cs: c542d2bc76088ab6610016b0b3929f43 -> 
  custom:scripting/monoscript/fileName/XRBuiltinShaderConstants.cs: 7a525c353bab93f527868a08305e550a -> 
  custom:scripting/monoscript/fileName/UpscaleImageResponse.cs: 6f238511a27ceba7772b28bdd4ac1387 -> 
  custom:scripting/monoscript/fileName/RepositoriesListView.cs: 9f95c83dc460fb03fb0916472f14b8a7 -> 95287f65338ca0073ad04002a16eaaf7
  custom:scripting/monoscript/fileName/Painter.cs: b7249ddca51eb584c36cee36d1671d58 -> 
  custom:scripting/monoscript/fileName/PointerMoveEventExtensionsBridge.cs: 5d7b40b449d6de417258a7b462a82a5f -> 
  custom:scripting/monoscript/fileName/TriangleWaveNode.cs: 0245abb2363fcf6f71cd3e15165195af -> 
  custom:scripting/monoscript/fileName/AssetOperations.cs: 638daf61300bf6ad727538516d4fa3e2 -> 
  custom:scripting/monoscript/fileName/HandleMenuItem.cs: 740e54c5f6dca1acc88cad87af74b744 -> b4ad1ecc5243212c5967125ad5e41b1f
  custom:scripting/monoscript/fileName/MaterialEditorExtension.cs: 30b5a0e66ee1166b1c3046c4a276853b -> 
  custom:scripting/monoscript/fileName/SplitTextureTransformNode.cs: 3d220f038a5016425371524d56785c57 -> 
  custom:scripting/monoscript/fileName/ScreenResolution.cs: 5c975132cf4e36dcc261bd0acd604271 -> 7bb7bb5b955671820101b322f0a7bf3d
  custom:scripting/monoscript/fileName/ApplicationDataPath.cs: 8e4094e28762fb76a1baecfe90c6b65e -> 3e8c4ea8debfda8013fed860ac233d22
  custom:scripting/monoscript/fileName/MinimumNode.cs: 00e99bb6a46142058419ee46b41d066b -> 
  custom:scripting/monoscript/fileName/Response.cs: 2e3aea66b1698dc0d3c4a4ad5e1b9726 -> 
  custom:scripting/monoscript/fileName/CoreUnsafeUtils.cs: 218bf1410ffafbc47b09c0a2e4233c8b -> 
  custom:scripting/monoscript/fileName/Vector2PropertyDrawer.cs: 0c95c36ea3b3967cc23d1f1974f764fe -> 
  custom:scripting/monoscript/fileName/ResourceManager.cs: f0686c417ceda3f908c029dad3fbd36d -> 
  custom:scripting/monoscript/fileName/Date.cs: 0beac2edccb92a74058b45406bffc2d9 -> 
  custom:scripting/monoscript/fileName/TangentMaterialSlot.cs: 331116db364665d5c6f22e6742494084 -> 
  custom:scripting/monoscript/fileName/LensFlareDataSRP.cs: d74f03bc3bb215b784c9572cd65ec236 -> 
  custom:scripting/monoscript/fileName/PaintCanvasToolManipulatorUndo.cs: ba006b418a2dd50207a636700202a02f -> 
  custom:video-decoder-ogg-theora: a1e56fd34408186e4bbccfd4996cb3dc -> 
  custom:scripting/monoscript/fileName/ControlToolbar.cs: bce44eb26b05ba932b3ee39eeb4f431f -> 
  custom:scripting/monoscript/fileName/DebugManagerWindowLifetimeAnalytic.cs: 3ce2faf75da314d868bc1c0d02081f42 -> 
  custom:scripting/monoscript/fileName/DebugUIHandlerObjectPopupField.cs: 84f27d8b6feeb5688202c93006a3843b -> 
  custom:scripting/monoscript/fileName/RepaintInspector.cs: f134606300316994850c28a68d0cb5a3 -> 
  custom:scripting/monoscript/fileName/AbstractShaderProperty.cs: 42e575e3955fb1dbdd60d6406a9e54b7 -> 
  custom:scripting/monoscript/fileName/LockStatusCache.cs: 5e3725e03dc21c716034553589a67eae -> e99b3f34c5cd3eb73ec19439af1f7f80
  custom:scripting/monoscript/fileName/LightAnchor.cs: f1d956c1809689cbbe49b265dc1bd27a -> 
  custom:scripting/monoscript/fileName/ProbeVolumePerSceneData.cs: 0fd442e730c2b418b3169b6f17bce4b8 -> 
  custom:scripting/monoscript/fileName/DiffTreeView.cs: 68195907d129ef826aa6b6df7202696d -> 49f46fd2a65ea674a218eead75f27aac
  custom:scripting/monoscript/fileName/DependenciesDialog.cs: 82d30fc8d5e1a73ec0d1ee9acc00fbc2 -> c8902186ab2f4e6471b5dd147afb01b6
  custom:scripting/monoscript/fileName/ChangesetListViewItem.cs: 95a197949f1e777703db60eea8cc21b3 -> d742a4910e302777daa1ccb9c8e92cb9
  custom:scripting/monoscript/fileName/StyleTrainerProjectDataEditor.cs: 4bd0ab6b4e085b67e7eb63fe2062e50d -> 
  custom:scripting/monoscript/fileName/LocksViewMenu.cs: fda08381fa9abca53b6eaf3bf55f14f8 -> 186d8514e824865b191ba1829afe4b33
  custom:scripting/monoscript/fileName/MuseShortcuts.cs: 590ae4dc62a6a5b31c7b23b1facd42f8 -> 
  custom:scripting/monoscript/fileName/Searcher.cs: a4f4d5fb16fcfd800008a6d88fde8b99 -> 
  custom:scripting/monoscript/fileName/SRPFilterAttribute.cs: b14802714943f1789bd2326034639ecb -> 
  custom:scripting/monoscript/fileName/TrialExpiredNotificationView.cs: 69e9ef7db1effea284cd0c8b96593c7d -> 
  custom:scripting/monoscript/fileName/GraphConcretization.cs: e2f79c65340ccfe3db9c0a87b99dbfce -> 
  custom:scripting/monoscript/fileName/MenuItems.cs: 02458b03504b169034c7698e9b362ea3 -> 
  custom:scripting/monoscript/fileName/IncomingChangesViewMenu.cs: 832662bce0cd8edd53cba36a0dd96da0 -> 13196979a03411533716f6775c9a624b
  custom:scripting/monoscript/fileName/VolumeComponentProvider.cs: 10db6aa0f51474b761a318e5783b37dd -> 
  custom:scripting/monoscript/fileName/QueryVisualElementsExtensions.cs: 75ea535788abf9c38ba9341c984a6241 -> a49740b6efbb934f55475cc70b864a4c
  custom:scripting/monoscript/fileName/ShaderGroup.cs: 446b571d990051314b1a10a4db8f161f -> 
  custom:scripting/monoscript/fileName/EditorPrefBool.cs: 0eb8256aee55d6197550a4587789436f -> 
  custom:scripting/monoscript/fileName/BuiltInStructFields.cs: 80123e9f6f5c09be06ec818051a93154 -> 
  custom:scripting/monoscript/fileName/SampleRawCubemapNode.cs: 7a00e8c537ab9e661a34a7953398e3fe -> 
  custom:scripting/monoscript/fileName/FactorSliderFloat.cs: 86ac76eaa7f3dd0edd864ea42c120ec3 -> 
  custom:scripting/monoscript/fileName/DebugUIHandlerCanvas.cs: 31e737ff99425a6ffe83d2ab5fa134b2 -> 
  custom:scripting/monoscript/fileName/ShaderInputViewController.cs: 28fb75e025f29727345eda9ba0968ce5 -> 
  custom:scripting/monoscript/fileName/TextArea.cs: f97569ab8bee09eb0780c3b61b2f31cc -> 
  custom:scripting/monoscript/fileName/Vector1MaterialSlot.cs: b992bf5e19631cddcc420202c95b063c -> 
  custom:scripting/monoscript/fileName/IDataProvider.cs: 5808751ea91fae8ce97496dac34e4cee -> 
  custom:scripting/monoscript/fileName/SampleTexture2DArrayNode.cs: 8898f303e12e1525bb0ea94e8c59c416 -> 
  custom:scripting/monoscript/fileName/OperatorsFactory.cs: 8dca1d83f88c098e2de5647023d24aa3 -> 
  custom:scripting/monoscript/fileName/ValidateTrainingParametersTask.cs: a74328793b334749e97837643fcecde7 -> 
  custom:scripting/monoscript/fileName/GraphValidation.cs: e2f79c65340ccfe3db9c0a87b99dbfce -> 
  custom:scripting/monoscript/fileName/Model.cs: bb54f90838b10d16ae985d74455b30c0 -> 
  custom:scripting/monoscript/fileName/AdditionalCommandDescriptor.cs: f7496a649f992e98133fb753e75675fe -> 
  custom:scripting/monoscript/fileName/CodeFunctionNode.cs: 38444eba90d07ddf2880f29697ff4780 -> 
  custom:scripting/monoscript/fileName/CustomInterpolatorUtils.cs: 839e2c51a064a3ca26abcb40c928f777 -> 
  custom:scripting/monoscript/fileName/UIToolkitAppBuilder.cs: 90647cc400823b41df847a6cbfc29026 -> 
  custom:scripting/monoscript/fileName/RawRenderQueue.cs: f3ffd93304d94bf6af6882edf3185a1e -> 
  custom:scripting/monoscript/fileName/ProbeReferenceVolume.Debug.cs: ce7af842f655217bfe1e343b7cb3c40b -> 
  custom:scripting/monoscript/fileName/ColorRGBMaterialSlot.cs: 9c0a536df13dcf6276c2961d9088a844 -> 
  custom:scripting/monoscript/fileName/CustomRenderTextureTarget.cs: ffc3cfb4ff9e382a9f64823f3a67a6b9 -> 
  custom:scripting/monoscript/fileName/ProbeReferenceVolume.cs: f98a78965a2b77c016e6f993be5079a2 -> 
  custom:scripting/monoscript/fileName/SliderNode.cs: 373ccdbe736381561cdadc723643c69a -> 
  custom:scripting/monoscript/fileName/WriteLogConfiguration.cs: 1a8401f47b522f631a3dc005105719f5 -> 1589212d1638ae91a029ea3ddf9999f2
  custom:scripting/monoscript/fileName/WindowsNativePluginImpl.cs: 3ec1c7461d3f4fe1a5b050aae98f717d -> 
  custom:scripting/monoscript/fileName/CameraUI.Rendering.Skin.cs: ea37b571f4b5213ec876c626bae4a6c0 -> 
  custom:scripting/monoscript/fileName/SampleTexture3DNodePropertyDrawer.cs: 785ce8fac288c5de4a7ed5c6aa5a6927 -> 
  custom:scripting/monoscript/fileName/VisualElementUtility.cs: 7d88470305e0bf18eb683ff6709fbdab -> 
  custom:scripting/monoscript/fileName/HdriProvider.cs: 678c4eb3b812942997175170a3436cd5 -> 
  custom:scripting/monoscript/fileName/OperatorOverrideInterface.cs: 13c431eb0d82e5774fdbf6a3366867ea -> 
  custom:scripting/monoscript/fileName/InputLabel.cs: 49b863d615896dcc083798bf3d046079 -> 
  custom:scripting/monoscript/fileName/CoreRenderPipelinePreferences.cs: 261df03ec4a8363d2beb4d8a8686bcae -> 
  custom:scripting/monoscript/fileName/GraphDataPropertyDrawer.cs: 02ed6a1ef125cd5a6a59d73db76e828c -> 
  custom:scripting/monoscript/fileName/XRLayout.cs: 304c64513102d54c76ccaa31ddaef53f -> 
  custom:scripting/monoscript/fileName/Chunk_eXIf.cs: 602f9ba7645d0c2f4c09597b59ee716b -> 
  custom:scripting/monoscript/fileName/GradientMaterialSlot.cs: 594e2d42e89b12ea00965c63dc06cd3e -> 
  custom:scripting/monoscript/fileName/DrawTextBlockWithEndLink.cs: 1cc3e67c46bd397f9508f124a3366994 -> 
  custom:scripting/monoscript/fileName/StyleTrainerProjectEvents.cs: 9ed25d1349c6d954fba97e35011ba51f -> 
  custom:scripting/monoscript/fileName/FileSystemOperation.cs: c31a686e69e66801c204a11be56c950a -> f0ccbe91654279794a85bf6f1c034716
  custom:scripting/monoscript/fileName/IHasCustomDeprecationMessage.cs: 9768b9d067ed58d17066e455fc70a3fc -> 
  custom:scripting/monoscript/fileName/SceneRenderPipeline.cs: d9c9d6e82e7593e0669c18908137e969 -> 
  custom:scripting/monoscript/fileName/FlipbookNode.cs: 477ae09c48175148c8b62a153489d909 -> 
  custom:scripting/monoscript/fileName/DropTarget.cs: 90647cc400823b41df847a6cbfc29026 -> 
  custom:scripting/monoscript/fileName/ShaderGeneratorMenu.cs: fb26803cd4e0e59f48750b632e730d5d -> 
  custom:scripting/monoscript/fileName/InverseLerpNode.cs: 3dcd936c6d97165b85188042a88b5049 -> 
  custom:scripting/monoscript/fileName/MigrateCollabProject.cs: af93695e471d9c8e4ad014c4165f2c3c -> 9f3487f03a783b35518405572f20ac9e
  custom:scripting/monoscript/fileName/AnalyticsUtils.cs: de4aa1897372684d3a67ac55d8fc7edf -> 
  custom:scripting/monoscript/fileName/CustomTextureSubTarget.cs: 6c544e28901053c6073bd2140cc5d64a -> 
  custom:scripting/monoscript/fileName/NegativePromptOperator.cs: 815defebcf819975cfdee9c085c7ad50 -> 
  custom:framework-win-MediaFoundation: 216162199b28c13a410421893ffa2e32 -> 
  custom:scripting/monoscript/fileName/HashFNV1A32.cs: e1eafe584e04fd2d8eca3c7d6ce37260 -> 
  custom:scripting/monoscript/fileName/ReorderableTextListView.cs: 90647cc400823b41df847a6cbfc29026 -> 
  custom:scripting/monoscript/fileName/PopupControl.cs: ea84f734416de5354b572e81c8380c24 -> 
  custom:scripting/monoscript/fileName/ProgressControlsForViews.cs: 7d677c6df38ab15cf390062b5b0bb854 -> a8a18a90f46aa63848e1e45d8d7ff9af
  custom:scripting/monoscript/fileName/NormalUnpackNode.cs: 9f4443d72a9358644b32892b5bf99254 -> 
  custom:scripting/monoscript/fileName/VolumesPreferences.cs: e79f4487bbdf3e6d15ac23fcb3663418 -> 
  custom:scripting/monoscript/fileName/BaseVisualElement.cs: 41f13541a96f1482e6b79a5f3f2996be -> 
  custom:scripting/monoscript/fileName/TextContent.cs: e0d2ee591009ed5092e3bd11649e47e0 -> 
  custom:scripting/monoscript/fileName/MultiJsonEntry.cs: 09952a61d6af0c01cb89b491bf9630da -> 
  custom:scripting/monoscript/fileName/StyleTrainerBackend.cs: c5e86cc9357cd629edd6e7f978c853c6 -> 
  custom:scripting/monoscript/fileName/SerializedPropertyExtension.cs: 7e5b8f797752552513c16dcc873748fb -> 
  custom:scripting/monoscript/fileName/VisualElementNotFoundException.cs: fb75b149ee57566da550ff39c6056721 -> 
  custom:scripting/monoscript/fileName/ComparisonNode.cs: 40a113968df3c5bd55837e4b01fcf27f -> 
  custom:scripting/monoscript/fileName/ProjectWindow.cs: c62567a3d71fd74636bc783de5162474 -> 
  custom:scripting/monoscript/fileName/Spacer.cs: 3fac01231831dde4228ef3b592ed0a32 -> 
  custom:scripting/monoscript/fileName/DrawAssetOverlay.cs: 04a46044def089f0abcdafdd281e3646 -> 
  custom:scripting/monoscript/fileName/KeywordCollector.cs: 66e00f4fade8976e4e7f99d3932a55f6 -> 
  custom:scripting/monoscript/fileName/Structs.cs: 4661defcb035e4ae0bd6539bbf7f29ed -> 
  custom:scripting/monoscript/fileName/MultiplyNode.cs: 6e0ca95900a8a046dac52d231151c7f9 -> 
  custom:scripting/monoscript/fileName/ImageArtifact.cs: f7bc8b0448a31df1f755dd0699bb7a5a -> 
  custom:scripting/monoscript/fileName/MergeLinksListView.cs: 826afb5fb5988163105086b4bf5027af -> c9488671ae9b14523680d0c19097baa0
  custom:scripting/monoscript/fileName/DebugUIHandlerVector4.cs: e730343de3ee7ffd5c7a036565d9bcc8 -> 
  custom:scripting/monoscript/fileName/NormalStrengthNode.cs: 99109f8af9ae2d140989247edac67eb3 -> 
  custom:scripting/monoscript/fileName/AbstractMaterialNode.cs: 3c4d685e0bc44f5afe406469148ac3a8 -> 
  custom:scripting/monoscript/fileName/DDXYNode.cs: f36160f249ab10fe09fe07b6620869d3 -> 
  custom:scripting/monoscript/fileName/UIMode.cs: 2415fdbccff4354abf9f31a999cc989f -> 
  custom:scripting/monoscript/fileName/ListViewItem.cs: 326c5eabddf9864b78868a6434ac78ec -> 
  custom:scripting/monoscript/fileName/TextureBrushTool.cs: 0554f06d76ed83bb34131f53ce23a6e8 -> 
  custom:scripting/monoscript/fileName/DebugUIHandlerButton.cs: 61c34d26760a8cefe50db9d4d4ab21ce -> 
  custom:scripting/monoscript/fileName/LightUI.Drawers.cs: 897b0afb82258a548946ddf4a7dc971e -> 
  custom:scripting/monoscript/fileName/DateField.cs: feb77a736081aab70ed63fef69c00497 -> 
  custom:scripting/monoscript/fileName/PBRMasterNode1.cs: 19303b083f3a653f7d58a1189b558540 -> 
  custom:scripting/monoscript/fileName/SizeIntField.cs: 9546cd4aad2707a7147cb9095f6d4998 -> 
  custom:scripting/monoscript/fileName/BuiltinKeywordAttribute.cs: b31a81566d4b9d26acf758abb061d4a6 -> 
  custom:scripting/monoscript/fileName/EditorProgressBar.cs: 7418be9b22aaea32732f8a5f49569d1c -> 08c2f2b90ef64df631d46389f0e22c8e
  custom:scripting/monoscript/fileName/RGBANodeOutput.cs: 1684b9c1a02fc22a5e91d34e3e2845e4 -> 
  custom:scripting/monoscript/fileName/SerializableTexture.cs: 681712cf30ac205eead483426b4a1921 -> 
  custom:scripting/monoscript/fileName/VertexColorNode.cs: eb8b72fefc396e9476206c81447fae42 -> 
  custom:scripting/monoscript/fileName/AssetMoveWatcher.cs: 991a20307c8f2e2fd790c7e7090bf607 -> 
  custom:scripting/monoscript/fileName/UnityObjectPicker.cs: 1386fe52bb314421e24752c4dc9a06e5 -> 
  custom:scripting/monoscript/fileName/Quote.cs: a6081a86d957003ed19b1bd4df965477 -> 
  custom:scripting/monoscript/fileName/TrainingSetModelEvents.cs: aafb6a0b20b0bb274b299bb897da8904 -> 
  custom:scripting/monoscript/fileName/TrainingData.cs: 4cedb5329c658f84d99303ddf63aec13 -> 
  custom:scripting/monoscript/fileName/Texture2DArrayMaterialSlot.cs: cfd69d4e9ba4e76b2505b371edfe6d4f -> 
  custom:scripting/monoscript/fileName/ArtifactNode.cs: 0f53defbb70ed19f2f61da31385e9b88 -> 
  custom:scripting/monoscript/fileName/RenderGraphResourceComputeBuffer.cs: dd25b3a8a214d271176542c4610b14a2 -> 
  custom:scripting/monoscript/fileName/PropertyNode.cs: 4ae4c00562af71cf9b803fcb674340a3 -> 
  custom:scripting/monoscript/fileName/ColorMaskNode.cs: b0d439257ab9d5bcc65bc5c6cfae8224 -> 
  custom:scripting/monoscript/fileName/MeasureMaxWidth.cs: cd9322680ae61d38397008451b7ed0ed -> 1569e3f1dad91a9b01cba66ab6aa30b0
  custom:scripting/monoscript/fileName/StyleModelList.cs: 925249c69604c6d79a493ec3321430cc -> 
  custom:scripting/monoscript/fileName/ReorderableSlotListView.cs: 89c7e28f4ec7056d42ef199e11a6ef08 -> 
  custom:scripting/monoscript/fileName/ISizeableElement.cs: 33d3bde9f881b02e6aaf697c08c974cf -> 
  custom:scripting/monoscript/fileName/MaterialInspectorView.cs: 7e7434fc98bf896d1f7ace0431a14945 -> 
  custom:scripting/monoscript/fileName/SlotValue.cs: 67d58cf72e626fc76649dbd0fe4680b3 -> 
  custom:scripting/monoscript/fileName/ArtifactExtensions.cs: 2f097918603125212876c397b77eb192 -> 
  custom:scripting/monoscript/fileName/UserColors.cs: bf46de9ed288097d88c95c1f06a91caf -> 
  custom:scripting/monoscript/fileName/MousePositionDebug.cs: 5887a423cdfd2ef6af1f8a0932fb76e5 -> 
  custom:scripting/monoscript/fileName/IncludeDescriptor.cs: c88869f9cbc6f2a7f4092c431f3bee5b -> 
  custom:scripting/monoscript/fileName/IconHelper.cs: 468927bb450b54907c4b9ee9e81a083a -> 
  custom:scripting/monoscript/fileName/DebugUIHandlerFloatField.cs: 9a767a578a0218192c6245f5d8d0529a -> 
  custom:scripting/monoscript/fileName/EditorSpritePreferences.cs: 359f2cf230a507ca9eb5308c15a06acd -> 
  custom:scripting/monoscript/fileName/ImageVariationRequest.cs: 5b71d37b4ced9f4fa4aba0e9276a2834 -> 
  custom:scripting/monoscript/fileName/SingleExtensions.cs: c1bddaafd029f15a36d3f848ba08025c -> 
  custom:scripting/monoscript/fileName/KeywordCollection.cs: f7f7ff9c999b98272a701add594b3279 -> 
  custom:scripting/monoscript/fileName/ChangesetsListHeaderState.cs: 69fc4f1a2bc3782d7043ec48961a3616 -> fe1392f9b135da83e13fe8a5e5f39fc2
  custom:scripting/monoscript/fileName/ParentGroupChange.cs: 491de588c01804f87b9ba52123bb50be -> 
  custom:scripting/monoscript/fileName/PopupNotification.cs: 0cdf409b5aa8d4c25876d72b5c6a3b60 -> 
  custom:scripting/monoscript/fileName/MuseWindowTracker.cs: c07147d779a4bd270c651520b5071190 -> 
  custom:scripting/monoscript/fileName/Chunk_iTXt.cs: 92e0ead912a564f05af67238c8ebaffe -> 
  custom:scripting/monoscript/fileName/IMayRequireVertexColor.cs: 39d8dff5fa0b335fbc0de103479d2337 -> 
  custom:scripting/monoscript/fileName/StencilExtensions.cs: a7db36dd290a745e21a258e68ca43f85 -> 
  custom:scripting/monoscript/fileName/NormalFromHeightNode.cs: cd1cc08323a7471dd418cc950a17df96 -> 
  custom:scripting/monoscript/fileName/MaterialHeaderScopeItem.cs: 15e77f97170e40eb9b4f71995e071f91 -> 
  custom:scripting/monoscript/fileName/PreviewElement.cs: ab4d4af569ec2144d51b33b804447d48 -> 
  custom:scripting/monoscript/fileName/TextToImageRequest.cs: 69542aab4ac947b24cf8befbdf3e52bb -> 
  custom:scripting/monoscript/fileName/FullscreenSubTarget.cs: 985b4bbd5425e43e4aa558a58393bbf2 -> 
  custom:scripting/monoscript/fileName/MainThreadDispatcher.cs: 68f6815e06a5ce58c0fb2b6cd99fa995 -> 
  custom:scripting/monoscript/fileName/DebugUIHandlerVector3.cs: cac992505629e655c98c5350599549ae -> 
  custom:scripting/monoscript/fileName/Matrix2Node.cs: e09158c31c4a574f4954e4a7672813f2 -> 
  custom:scripting/monoscript/fileName/ShaderInputPropertyDrawer.cs: 043006f49667f34ff5d1f6470deaed37 -> 
  custom:scripting/monoscript/fileName/EventServices.cs: 6229cafe96280844a3bf907e0592a7f4 -> 
  custom:scripting/monoscript/fileName/PendingChangesTreeHeaderState.cs: 7d278b5569d28437d07554a3bbb56e1b -> 5d7f70d142c9ac67864ec14950523d62
  custom:scripting/monoscript/fileName/ImageVariationSettingsRequest.cs: af7f367068b43933bf21aef2f9a44726 -> 
  custom:scripting/monoscript/fileName/FullscreenData.cs: c0d92c9989b2a53b398dec800cc3605f -> 
  custom:scripting/monoscript/fileName/IESImporter.cs: 6e3da015e76e870a21f7c6dc3efa4155 -> 
  custom:scripting/monoscript/fileName/ProbeBrickIndex.cs: e5b6f03771da821363681716a25ef393 -> 
  custom:scripting/monoscript/fileName/MissingEncryptionPasswordPromptHandler.cs: 7f5831fc8a41e9cadd84fcfd0e885072 -> 5d7b9646eb14a39b6d3d5bab19d266ff
  custom:scripting/monoscript/fileName/ChangelistMenu.cs: ca33bac56b3a337faa90a1b1bba632d6 -> c1bf5aeb760cc5eae584ea3944d6531b
  custom:scripting/monoscript/fileName/TargetUtils.cs: 333a156d0fb186d60e5317c3502637fc -> 
  custom:scripting/monoscript/fileName/NotificationBar.cs: d1a4cf5e8103d80fd25347275f906aa8 -> 50f1a85fa18d94338418def78dcd8543
  custom:scripting/monoscript/fileName/LightAnchorHandles.cs: 264a65bac2dc82b2f379459e789549b4 -> 
  custom:scripting/monoscript/fileName/UnityThreadWaiter.cs: dbd556f2802baab90a20da38c288d36c -> 99333406d92d10003984b4d1920de2f9
  custom:scripting/monoscript/fileName/BranchOnInputConnection.cs: 75397a9a4371077ce03aac03529f97dd -> 
  custom:scripting/monoscript/fileName/Matrix3ShaderProperty.cs: c1fd621c053452425644c809b69b5c6e -> 
  custom:scripting/monoscript/fileName/SquareBoxHandler.cs: f51b387b421e24615d4af4bc4c1614bb -> 
  custom:scripting/monoscript/fileName/Matrix2MaterialSlot.cs: 93b6e87bdd33a71b4bfbaff3294fb80f -> 
  custom:scripting/monoscript/fileName/EditorWindowWithHelpButton.cs: 7615512044a09ac0b22677cf7e6564f0 -> 
  custom:scripting/monoscript/fileName/CredentialsDialog.cs: 179b5e49656a1623c2e79d838f0f5876 -> c785d5e40f8d66b7ef7ba04ee7c324e0
  custom:scripting/monoscript/fileName/TimedScope.cs: bf3d0d298d67ce31c0947db19da9f0f8 -> 
  custom:scripting/monoscript/fileName/SphereMaskNode.cs: d90ce48cae4e046a7a54d828910e4908 -> 
  custom:scripting/monoscript/fileName/AnchorPopupUtils.cs: a0584789c81f7f2d245326e3bebfa472 -> 
  custom:scripting/monoscript/fileName/DebugManagerWidgetUsedAnalytic.cs: cec7972a73f91023c3a95d5af1eaa641 -> 
  custom:scripting/monoscript/fileName/BaseArtifactCache.cs: 78ba67a07741bdd99c65c4dee258c39d -> 
  custom:scripting/monoscript/fileName/ExportHandler.cs: 1f8c2e2b9a25519d9a16ef0717256c8c -> 
  custom:scripting/monoscript/fileName/StringConstants.cs: 4dc223908517d89f5568f1bf4e9cfb06 -> 
  custom:scripting/monoscript/fileName/GetRestorePathDialog.cs: e21eb9983f0b989125951478cd5e9b35 -> 353d1126ca2d2063d5bdbd06806ffc08
  custom:scripting/monoscript/fileName/LightUI.Skin.cs: 570418b2eb18fb38d3dac62948c1bfd4 -> 
  custom:scripting/monoscript/fileName/IRectInterface.cs: aacdf0e3bc448efc0f435560577b612e -> 
  custom:scripting/monoscript/fileName/SGBlackboardField.cs: 585eb38cee0b6df385dc0300f8cc79a9 -> 
  custom:scripting/monoscript/fileName/UpdateReportListHeaderState.cs: 64a5bf775d221ad9a5ff8c78a1e0e1fa -> d6cbe54be2898ed2c96c2e79572c2e08
  custom:scripting/monoscript/fileName/LocksListView.cs: 8c6202774eebcf67be9c3b5a2926cc7c -> 7aa51ff93bcc98aa05dec8b46ec200c4
  custom:scripting/monoscript/fileName/DownloadAndInstallOperation.cs: b043b8d5921892e87f4566e00162cff6 -> 4f4065aeafda2af0ec272a3c228e27b2
  custom:scripting/monoscript/fileName/OrNode.cs: 9782dc69ee68d31eed954cde967b1bf7 -> 
  custom:scripting/monoscript/fileName/DayPicker.cs: 3336c9057b1563f28e3d9c3a4250f8bf -> 
  custom:scripting/monoscript/fileName/ShaderDebugPrintManager.cs: 878035d2af0e822a777c15ace5361f02 -> 
  custom:scripting/monoscript/fileName/MigrationDialog.cs: 1a69d399f9c8aa816a053d285dd8bc5d -> 
  custom:scripting/monoscript/fileName/ToggleControl.cs: 60d144dcba51798d3da8dbb18341ad2f -> 
  custom:scripting/monoscript/fileName/StartTrialResponse.cs: 4f89ea955d5f973884b90522d0e795e0 -> 
  custom:scripting/monoscript/fileName/ArtifactDragAndDropHandler.cs: e66449520ec138bdd53eec7634b6963c -> 
  custom:scripting/monoscript/fileName/BrushTool.cs: 0cdf409b5aa8d4c25876d72b5c6a3b60 -> 
  custom:scripting/monoscript/fileName/AsyncUtils.cs: 155ba1bf93fd0ef84c4a81a74ec7e9fb -> 
  custom:scripting/monoscript/fileName/BookmarkManager.cs: d9e8641b6dd9d08743ab96743bebf8d2 -> 
  custom:scripting/monoscript/fileName/AssetsList.cs: 31d86d36f93c653f8720ba0424fb6e4f -> 
  custom:scripting/monoscript/fileName/DiffTreeViewMenu.cs: 3e62bfc69ca7486976988e151b88922e -> 8039fc4ecf68b3e966e1f4822789e7fa
  custom:scripting/monoscript/fileName/GradientEdge.cs: 81e0534ed426d5a7efc8cc1833300e37 -> 
  custom:scripting/monoscript/fileName/XRView.cs: 373d34f7d23b6980b61aef09e1a9d67d -> 
  custom:scripting/monoscript/fileName/ProfilingScope.cs: fe7bbf733eb633d739d6b231e7c0e0b5 -> faccdf064a44a2daaa0f0119bf865d8d
  custom:scripting/monoscript/fileName/GenerateLowerCaseStrings.cs: 8d64f621c9e8b7007dcbb267e8c822be -> 
  custom:scripting/monoscript/fileName/UnityStyles.cs: 3baa02211be39820dbbec2a866a726db -> a77bf4c43409620cb9527bf40c7b31b2
  custom:scripting/monoscript/fileName/AssetVersion.cs: c0262ae848b4c268583fe7440af325ce -> 
  custom:scripting/monoscript/fileName/ColorMaterialSlot.cs: c9974e996e7b25a81a49eaea165db696 -> 
  custom:scripting/monoscript/fileName/SubTarget.cs: a3f994b931efdcf3d37d6bc087efae58 -> 
  custom:scripting/monoscript/fileName/CeilingNode.cs: c744213b34f40b0c63d08f9a48fefa53 -> 
  custom:scripting/monoscript/fileName/SerializationExtensions.cs: 0d0c499c61411a162f3c0b79e534e231 -> 
  custom:scripting/monoscript/fileName/SquareRootNode.cs: ae648ece4ec71d20cdc21077ea5ced73 -> 
  custom:scripting/monoscript/fileName/DebugManager.Actions.cs: 0a375f34ff2eff4c9a9b30e2b9c4fa38 -> 
  custom:scripting/monoscript/fileName/StructFields.cs: 873a2608dbe2a294cabca147bc1e6474 -> 
  custom:scripting/monoscript/fileName/HistoryTab.cs: 4d086984813cd90d6be245dd8e03a2ba -> d57f000c65fde42a2228c7a105a836e5
  custom:scripting/monoscript/fileName/ColorspaceConversion.cs: 3ac52b3dfff7b30791c4288e39cb54da -> 
  custom:scripting/monoscript/fileName/RenderGraphResourcePool.cs: 341f54b84e13cb5332e31a59be8091d8 -> 
  custom:scripting/monoscript/fileName/InstancingOptions.cs: da60cc1507ef72fc2fa9aa05bed3e83f -> 
  custom:scripting/monoscript/fileName/HistorySelection.cs: 7c3afcf345a55e8b77ea41ca0f570218 -> 3d07a3d1241e204b5420d71f1137eba4
  custom:scripting/monoscript/fileName/SGController.cs: 6ac971b1d1ee160f9776e5a9b10b35da -> 
  custom:scripting/monoscript/fileName/ShowWindow.cs: c731454122754eec192bc3c53fac3d95 -> a6bb1d20733c178256b38974418d7450
  custom:scripting/monoscript/fileName/CreateWorkspace.cs: 7b3086384e5ddcd73cd5064a3ce31cd2 -> 5256205b5cf0570b6f698c7abe518f5a
  custom:scripting/monoscript/fileName/AccountDropdownContent.cs: 4eee64192f1486edf0f7c526c4614d1a -> 
  custom:scripting/monoscript/fileName/LocksListHeaderState.cs: b80c5f044f18764adef2e9dbea5f0fb1 -> c7fe4d3b5f954615048f8e79925d29e3
  custom:scripting/monoscript/fileName/Artifact.cs: f9b3ce1896376c81c396ae4c652fdc60 -> 
  custom:scripting/monoscript/fileName/TrainingRoundsContent.cs: 541d8113a84b8e005f2a6624d5989a8f -> 
  custom:scripting/monoscript/fileName/PrecisionColors.cs: e3cfd602324c789797e01ffb5d67bc55 -> 
  custom:scripting/monoscript/fileName/SVSquare.cs: 1b432deb87fac92f80a0fe99a56c4ff8 -> 
  custom:scripting/monoscript/fileName/IncludeCollection.cs: 1c038cd7cb4bcef079611fca79cf38ce -> 
  custom:scripting/monoscript/fileName/CreateRepositoryDialog.cs: 1e1c5399cf3d0b071c7982c565a710ce -> 5cec3e66b09e0dbe1f805953c5c64af9
  custom:scripting/monoscript/fileName/SpritePreferences.cs: 60cded6df0fe684b8a08905a3ac238ff -> 
  custom:scripting/monoscript/fileName/ProgressControlsForMigration.cs: dafc8442bdd0dcb5e871e398f32473ec -> 
  custom:scripting/monoscript/fileName/RenameBranchDialog.cs: a3111a345c6451ee64cd16f1989c2313 -> e5c89c05c87517babb3730e87196a494
  custom:scripting/monoscript/fileName/ReflectionProbeNode.cs: 182d55271fe9b97a41f0167ca7e2fb89 -> 
  custom:scripting/monoscript/fileName/SimpleImageArtifact.cs: 03f41fbc7b8afabc190bf9bab6e49edc -> 
  custom:scripting/monoscript/fileName/Texture2DArrayInputMaterialSlot.cs: 3357b5df35fb9e2858362c78d19c544d -> 
  custom:scripting/monoscript/fileName/KeyCodeExtensions.cs: bc64d91ab9eab30889fb6bcd41dad5d0 -> 
  custom:scripting/monoscript/fileName/AddNode.cs: 99a7d5a15d18be29ef0817e1cc4abf40 -> 
  custom:scripting/monoscript/fileName/EncryptionConfigurationDialog.cs: 6423045767c07e6360ff314ec741c601 -> 19e9c54aff6ffc68d60fe11f80578947
  custom:scripting/monoscript/fileName/DielectricSpecularNode.cs: fa592a1c315a9037d8b23600c4338708 -> 
  custom:scripting/monoscript/fileName/IApp.cs: 67d80403cf6549b9afa9c4656bcee33d -> 
  custom:scripting/monoscript/fileName/OutputMetadata.cs: 3ff85b993b3bd129934f2a951181d982 -> 
  custom:scripting/monoscript/fileName/AbstractMaterialNode0.cs: c1380a255463575644bce9bc9f459bfc -> 
  custom:scripting/monoscript/fileName/MuseModeAsset.cs: b9a420f824c31b3edcda0befabdedc15 -> 
  custom:scripting/monoscript/fileName/Logging.cs: dd3d661ffaebba62958d74f71aff62b2 -> 
  custom:scripting/monoscript/fileName/BlackboardCategoryController.cs: 3eb54254a3b9bee318b1b43744f0e832 -> 
  custom:scripting/monoscript/fileName/SubscriptionExpiredNotificationView.cs: a3fd2efc2c58564ef6bad16f60c918dd -> 
  custom:scripting/monoscript/fileName/VolumeParameter.cs: 005432ce47891dd47f1826e5449dafc6 -> 
  custom:scripting/monoscript/fileName/ChangingEvent.cs: 52294d215f73118153766794d56d2473 -> 
  custom:scripting/monoscript/fileName/SimpleNoiseNode.cs: faad7eaafa61b443ff96be8eb718c485 -> 
  custom:scripting/monoscript/fileName/Texture2DAtlasDynamic.cs: 31643daeb9958a0a8cdbf55cdb90144f -> 
  custom:scripting/monoscript/fileName/GraphData0.cs: 4e5874440c7e3df8ae6441d1bfc7d8db -> 
  custom:scripting/monoscript/fileName/EnumPropertyDrawer.cs: ab52acf746d4ae1e3c1dbf50d9edd711 -> 
  custom:scripting/monoscript/fileName/RefDataEnumerable.cs: 0cdf409b5aa8d4c25876d72b5c6a3b60 -> 
  custom:scripting/monoscript/fileName/CheckinProgress.cs: 298ac58365579798eb3b4defc181ccaf -> 75b93dbc5ef307111f0647f735640420
  custom:scripting/monoscript/fileName/RenderPipelineUtils.cs: 360f0663fcb7d100aa69df48bf3c9c97 -> 
  custom:scripting/monoscript/fileName/MaterialRefineView.cs: f4b4052fae6377f28d7dc0c4cab6e5b4 -> 
  custom:scripting/monoscript/fileName/IMusePreferences.cs: abae60b8cbff56f74d04b9e75189e040 -> 
  custom:scripting/monoscript/fileName/Toggle.cs: 017904334519ba6715a1a15f6aaaacc0 -> fc59b554e8aca13c5f78dc9bb5f2dcbb
  custom:scripting/monoscript/fileName/BlackboardViewModel.cs: d569dd3e5950f2026366f406ef038587 -> 
  custom:scripting/monoscript/fileName/GenerateOperatorUI.cs: 8b7f80ad8efd8c599e6417e8b8454481 -> 
  custom:scripting/monoscript/fileName/ProbeVolumePositioning.cs: c1e4bbbf7b8a1ee4380c4c0893d787c8 -> 
  custom:scripting/monoscript/fileName/PageView.cs: b6575a0cd18fba497277a29259801e70 -> 
  custom:scripting/monoscript/fileName/PbrMapGeneratorJob.cs: 92a94fefd1ad1a6b5d3d66339fe8e9bb -> 
  custom:scripting/monoscript/fileName/TouchSliderFloat.cs: 3e57afb4e5b2b34607b95cbe35359ce8 -> 
  custom:scripting/monoscript/fileName/Modal.cs: ac4f1ddb04edb0dd87aee595e7480a25 -> 
  custom:scripting/monoscript/fileName/PositionMaterialSlot.cs: 5afb2c710415cb30297af7a2f2c03aa4 -> 
  custom:scripting/monoscript/fileName/AdditionalPropertiesPreferences.cs: 3198283b161ec5304674eb4bc14c27c6 -> 
  custom:scripting/monoscript/fileName/DegreesToRadiansNode.cs: fe4aa751b90507ff58846f4f3a07181d -> 
  custom:scripting/monoscript/fileName/PendingChangesSelection.cs: 766664749a54eea9ecce5dff917430ef -> 1721ad72d074757364587c71b49d9382
  custom:scripting/monoscript/fileName/MaterialPreviewSceneHandler.cs: 6e6d28ddcc566d62837ba66db20879fd -> 
  custom:scripting/monoscript/fileName/TextureSamplerState.cs: fa032aa80d2b589cd23cc43cf2d3df49 -> 
  custom:scripting/monoscript/fileName/ProbeVolumeEditor.cs: 22592b55d4ac0e101bb581b172a6eba4 -> 
  custom:scripting/monoscript/fileName/ArtifactData.cs: 2b8227e2d001a0449d584e15a3844f28 -> 
  custom:scripting/monoscript/fileName/Vector2Field.cs: 6b17e9437443e0cbb2f04b30e343c6d5 -> 
  custom:scripting/monoscript/fileName/SampleTexture2DLODNode.cs: b90e79ac0535e770229358ec9dd0b24d -> 
  custom:scripting/monoscript/fileName/StackPool.cs: 90647cc400823b41df847a6cbfc29026 -> 
  custom:scripting/monoscript/fileName/FieldDependency.cs: 016807e5ad00ead7a39b332a06dfb49a -> 
  custom:scripting/monoscript/fileName/Handler.cs: 37a2fd607c6ff4883384408b7183ae79 -> 
  custom:scripting/monoscript/fileName/CanvasManipulator.cs: 51c58ff48bcc2da62ab8258b844bf1e9 -> 
  custom:scripting/monoscript/fileName/MaterialGeneratorUtils.Jobs.cs: e051205dad2cfdcbc65a83de5cdb81ab -> 
  custom:scripting/monoscript/fileName/StyleModelEditorUIEvents.cs: 3c685096cfeb812484068abc2178cceb -> 
  custom:scripting/monoscript/fileName/DebugManager.cs: b5b6c6e0a3a5071aac556c096ee98154 -> 
  custom:scripting/monoscript/fileName/MultiIntegerSlotControlView.cs: c5970743598a387d4bf9d88c87de6154 -> 
  custom:scripting/monoscript/fileName/MuseModeImporter.cs: 056ea6e19325cb40b7a8ce2d477ebdbd -> 
  custom:scripting/monoscript/fileName/MetalReflectanceNode.cs: a291dc3bbf72397a92ee33543879e80d -> 
  custom:scripting/monoscript/fileName/DebugUIHandlerPersistentCanvas.cs: 881cb6da0581e458cc1d1b1032615074 -> 
  custom:scripting/monoscript/fileName/Utils.cs: 3cd63f9b3d347d889893c24790d5f1ed -> 40c528c300bfc0733192292a788cb076
  custom:scripting/monoscript/fileName/ShaderStrippingWatcher.cs: d0483b6d92c8f2a1338f54ef985e87c0 -> 
  custom:scripting/monoscript/fileName/ShaderSubGraphImporterEditor.cs: 06566c8d3e116836ac6e23527398c9da -> 
  custom:scripting/monoscript/fileName/LongField.cs: e1e7f73a20df11b5b5836a08d4ef0814 -> 
  custom:scripting/monoscript/fileName/TextAreaCount.cs: 246c29ebce272a035a405afe611bd2d8 -> 
  custom:scripting/monoscript/fileName/HierarchicalSphere.cs: 33dd18c9974f4503485d40564984db28 -> 
  custom:scripting/monoscript/fileName/CreateShaderGraph.cs: 165435789e1010305b59dbe9987d16f9 -> 
  custom:scripting/monoscript/fileName/MaterialQuality.cs: 3003f4dff6b765b397e8ebcb0d3b0b85 -> 
  custom:scripting/monoscript/fileName/GenerationAPIAttribute.cs: fca5e4c4754178ef8c2272b3502b7966 -> 
  custom:scripting/monoscript/fileName/LoadAsset.cs: 9042eb334fc462cf466672445be1d4c2 -> 5e4e082aa5b21c13b80eb237fe94d00b
  custom:scripting/monoscript/fileName/ProbeTouchupVolume.cs: 7d25ed5e4fbf70734e71aa6ded08ab86 -> 
  custom:scripting/monoscript/fileName/AsyncRelayCommand{T}.cs: a78b7dd3235f68e176b91d4ce37350d3 -> 
  custom:scripting/monoscript/fileName/AOCache.cs: b4fceafc116b9c9cdaec3ad8e7b592ef -> 
  custom:scripting/monoscript/fileName/VolumeAdditionalGizmo.cs: f9ee2381d7eba89616f0b6172a4f1461 -> 
  custom:scripting/monoscript/fileName/ExponentialNode.cs: 6ef769ab4df38ec70175dc27d2fb2300 -> 
  custom:scripting/monoscript/fileName/Images.cs: 0b0c14141950fed99e3ef33199b3b4c9 -> fbdd1e600315d249327f3effde045c9d
  custom:scripting/monoscript/fileName/DrawLocksListViewItem.cs: ce3a3d64ec2d84c3556ffd4141efc4f7 -> 6201c4d50383e970d554210505562d37
  custom:scripting/monoscript/fileName/SpriteRefinerBackend.cs: 84bf89c12de06aee628b7f464eca7a0f -> 
  custom:scripting/monoscript/fileName/ResizeSideHandle.cs: c628b98303f6122a4cf4c38b9ce4270a -> 
  custom:scripting/monoscript/fileName/DrawProgressForOperations.cs: ea9179848be98ee7719316b39339ef29 -> b544f18e6532ba53bbd1b691fa5cd571
  custom:scripting/monoscript/fileName/TrackpadGestureManipulator.cs: 58b1136f367f60be8c53e52c844a3d03 -> 
  custom:scripting/monoscript/fileName/ProbeVolumeUI.Drawer.cs: 87e9c7910750af1fd635a31a863f013b -> 
  custom:scripting/monoscript/fileName/RenderGraphResources.cs: 37061c2f5f7894143beb9c0e77e39e55 -> 
  custom:scripting/monoscript/fileName/ClientDeprecatedNotificationView.cs: 353ae66bc3f592131011ced583c4dee0 -> 
  custom:scripting/monoscript/fileName/GradientControl.cs: 323bfe3fc3fc416107ea053b9a7c8b0c -> 
  custom:scripting/monoscript/fileName/SubtractNode.cs: 6ffd21b973bc26a88645a8d6bb37479c -> 
  custom:scripting/monoscript/fileName/SerializableMesh.cs: 33a42fba66be740a4dd92deeb80ba186 -> 
  custom:scripting/monoscript/fileName/SliderInt.cs: 15d5dd9c532a4e4102831f3b424ae31e -> 
  custom:scripting/monoscript/fileName/GraphObject.cs: 495846df814ac129cd979629710b945d -> 
  custom:scripting/monoscript/fileName/CategoryColors.cs: d938da63573f09f3a227826d72f06942 -> 
  custom:scripting/monoscript/fileName/ViewSwitcher.cs: 4df4bf16a6790d08087362d43c346234 -> dd1f6d6bc6ad5beda69b13cdb560799f
  custom:scripting/monoscript/fileName/SpriteGeneratorBackend.cs: 6bf3da9ab2fc01add511d63ba5dc7c5e -> 
  custom:scripting/monoscript/fileName/RepositoryListViewItem.cs: 2f16ba7694ec7934685021093e722c4e -> 3cabcd81911a2500dcd9e2b6ffae3f00
  custom:scripting/monoscript/fileName/InspectorAssetSelection.cs: 71ba78e42827a9b22a9a6016733d756f -> 4b3c1ae4c44d88205aef26229acfe022
  custom:scripting/monoscript/fileName/LengthNode.cs: a498f3332cd1fd8e9ab8769b7fc090ec -> 
  custom:scripting/monoscript/fileName/RenderGraphLogger.cs: 1f7cedd928b1794552eeaf5ac375607b -> 
  custom:scripting/monoscript/fileName/LensFlareEditor.cs: 7141c522ebf9958bfe3c3bbc28b1f213 -> 
  custom:scripting/monoscript/fileName/ISelectableElement.cs: 550dbbfaa6f508cb3e546e5270ea56a9 -> 
  custom:scripting/monoscript/fileName/DefaultControl.cs: 9cb08b21926893ba69a3ff12dad8fa5b -> 
  custom:scripting/monoscript/fileName/StickyNoteData0.cs: a54c1a2c1fbfd6cc4737a0e8c187342f -> 
  custom:scripting/monoscript/fileName/UVCPackageVersion.cs: c4d95cb84d9d8dff4727eba6b0a64378 -> 
  custom:scripting/monoscript/fileName/IncomingChangesTreeHeaderState.cs: 67923e7c73743bbc0577bc7d884f3ba2 -> 9fcb97ef2da44c66332f5c6800c2e6ed
  custom:scripting/monoscript/fileName/TextureArraySlotControlView.cs: 9daed598b0443ebcf7a9613203390d04 -> 
  custom:scripting/monoscript/fileName/DefaultShaderIncludes.cs: c799633db67ccea2f71847c02d7df1ba -> 
  custom:scripting/monoscript/fileName/TextureXR.cs: b45ac17e1af7c719bc92462d9967f047 -> 
  custom:scripting/monoscript/fileName/RenderPipelineGlobalSettingsUI.Drawers.cs: 0679449e826e891c094dc0e864842b41 -> 
  custom:scripting/monoscript/fileName/Vector4ParameterDrawer.cs: 56131359163895f44318af914b8db51e -> 
  custom:scripting/monoscript/fileName/TimeUtils.cs: 969b6b65df9eb2062c5034c63a4433d1 -> 
  custom:scripting/monoscript/fileName/HDROutputUtils.cs: 9438361ffa1f27efae2239670b2b02ee -> 
  custom:scripting/monoscript/fileName/KeywordDescriptor.cs: 3ead088fab00afaf0f68e50aba69dac0 -> 
  custom:scripting/monoscript/fileName/RemoveRange.Extensions.cs: 449327d926c8242df000be9a6e08887a -> 
  custom:scripting/monoscript/fileName/CalculateLevelOfDetailTexture2DNode.cs: 1ffe1e8f01a5e3959b126f2583bad30d -> 
  custom:scripting/monoscript/fileName/KeyboardFocusController.cs: 2c23b93e7effc67939cfc047dfc68ea9 -> 
  custom:scripting/monoscript/fileName/WorkspaceOperationsMonitor.cs: 5f05751fd4d94e02e79a5bf200f98f9a -> 43dcc435c252a54bdaaf4d6588b7d66e
  custom:scripting/monoscript/fileName/BaseTextElement.cs: f0acf0cb60299ab3ab5a2958d337d80c -> 
  custom:scripting/precompiled-assembly-types:Unity.RenderPipelines.ShaderGraph.ShaderGraphLibrary: 2b0f70078629f68eaf72bd5c996d479d -> 
  custom:scripting/monoscript/fileName/KernelCollection.cs: 2603acf0598cc6c46703f1cf5241be85 -> 
  custom:CustomObjectIndexerAttribute: 9a22284fe3817be447336de3de66b15e -> 
  custom:scripting/monoscript/fileName/DummyShaderGraphLibrary.cs: 41e966b44a323280b81a439303fbb896 -> 
  custom:scripting/monoscript/fileName/SubscriptionCallout.cs: 29787b3c50c2d1c4bbad7bcf14f95252 -> 
  custom:scripting/monoscript/fileName/NodeUtils.cs: c3de1fa7d415926ee4d17872fe450873 -> 
  custom:scripting/monoscript/fileName/DebugUIDrawer.cs: 6461ca30604cde9cde36cda6949bc070 -> 
  custom:scripting/monoscript/fileName/SceneDepthNode.cs: d395d2146c43caf5e9e45a338894cc77 -> 
  custom:scripting/monoscript/fileName/DateRangeField.cs: 18a3081d423f9dd00074bdd2a1decfde -> 
  custom:scripting/monoscript/fileName/SampleOutputData.cs: 22897aa19694a789bc4585e82c2b289b -> 
  custom:scripting/monoscript/fileName/BaseShaderGUI.cs: 027bf8702e8a7b80538a4cde9cffdb8f -> 
  custom:scripting/monoscript/fileName/RedirectNode.cs: 934b52eba3c628494b9b5a702aded844 -> 
  custom:scripting/monoscript/fileName/VolumeComponentListEditor.cs: 886928832cf33ebbc49a67caf6e72f85 -> 
  custom:scripting/monoscript/fileName/ResizeBorderFrame.cs: 7a774684061922ae2fd242db9638ef4b -> 
  custom:scripting/monoscript/fileName/SessionStatusTracker.cs: d1bd15b3f52d6a967c41a0ae6696be12 -> 
  custom:scripting/monoscript/fileName/MatrixTransposeNode.cs: 7049d8a94c05248ea66e6c5ff6e5825b -> 
  custom:scripting/monoscript/fileName/Matrix3MaterialSlot.cs: 5aba613fcb2fdcd132d5da0335ed1d08 -> 
  custom:scripting/monoscript/fileName/CustomFunctionNodePropertyDrawer.cs: 29b64018b4eda097929f22dbdbc34699 -> 
  custom:scripting/monoscript/fileName/ArcsineNode.cs: ae07d633f0d3dad04d3ecf95a8371211 -> 
  custom:scripting/monoscript/fileName/AvatarGroup.cs: 856ba944e1220d5eccc32d6f44f5fce6 -> 
  custom:scripting/monoscript/fileName/DebugUIHandlerIndirectFloatField.cs: 95b277ed711fe70eace7b31293d272cb -> 
  custom:scripting/monoscript/fileName/TextureSlotControlView.cs: 2c9e551b84d00e25927276b05e64d7ef -> 
  custom:scripting/monoscript/fileName/IRequiresData.cs: 90647cc400823b41df847a6cbfc29026 -> 
  custom:scripting/monoscript/fileName/GraphEditorView.cs: 7ed274a5604e03394582f9448c4a4094 -> 
  custom:scripting/monoscript/fileName/BackgroundExtensions.cs: 386ca0ce48d2373077577e9f234c43b8 -> 
  custom:scripting/monoscript/fileName/DivideNode.cs: f5b5aa8a7cdce7f5896a2240e43a17b6 -> 
  custom:scripting/monoscript/fileName/FocusControllerExtensions.cs: 3e28bd997a1bd462eec9a663b45883e4 -> 
  custom:scripting/monoscript/fileName/SpriteMuseArtifact.cs: 169af3c16476726535ea090295f9f19c -> 
  custom:scripting/monoscript/fileName/ObservableList.cs: 0cdf409b5aa8d4c25876d72b5c6a3b60 -> 
  custom:scripting/monoscript/fileName/GestureRecognizer.cs: 69c54d4064c4fac5398cdf6a7d82738d -> 
  custom:scripting/monoscript/fileName/GenericShaderGraphMaterialGUI.cs: 707be86a803c27f435ceb3f2f8849d44 -> 
  custom:scripting/monoscript/fileName/ContextualMenuDispatcher.cs: 66b714e105ffefc8223b1d698dd7d8c1 -> 
  custom:scripting/monoscript/fileName/UIToolkitHost.cs: 5ddc88fbbd5f6c588fe3a6491f51af09 -> 
  custom:scripting/monoscript/fileName/UndoCommand.cs: 84bd278cfab2b81c7d20ce863ce8a773 -> 
  custom:scripting/monoscript/fileName/MacOSConfigWorkaround.cs: 8634a542fc5c45ea8cd9a8244bf2c871 -> 9fe61e763da506601651f6c451cecb0a
  custom:scripting/monoscript/fileName/IncomingChangesSelection.cs: 281fe0b171b5382d8cd906c4490e5804 -> d86f9f4463e6f9d99bb815e1f018ccf1
  custom:scripting/precompiled-assembly-types:Unity.RenderPipelines.Core.ShaderLibrary: 3c0b64ed630330ed2a6537a9f18dabb5 -> 
  custom:scripting/monoscript/fileName/Edge.cs: 270eeb3545dc302af543cef48dee1505 -> 
  custom:scripting/monoscript/fileName/AccountStatus.cs: a31543dc3392e6c786f25ead659fdd93 -> 
  custom:scripting/precompiled-assembly-types:Unity.Muse.AppUI.Undo: 90c4760754dea85555fa42533ea09da1 -> 
  custom:scripting/monoscript/fileName/DistanceNode.cs: 7f1bfda7e5fbd4cffc73b57bee9199d9 -> 
  custom:scripting/monoscript/fileName/SerializedHashSet.cs: 90647cc400823b41df847a6cbfc29026 -> 
  custom:scripting/monoscript/fileName/Text.cs: 1b125045ab42deab9337829e89569121 -> f3cd2527cc0cf233b21b58a0a7d6ebc9
  custom:scripting/monoscript/fileName/ModuloNode.cs: 0005d8d462be0bcb49c3fc662377c4c3 -> 
  custom:scripting/monoscript/fileName/InspectorViewModel.cs: 0888ac1596555ddb96e64fa2d9a41c78 -> 
  custom:scripting/monoscript/fileName/ICache.cs: 90647cc400823b41df847a6cbfc29026 -> 
  custom:scripting/monoscript/fileName/DefaultTextureExporter.cs: 6e9bc6f59a9b59ee880ee1fb7a5cce7c -> 
  custom:scripting/monoscript/fileName/BlackboardUtils.cs: e07f7d9c186311962d0e94dadff7125b -> 
  custom:scripting/monoscript/fileName/ValueUtilities.cs: 2583410ddc8a2b51c717f97370293c59 -> 
  custom:scripting/monoscript/fileName/SampleOutputPromptExample.cs: a795a77ce31794a73cb2faffe136be7b -> 
  custom:scripting/monoscript/fileName/TaskExtensions.cs: e5efce602ba92c639819dd2bae61750f -> 
  custom:scripting/monoscript/fileName/IVolumeDebugSettings.cs: d284003db842de1e393a4d587b979d0e -> 
  custom:scripting/monoscript/fileName/Optional.cs: 5e2ab9cfe81e04de31d18dbafae66b8c -> 
  custom:scripting/monoscript/fileName/PlasticProjectSettingsProvider.cs: cef4f9742a881d06eb679f9d361242a3 -> 8c4ae1aeb34c51d2a5a8924265075ff2
  custom:scripting/monoscript/fileName/SerializedProbeTouchupVolume.cs: 6e1625e5cf9e6147fb34d8f08a426bc5 -> 
  custom:scripting/monoscript/fileName/AssetMenuItems.cs: 9ce81cedb8e568c6b7b646aa6263645b -> 
  custom:scripting/monoscript/fileName/AnchorPopup.cs: 44ef4c6c726e4a1804f6d0c83e493e3e -> 
  custom:scripting/monoscript/fileName/RTHandles.cs: f8bd5612a2e588042e75c94d0f90f684 -> 
  custom:scripting/monoscript/fileName/MessageManager.cs: 18a22eb4f1ab146e49f583363b8f7aba -> 
  custom:scripting/monoscript/fileName/ArrayExtensions.cs: 586f3d775bf9cb769bdcc142d72eecd8 -> 
  custom:scripting/monoscript/fileName/ToolConstants.cs: a088b027c7b0922429c756f12b0507ea -> 3b0d2490617bc7f94a0bdab65a399e1d
  custom:scripting/monoscript/fileName/UVNode.cs: cbb7266edd5ca5b6a2c047332ffaf56b -> 
  custom:scripting/monoscript/fileName/BooleanMaterialSlot.cs: 032e657665a7a3e2d5edda2698c926fe -> 
  custom:scripting/monoscript/fileName/AbstractSelfRefreshingCacheWrapper.cs: 90647cc400823b41df847a6cbfc29026 -> 
  custom:scripting/monoscript/fileName/UsageResponse.cs: c0592b045a5c3e090f870b45c3f76b9b -> 
  custom:scripting/monoscript/fileName/ShaderTypeGeneration.cs: c77a77319aa341b6da7db8c134cae8ef -> 
  custom:scripting/monoscript/fileName/RemapNode.cs: 570ae176f7e563dd4b3ade9aa62c5a4d -> 
  custom:scripting/monoscript/fileName/ColorSwatch.cs: d6d756065a06eb0db3d1f414d0f5f0f2 -> 
  custom:scripting/monoscript/fileName/FieldCollection.cs: 6c9bbaa11690f91d9836da5ff0a30618 -> 
  custom:scripting/monoscript/fileName/Platform.cs: d5901f8152568d72ce4278c2421275e0 -> 
  custom:scripting/monoscript/fileName/ConditionalField.cs: c564f8a3a018d0a0828ffed4b4b01fa4 -> 
  custom:scripting/monoscript/fileName/GetSelectedPaths.cs: 02423a81496d6c63598b5cdc203f4354 -> be35dd49dddd53fc840b9febf21b4d0d
  custom:scripting/monoscript/fileName/TokenExchangeResponse.cs: 0dd9138dbeab6f132711a5b608de5c13 -> f20183d4cf939766d3c1e15cc3bec2e3
  custom:scripting/monoscript/fileName/InspectorView.cs: 6dbb9e353e62a56cce5e9afd9e78aecc -> 
  custom:scripting/monoscript/fileName/ExperimentalProgramChangedTracker.cs: 4598bec9764a10141ec9916b6d4b787c -> 
  custom:scripting/monoscript/fileName/ChangesetsTab_Operations.cs: eca44847b108faefa69f8c525242c965 -> 3290c4c0cd248666e01a08ee6d621249
  custom:scripting/monoscript/fileName/Tooltip.cs: 02ca485cb24f1d508c09d3d0ff6a5982 -> efbd10c978725fde614599dc839eb715
  custom:scripting/monoscript/fileName/OverlayRect.cs: 59d6887e4803f8a44ffaa0409470e410 -> 
  custom:scripting/monoscript/fileName/ConfigurePartialWorkspace.cs: 309d4276b0164b05348aedbd51cc0b2f -> 10fcc6b6d43dd5ed36c43c6f7b5906c4
  custom:scripting/monoscript/fileName/DebugUIHandlerValue.cs: e17a49bd7d7afcbd1140aa8f466d0c60 -> 
  custom:scripting/monoscript/fileName/IESEngine.cs: d4367da80063ba1b79cde6213e76034a -> 
  custom:scripting/monoscript/fileName/VisualElementExtensionsBridge.cs: ec369d36c6468c97e130328c90e933ce -> 
  custom:scripting/monoscript/fileName/ValidRepositoryName.cs: 43c262be3f66a970816e3d3a3ee8872a -> 56bcf92a3678f6ad6215cae2e4914cfd
  custom:scripting/monoscript/fileName/Vector3Field.cs: 09c662da12b61f0e60a1a72c1ad65484 -> 
  custom:scripting/monoscript/fileName/GraphCode.cs: 2f3a13dd45adf62515a891644f26050b -> 
  custom:scripting/monoscript/fileName/SerializedBitArray.cs: 3124f9ab59b458ae8b8667ef2d167f46 -> 
  custom:scripting/monoscript/fileName/SpriteGeneratorSettingsOperator.cs: 6e3ddac79652e84170610f2a2e0c4d5e -> 
  custom:scripting/monoscript/fileName/TouchSliderInt.cs: 8342ec31db7f867f98fe73e71fb25340 -> 
  custom:scripting/monoscript/fileName/PanelExtensionsBridge.cs: 5ae73243ab5212c82fc6c5c257483cd7 -> 
  custom:container-demuxer-webm: 4f35f7cbe854078d1ac9338744f61a02 -> 
  custom:scripting/monoscript/fileName/CategoryData.cs: a952e7360f78e5e6228dbe2661e68e40 -> 
  custom:scripting/monoscript/fileName/UndoStack.cs: f2a7a896a3eb43f16c36c3ace5ee0903 -> 
  custom:scripting/monoscript/fileName/VoronoiNode.cs: 664cc8054b20c3b2197e59e6d4d687f0 -> 
  custom:scripting/monoscript/fileName/VolumeComponentEditor.cs: e713fb5ef22374f3d1d0fd6d90d25c83 -> 
  custom:scripting/monoscript/fileName/AccountUtility.cs: 4a5fe01e813df741308fab2fbbeb902f -> 
  custom:scripting/monoscript/fileName/VolumeProfileUsageAnalytic.cs: c303191e0589f049d0401b7828e41445 -> 
  custom:scripting/monoscript/fileName/QuaternionPropertyDrawer.cs: 16041442e75d4d955aa971c3c1eeadba -> 
  custom:scripting/monoscript/fileName/GetPlasticShortcut.cs: 2a84c035152261f00e7e66eb44cd0ffa -> 5c2b7bf07ddd2284efc64b09ef0f1f72
  custom:scripting/monoscript/fileName/TextureStackNode.cs: 5577248ad493b8eb80830f7800809157 -> 
  custom:scripting/monoscript/fileName/VersionCheckTask.cs: c676fa93c50f9db1805f03cebbaa3105 -> 
  custom:scripting/monoscript/fileName/KeywordEntry.cs: bb057a1b8ea36a0cfa9fefa32dca8f9e -> 
  custom:scripting/monoscript/fileName/CSharpToHLSL.cs: 38b06233807f54c46b18038446e5b273 -> 
  custom:scripting/monoscript/fileName/ShaderGraphRequirementsPerKeyword.cs: 33081336a47a3f3aab4dc88f78e77c53 -> 
  custom:scripting/monoscript/fileName/LensFlareCommonSRP.cs: e040bda547003d870feb49f4a812737a -> 
  custom:scripting/monoscript/fileName/GuiEnabled.cs: 1b1658fd7715b5cc664c10a130c6b629 -> 7bb13fcc8d8cbd392e00f7232841f086
  custom:scripting/monoscript/fileName/FeedbackManager.cs: 1ebd3b7a4415ad0d311cd77eac0e15c1 -> 
  custom:scripting/monoscript/fileName/Drawers.cs: c785ed4942098e751ced76453e8d4c1f -> 
  custom:scripting/monoscript/fileName/BuildPathDictionary.cs: 943911b84162d26cea47f964f9a0a399 -> 9fabc7cc73fcfc50b8a3307c6aa6ec4d
  custom:scripting/monoscript/fileName/FindEditorWindow.cs: 2bb64182aef631315344623cf583c78a -> 8c3c78bb7e82ac5008f8a2b8a0d68cff
  custom:scripting/monoscript/fileName/DebugWindow.cs: 8c578d72b05b0ea4a8def6cd7527fca9 -> 
  custom:scripting/monoscript/fileName/ObjectUtils.cs: 4fd3929bdf9a1e1e0030f700f0e79eb8 -> 
  custom:scripting/monoscript/fileName/SampleVirtualTextureNode.cs: 0253cf198849574bc8dd18038cec5517 -> 
  custom:scripting/monoscript/fileName/BuiltInTarget.cs: d1a419093fcce99b9bc3407874041f3f -> 
  custom:scripting/monoscript/fileName/FractionNode.cs: bcf3e78bb51847c69f139a8174d77938 -> 
  custom:scripting/monoscript/fileName/DrawProgressForViews.cs: c153245b67af73b7ee03f693a1127796 -> 068a172cb549ad77d9873d721698bd0d
  custom:scripting/monoscript/fileName/Texture2DExtensions.cs: 2bf942fe70866dac1f9e913650fab5b1 -> 
  custom:scripting/monoscript/fileName/SearcherTreeUtility.cs: 1c1dde25a990554df40195be39ea9474 -> 
  custom:scripting/monoscript/fileName/SampleOutputVersionRow.cs: 298873222f83390232355adadae7e1be -> 
  custom:scripting/monoscript/fileName/MultiFloatSlotControlView.cs: 2c3d24e60c902415ec2784ac0d2a1bc7 -> 
  custom:scripting/monoscript/fileName/StartTrialRequest.cs: 6b8cb74dbc4afb801e1fa00cf68fbdb6 -> 
  custom:scripting/monoscript/fileName/IOperatorAddHandler.cs: dc8103e14f76aadee5a0ebb8a7464f73 -> 
  custom:scripting/monoscript/fileName/SerializableEnum.cs: b94fa8ae7a3d143cd17fa4f38c0d1da4 -> 
  custom:scripting/monoscript/fileName/UpdateReportDialog.cs: 706e7e86547c339cdb3a4462e3f7a54d -> 087837d8f73228f1a817d0de82c77260
  custom:scripting/monoscript/fileName/SaturateNode.cs: 699472c06e43bbf995782a88e4317d65 -> 
  custom:scripting/monoscript/fileName/SampleVirtualTextureNodePropertyDrawer.cs: ba35fb91682dfcd143a224ae6f509126 -> 
  custom:scripting/monoscript/fileName/HistoryListView.cs: 527da2d093462f1c4a278d6957e7d5ac -> 7b2d1d2c12ab43d9d244e35197127919
  custom:scripting/monoscript/fileName/RetrieveDefaultStyleTask.cs: 7ccfecca194d13e5f9362b45aead0523 -> 
  custom:scripting/monoscript/fileName/AssetTargetField.cs: b0f499b9caf1456ffbe3eb6bf0f204c0 -> 
  custom:scripting/monoscript/fileName/IAdditionalData.cs: 810db5327ffb9880a04f2a783a99459a -> 
  custom:scripting/monoscript/fileName/ChangeTreeViewItem.cs: e3d78a2bee9cc81382a4cb8578dc4fb0 -> b0a38ce0a620643c776a3db4fd91bc4c
  custom:scripting/monoscript/fileName/RenderPipelineResourcesEditor.cs: da12466a77e8246247437b56706dcc8e -> 
  custom:scripting/monoscript/fileName/ColorNode.cs: dc3b622ead159f9b1dbd4b336a7ed5df -> 
  custom:scripting/monoscript/fileName/CreateBatchPbrMapJob.cs: 43020fbfd59750908682950f09216659 -> 
  custom:scripting/monoscript/fileName/DateRangePicker.cs: 8d5e43f6351a5491058c70c73c6e5764 -> 
  custom:scripting/monoscript/fileName/LightmappingShaderProperties.cs: 693fbd896015807765d3c0420fada953 -> 
  custom:scripting/monoscript/fileName/SGBlackboardCategory.cs: 1f33298b31cd20c215c4b754296d5230 -> 
  custom:scripting/monoscript/fileName/BaseSlider.cs: 0cdf409b5aa8d4c25876d72b5c6a3b60 -> 
  custom:scripting/monoscript/fileName/CubemapSlotControlView.cs: 1b9ebba3af004db687146fae7ff22318 -> 
  custom:scripting/monoscript/fileName/EnvironmentLibrary.cs: 81bfe315836a7746628030a8a000f64e -> 
  custom:scripting/monoscript/fileName/ClientStatusRequest.cs: d7116851b0af3916e0de23bee73945f9 -> 
  custom:scripting/monoscript/fileName/DrawState.cs: fcfb22c9164866a2ea462c65383188f7 -> 
  custom:scripting/monoscript/fileName/GlobalPreferences.cs: f1f6286dcc811ce5819558867abf8414 -> 
  custom:scripting/monoscript/fileName/AccountInfo.cs: a6eecfd9eb4ce59620bf9573a08812ac -> 
  custom:scripting/monoscript/fileName/ControlNetGenerateRequest.cs: c1242a9adc4f69f0a5c367461591d60a -> 
  custom:scripting/monoscript/fileName/VolumeProfileFactory.cs: 07cba80e1acee59cfc91e9a2ae5de351 -> 
  custom:scripting/monoscript/fileName/ContextView.cs: 894de9edad232a906733dbe0604ff311 -> 
  custom:scripting/monoscript/fileName/CreateLitShaderGraph.cs: 401711b3796d8d79ee08a6a26df4ba52 -> 
  custom:scripting/monoscript/fileName/BringWindowToFront.cs: 88b20f2a2881db6a013f54923d68cdee -> a30c7c1ba746c6d277a5aedd3057d15e
  custom:scripting/monoscript/fileName/ServerConfig.cs: 007537d1aaca1dea14b2594125e38207 -> 
  custom:scripting/monoscript/fileName/SplitViewPaneCollapsedEvent.cs: 48a706f8d96743963653e5f96f4a2489 -> 
  custom:scripting/precompiled-assembly-types:Unity.RenderPipelines.Core.Editor: f8860ff5929cb85b004a64116af8e0c7 -> 
  custom:scripting/monoscript/fileName/ProbeVolume.Migration.cs: 90647cc400823b41df847a6cbfc29026 -> 
  custom:scripting/monoscript/fileName/RectField.cs: d14c37cd497b121aa9c60eb568c940cd -> 
  custom:scripting/monoscript/fileName/PowerNode.cs: e140ed63a07306e1605770c1307a3854 -> 
  custom:scripting/monoscript/fileName/ElementResizer.cs: 89881509c81716ab7ffc0211e63b240a -> 
  custom:scripting/monoscript/fileName/DebugUIHandlerProgressBar.cs: 5c9de320a5b26c78920d45e64e640bd3 -> 
  custom:scripting/monoscript/fileName/Chunk_tEXt.cs: 35e653231bbafc7536c57eb63ecb05cd -> 
  custom:scripting/monoscript/fileName/LaunchCheckinConflictsDialog.cs: 4417eba1591eccb2221bfdce0106c1e0 -> e2c1e3f8f4e14a62e4363fe6259adbc2
  custom:scripting/monoscript/fileName/BlockFields.cs: 009858767e9ac588e945745ac4bb7993 -> 
  custom:scripting/monoscript/fileName/Panel.cs: e7d27ab93edbfa2b8581c2361506daff -> 
  custom:scripting/monoscript/fileName/UnityObject.cs: 508786b4d8395f87febfd22c86f8828d -> 
  custom:scripting/monoscript/fileName/ParseArguments.cs: 03c1a4d7e357164ca313a0019713c3db -> ae915d9f5fe287ced40627c9ca8bfafd
  custom:scripting/monoscript/fileName/PropertyNodeView.cs: 1f85a7f6237ebd36b9e03a330244de0d -> 
  custom:scripting/monoscript/fileName/DropdownEntry.cs: db5289b6277aa5d447d21aff046b3d05 -> 
  custom:scripting/monoscript/fileName/ExternalLink.cs: 7eb9650651b43fb98c07816e49275ba9 -> a8ff952d8c27d10f226ab92b7aa83b69
  custom:scripting/monoscript/fileName/WaitingSignInPanel.cs: 247680fcfc6a176b9fa28a3df600a754 -> 7585e1c7111b6b900784e6d1c9454258
  custom:scripting/monoscript/fileName/ProbeReferenceVolumeProfile.cs: 21d07430f4ea5ffdd88994079a001e9a -> 
  custom:scripting/monoscript/fileName/LensFlareEditorUtils.cs: 19d9ebbefdcfdbabdd8e3ef723a9db75 -> 
  custom:scripting/monoscript/fileName/ICanvasTool.cs: 012b86214b80934bb2b9ce7a93591b32 -> 
  custom:scripting/monoscript/fileName/IMaySupportVFX.cs: 3166db1a8a7d1f64edbeb3ab405f11c4 -> 
  custom:scripting/monoscript/fileName/AmbientNode.cs: e05c8e9760550c6a36e7c15781fa5170 -> 
  custom:scripting/monoscript/fileName/TypeMapper.cs: 7f16345aafb00d4f5b0a96b0ad05718b -> 
  custom:scripting/precompiled-assembly-types:Unity.Muse.Texture.Editor: 992181d0f240a02e75b9dde4132ba528 -> 
  custom:scripting/monoscript/fileName/TestingHelpData.cs: 0d1f98ae9b6fa0253523889fad413adb -> 
  custom:scripting/monoscript/fileName/OperationProgressData.cs: 0db72349eeecbe9449a517b1d79cc760 -> 15f68712baaea535af36d9e0333c0a6e
  custom:scripting/monoscript/fileName/Identifier.cs: 623cfbd28a15ebbc5052c092af66ed56 -> 
  custom:scripting/monoscript/fileName/ExternalLinkMenuItem.cs: 23530011005c4434a25ddf2167e5b34a -> 
  custom:scripting/monoscript/fileName/IMayRequireTime.cs: ad507264604dd04184c0529a3756b5bc -> 
  custom:scripting/monoscript/fileName/DebugState.cs: 08c6f080780f0e58ab66c0a3e8c209e4 -> 
  custom:scripting/monoscript/fileName/ProbeVolumeGIContributor.cs: a8ecca381c7fd8254ce6d9180ba95af5 -> 
  custom:scripting/monoscript/fileName/XRGraphicsAutomatedTests.cs: eae85d88de55e6520580ddb15f4f529f -> 
  custom:scripting/monoscript/fileName/IControlAttribute.cs: ef027089ea9ebc99b4a09681ebaffb5e -> 
  custom:scripting/monoscript/fileName/ServicesCollectionExtensions.cs: d177dd596a6cfe0290b20f9cf6b22d0a -> 
  custom:scripting/monoscript/fileName/PinchGesture.cs: cdd2d4ea9ed0a448dc676e483f74e33c -> 
  custom:scripting/monoscript/fileName/UIFoldoutEditor.cs: d40e3e7b47c78d373d8e78599c52a994 -> 
  custom:scripting/monoscript/fileName/RepositoriesListHeaderState.cs: c0353a1af15ae4fd3d5a2a3cac816423 -> fb71b961ab7c924511a6b0e8680b60ee
  custom:scripting/monoscript/fileName/DebugUIHandlerObjectList.cs: a475d22ce8f16edbf16eeb7f9ade8601 -> 
  custom:scripting/monoscript/fileName/PropertyUtil.cs: 77e9d16978431b3c694e883dcf23240a -> 
  custom:scripting/monoscript/fileName/DebugUIHandlerToggle.cs: 740a014288b306e4dea1a34b1032b829 -> 
  custom:scripting/monoscript/fileName/TextToImageItemRequest.cs: f6d3179c46f42b42a71ae0053f7f72d0 -> 
  custom:scripting/monoscript/fileName/StackIndicator.cs: f711fef9166a824dc71a6e80a46ef66a -> 
  custom:scripting/monoscript/fileName/ClientDiffTreeViewItem.cs: 56be9d3aa410e770e75de2d8b93be89d -> 43bdd7aa5bf1aa039a5b572c119c38d0
  custom:scripting/monoscript/fileName/Blitter.cs: e1b76b0af1a215217f8675b505b84f93 -> 
  custom:scripting/monoscript/fileName/ClientStatus.cs: 9056ded828cbe92c0cb28adadd2c0606 -> 
  custom:scripting/monoscript/fileName/ILegacyTarget.cs: 923f47aa4547412e5de6f4b3c4999997 -> 
  custom:scripting/monoscript/fileName/CreateWorkspaceView.cs: c40bc4c8524ef3e2374ef997beb2e4a6 -> 9ae2295080d141c0f12d02a71014e11c
  custom:scripting/monoscript/fileName/CommandLineArguments.cs: 0d20ca25f94249586a7c1484c469d8a2 -> 48a62ad3f817c0269ea7fc4a53799594
  custom:scripting/monoscript/fileName/NetworkNotificationView.cs: ff7afcebb6c381a93c69345000c49c8e -> 
  custom:scripting/monoscript/fileName/PrimitiveObjectsProvider.cs: 3285e9119ddddcd1007b2cc368a47b1e -> 
  custom:scripting/monoscript/fileName/DownloadRepository.cs: 46fc68d9cc4da8e8ed765ff28b2dd438 -> 5bad8d3f76a3fcb41a94637e37c11ab0
  custom:scripting/monoscript/fileName/SampleTexture3DNode.cs: 9c49d9ef8f525311c7d3367fb2236654 -> 
  custom:scripting/precompiled-assembly-types:UltraLiteDB: a4536179d4e722c80ce4b464dccf6a50 -> 
  custom:scripting/monoscript/fileName/ObjectPools.cs: bd9b03fedf47069fb35d83319d7bb848 -> 
  custom:scripting/monoscript/fileName/ParentWindow.cs: 2476d8a6ba9c3055f984ac9792cae61a -> d6aa079e592e01701c5baa3ab98898bc
  custom:scripting/monoscript/fileName/OperationParams.cs: 091a140b35535b91c773ddf98925322d -> 3312c7a4424a66ffbf2f88f056f329aa
  custom:scripting/monoscript/fileName/TextFieldExtensions.cs: 7efb6ce12656100110538ee0fafe2876 -> 
  custom:scripting/monoscript/fileName/IControl.cs: 28bf27fcbc3918495f7363c219f5d509 -> 
  custom:scripting/monoscript/fileName/IMaterialSlotHasValue.cs: 90647cc400823b41df847a6cbfc29026 -> 
  custom:scripting/monoscript/fileName/DebugUIHandlerIntField.cs: 086f57d3c5f4df925fc8a9793bf5b625 -> 
  custom:scripting/monoscript/fileName/PortInputView.cs: d7994c9c42fe213110eabe96af4b2caa -> 
  custom:scripting/monoscript/fileName/ProbeVolumeBakingProcessSettingsDrawer.cs: a732d4179f45764caa1691bb55cefa57 -> 
  custom:scripting/precompiled-assembly-types:Unity.Muse.Sprite.Common: 8eebeddf6e23be20804381c76d824c3d -> 
  custom:scripting/monoscript/fileName/Heading.cs: a16c68fa00c01f804b13f9452b287284 -> 
  custom:scripting/monoscript/fileName/ImageOverride.cs: 879be216ecf9cf4cec0fe9f1c19b0302 -> 
  custom:scripting/monoscript/fileName/FresnelEffectNode.cs: d1c618e4224796ea6c2f366b433bca6d -> 
  custom:scripting/monoscript/fileName/RenderGraphViewer.cs: 26a9115bcc21e5c36ba722be1441e8d1 -> 
  custom:scripting/monoscript/fileName/SerializedProbeVolume.cs: 659d623ae1f3fa20040907491cb7a084 -> 
  custom:scripting/monoscript/fileName/IAnalyticsData.cs: cd0ff3d6b4d339cb6972d1eb5be477c9 -> 
  custom:scripting/monoscript/fileName/SignInWithEmailPanel.cs: a5823728eb62cf6dbd8c933c1cb26f53 -> 6e8957c0ed7609303e68389067e72d72
  custom:scripting/monoscript/fileName/BufferedRTHandleSystem.cs: b3c5d78351e9fd8c620ba35efb81184c -> 
  custom:scripting/monoscript/fileName/VolumeMenuItems.cs: d8525aaf2535cbc3e22aa5153cbfd864 -> 
  custom:scripting/monoscript/fileName/ContextChangedEvent.cs: 90647cc400823b41df847a6cbfc29026 -> 
  custom:scripting/monoscript/fileName/SliderBase.cs: 0cdf409b5aa8d4c25876d72b5c6a3b60 -> 
  custom:scripting/monoscript/fileName/DebugUIHandlerField.cs: 90647cc400823b41df847a6cbfc29026 -> 
  custom:scripting/monoscript/fileName/ProbeSubdivisionResult.cs: d41dab42f8f0f436ef0f7c95a7754191 -> 
  custom:scripting/monoscript/fileName/Utilities.cs: 09f0e0edaa1a2a592528d4ee11740803 -> 
  custom:scripting/monoscript/fileName/NumericalField.cs: 0cdf409b5aa8d4c25876d72b5c6a3b60 -> 
  custom:scripting/monoscript/fileName/GenerateAnalyticsData.cs: 3d522ceb9078c3a62566f2acd66d0805 -> 
  custom:scripting/monoscript/fileName/VolumeParameterDrawer.cs: 4f7ed0dd5606800b0584aa45570acd09 -> 
  custom:scripting/monoscript/fileName/EditorTexturePreferences.cs: cbc8839c662ae888b3cb91fc8d5c773e -> 
  custom:scripting/monoscript/fileName/Matrix4ShaderProperty.cs: ff58c6654172fcb3f2bad12ed5e02a31 -> 
  custom:scripting/monoscript/fileName/ArtifactComparer.cs: 50988d3e62d0157bb981f1848f3d6cb1 -> 
  custom:scripting/monoscript/fileName/VolumeDebugSettings.cs: 90647cc400823b41df847a6cbfc29026 -> 
  custom:scripting/monoscript/fileName/ColorShaderProperty.cs: 85812e83c056d2832dd294fd38221d6f -> 
  custom:scripting/monoscript/fileName/LaunchInstaller.cs: f9b7c99441bc32980ce9b95be066824b -> b75efdf5909b501e06cacd9c66f75981
  custom:scripting/monoscript/fileName/PngMetadata.cs: 3648d1d1b8822c750e60d6d9f7b6437a -> 
  custom:scripting/monoscript/fileName/DisplayWindow.DebugSidePanel.cs: fdc76af93c95796253fa211c3d9c79fa -> 
  custom:scripting/monoscript/fileName/AvatarImages.cs: ea6dca998cf0ec5122553a9e010ef687 -> 3aa8c25a350843151ec4070c820c411a
  custom:scripting/monoscript/fileName/AsyncThunkActionCreator{T,U}.cs: 90647cc400823b41df847a6cbfc29026 -> 
  custom:scripting/monoscript/fileName/ServiceDescriptor.cs: 2586fb8ba53c7794e33a539f04b7ecb0 -> 
  custom:scripting/precompiled-assembly-types:Unity.ShaderGraph.Editor: c1525a57fcc0975bebd8e69021b1ccd9 -> 
  custom:scripting/monoscript/fileName/LookDev.cs: 081eaeba7abf519152f4b806040014ac -> 
  custom:scripting/monoscript/fileName/Breadcrumbs.cs: b9a221ac08089146c355402840a63981 -> 
  custom:scripting/monoscript/fileName/BooleanNode.cs: 1d8422a441c52773972a805fe68bbf97 -> 
  custom:scripting/monoscript/fileName/DrawHelpPanel.cs: 58c832ce9ea1a11e2724de5dd46ca0cb -> 
  custom:scripting/monoscript/fileName/BuiltInStructs.cs: d8cfc2348442544723b6903c1220b3fe -> 
  custom:scripting/monoscript/fileName/CameraUI.Skin.cs: 6b931c755be6b8c07068541044964215 -> 
  custom:scripting/monoscript/fileName/ShaderGraphVfxAsset.cs: 6262928fe123b0b018ee700d7453cf36 -> 
  custom:scripting/monoscript/fileName/DrawUserIcon.cs: 2f65feb9bed897237f97fbf9c5479092 -> 7d5385bf780ae84e648a8b49f8fe0825
  custom:scripting/monoscript/fileName/ExploreWindow.cs: 9c0beea6d7c242ec9c43321ff5d0cf44 -> 
  custom:scripting/monoscript/fileName/ColorPropertyDrawer.cs: f299dbde1ed48058d7c3a657e2baaace -> 
  custom:scripting/monoscript/fileName/ProbeGIBaking.Dilate.cs: 330e56460745b2173b246e880ce62600 -> 
  custom:scripting/monoscript/fileName/MuseProjectSettings.cs: f6bfc58722c0bef559f10b25da829363 -> 
  custom:scripting/monoscript/fileName/ProbeVolumeUI.Skin.cs: 7801e9e2c1b1a7b2a9bdb93331590558 -> 
  custom:scripting/monoscript/fileName/AssetStatus.cs: b9ea657347f2c22e8e401cdb256c516c -> e017010009bdb28bcb0d7d8ef05e7dd9
  custom:scripting/monoscript/fileName/FloatPropertyDrawer.cs: 7cae5c87d04fa44fe05c3c5f9c4c3327 -> 
  custom:scripting/monoscript/fileName/StringBuilderExtensions.cs: 9c3fe87dfb0e6e574f80d909898312d9 -> 14a3bca92eed52569c50d58813f48a9b
  custom:scripting/monoscript/fileName/BranchesListView.cs: 334a3fb302f855f71fb71520fb442a71 -> 3f5ed9fe5a1bca512014ae1600ee1666
  custom:scripting/monoscript/fileName/DrawGuiModeSwitcher.cs: 363adc150c5f1c5059a678f179906090 -> d3be34a3134d3fe80ef6b14d0d519128
  custom:scripting/monoscript/fileName/IInpaintArtifact.cs: 71710b84521c09da603d6f610d632e8f -> 
  custom:scripting/monoscript/fileName/DefaultStyleData.cs: f107dc8d7d955fb03d1c0c3f0e07ea88 -> 
  custom:scripting/monoscript/fileName/ViewDirectionMaterialSlot.cs: 7f2e086f1f2545af02d9e066e7521d2b -> 
  custom:scripting/monoscript/fileName/PropertyCollector.cs: 5aec76e46f924ccaca627d25d35b649a -> 6105c04b1425b941f8345268630cb955
  custom:scripting/monoscript/fileName/SearcherHighlighter.cs: 96b2a76d470d934733c63af4ac6c5753 -> 
  custom:scripting/monoscript/fileName/Pressable.cs: ecc7fce147591205ea46c279670392ed -> 
  custom:scripting/monoscript/fileName/TexturePreferences.cs: 9e9eeb28a9e9254f0670ad9fd580d6f4 -> 
  custom:scripting/monoscript/fileName/ServiceProvider.cs: 585a79ab47dd4bdc2641355277c4bb84 -> 
  custom:scripting/monoscript/fileName/FrameTimeBottleneck.cs: d01d47bf3e1bc0a82ba4d22b88f163af -> 
  custom:scripting/monoscript/fileName/AllNode.cs: 83b94838bda7348905391e55c215aa61 -> 
  custom:scripting/monoscript/fileName/MaterialGeneratorUtils.cs: 264156a956160884654db046ba84c385 -> 
  custom:scripting/monoscript/fileName/UnityMenuItem.cs: 5f445176ad3735e69769d93250663be7 -> 73f3c859f1b5092ad362c09e23b3a922
  custom:scripting/monoscript/fileName/WebRestApiClient.cs: c0bdde7ff9e25b1ad06e078e6d9b2fe0 -> 746756fd499dddd02a4e7ccdbac48be3
  custom:scripting/monoscript/fileName/GenericLoader.cs: e1fa4e0d631497395ff28f361b27ae1f -> 
  custom:scripting/monoscript/fileName/VectorControl.cs: fec38ebbffeaceffe3a426e14dc05343 -> 
  custom:scripting/monoscript/fileName/ISGViewModel.cs: 6d5f55b34620b5e6e80de89953ea7619 -> 
  custom:scripting/monoscript/fileName/RenderSettingsData.cs: 69aff330f4c2053056bb8a1a13ade9e5 -> 
  custom:scripting/monoscript/fileName/TextField.cs: 27b8e2d765b2a044de50e0789c8d472f -> 
  custom:scripting/monoscript/fileName/RTHandleSystem.cs: 5daf6630b1cf6890990a3fe2d5894f57 -> 
  custom:scripting/monoscript/fileName/PooledHashSet.cs: 90647cc400823b41df847a6cbfc29026 -> 
  custom:scripting/monoscript/fileName/ArtifactCache.cs: b88f9181a4477b01f1fabac4cee659a5 -> 
  custom:scripting/monoscript/fileName/TextureUtils.cs: 96c52c9335cfe3a7c581206bf4bd5190 -> 
  custom:scripting/monoscript/fileName/ChannelMixerNode.cs: f8fa57c5899bfd5b3c064a5e50084c10 -> 
  custom:scripting/monoscript/fileName/VisualEffectMasterNode1.cs: 3167e4ed8c337d21ef1f60ad900e1ed1 -> 
  custom:scripting/monoscript/fileName/EditorFactoryRegister.cs: 0baddd38abcf103706b8f94fddb3e44d -> 
  custom:scripting/monoscript/fileName/DebugUpdater.cs: 9f45699e51aad71e72798c0917e036ec -> 
  custom:scripting/monoscript/fileName/Progress.cs: 7fd32468eca0fb3d9196b2ee9ce33d83 -> 
  custom:scripting/monoscript/fileName/IUIToolkitHost.cs: 86bb7925232ce352b3beae83884edafe -> 
  custom:scripting/monoscript/fileName/Link.cs: a604654c6a55510100b9ec850d60965b -> 
  custom:scripting/monoscript/fileName/VolumeGizmoDrawer.cs: 8dbc4f9ac43bd980d2e6c851ff7abb4c -> 
  custom:scripting/monoscript/fileName/GradientSlotControlView.cs: 6aa8c827bcb9730efaf8c4c543b8a406 -> 
  custom:scripting/monoscript/fileName/RefValueEnumerable.cs: 0cdf409b5aa8d4c25876d72b5c6a3b60 -> 
  custom:scripting/monoscript/fileName/IncomingChangesTreeView.cs: 78411a54601a32b278de0dd7d80f8670 -> 96479648d4498738733254eb4e4c6fb5
  custom:scripting/monoscript/fileName/GenericProgress.cs: 11287c7d038c487f32d0c8edc476a32d -> 8492ec26f01fc248d3eb3c2f5b3b6c0f
  custom:scripting/monoscript/fileName/ThirdPartyDialog.cs: b9fd89df3c96090c2136db7f708a4926 -> 
  custom:scripting/monoscript/fileName/DebugConfig.cs: 911a8027ed6925e28ba42c6639aeed57 -> 
  custom:scripting/monoscript/fileName/CanvasBackground.cs: 1a5e02a5093a6b0acb21a1340832dd51 -> 
  custom:scripting/monoscript/fileName/SpriteTextureDropManipulator.cs: 65dd243619523b490574e56c0a7688f3 -> 
  custom:scripting/monoscript/fileName/MergeCategoryTreeViewItem.cs: c1ecd9dc0cd73eb7eb129994dedc1a91 -> 6bd59fcbfeafe06987a54631991d755b
  custom:scripting/monoscript/fileName/UpscaleOperator.cs: c8f680caca627842632169b5226ea2c2 -> 
  custom:scripting/monoscript/fileName/CheckinDialog.cs: 1709b78fae1329cc05fd4f39334b25f5 -> 702fdb8d0a3b4bfcb9ba109e71325cad
  custom:scripting/monoscript/fileName/PositionNodePropertyDrawer.cs: d861897e7dc6e5354efb456bec1b85e2 -> 
  custom:scripting/monoscript/fileName/ProcessCommand.cs: 2cc3b6e2a763c7f353b474b6904b45a6 -> 
  custom:scripting/monoscript/fileName/NeededCoordinateSpace.cs: c0fa3569cde4bce581e19d224b878525 -> 
  custom:scripting/monoscript/fileName/StyleTrainerConfig.cs: 478a647c1b8f7e7cab6b229b88339ed8 -> 
  custom:scripting/monoscript/fileName/INodeModificationListener.cs: 049764a02981c89e0f2136f3b74968d0 -> 
  custom:scripting/monoscript/fileName/BlendNode.cs: b4b4f143c52d64a21519d88e8be249aa -> 
  custom:scripting/monoscript/fileName/SignInController.cs: 28bdc22b3b4ee913c93e5c55da9130db -> 
  custom:scripting/monoscript/fileName/SortOrderComparer.cs: 8f6297df34271fdb1ce2d9607ec6261d -> 90647cc400823b41df847a6cbfc29026
  custom:scripting/monoscript/fileName/Hammersley.cs: 339155ffee6a61a50f127221824effe3 -> 
  custom:scripting/monoscript/fileName/ProbeVolumeBakingWindow.cs: 6398185119c24ed7ab727bbfaaa97955 -> 
  custom:scripting/monoscript/fileName/MuseToolbar.cs: 1e77ae6d5a9783d0ad66e76460888b2a -> 
  custom:scripting/monoscript/fileName/GUIActionRunner.cs: 69af7de0762ed6d085feb4cc4b5101b3 -> 4a0608de635b0d82868d57923d68eff7
  custom:scripting/monoscript/fileName/TitleAttribute.cs: 6053f45d1ef3cb2403c076ab952fed60 -> 
  custom:scripting/monoscript/fileName/EditorPrefBoolFlags.cs: 90647cc400823b41df847a6cbfc29026 -> 
  custom:scripting/monoscript/fileName/PlasticMenuItem.cs: 30c3a785b4c2607e2ae9aad693d5f604 -> 
  custom:scripting/monoscript/fileName/KeywordUtil.cs: c019dfc0d535a55189103208d163ebfb -> 
  custom:scripting/monoscript/fileName/FieldDescriptor.cs: 4d97f5765ff9e60faa7a5a5be9ac1c1e -> 
  custom:scripting/monoscript/fileName/CameraUI.Output.Skin.cs: ea37b571f4b5213ec876c626bae4a6c0 -> 
  custom:scripting/monoscript/fileName/StructCollection.cs: b4d030c45ad297d13f89c52edd7c257b -> 
  custom:scripting/monoscript/fileName/Chunk.cs: cca47b98fd785b592b1c7cd06ff9c138 -> 
  custom:scripting/monoscript/fileName/Toast.cs: 2a5099e05a183c4d8fec79a577fc0ba1 -> 
  custom:scripting/monoscript/fileName/RoundedRectangleNode.cs: e50705491f4f9a5d728ba9e7ecb91ffc -> 
  custom:scripting/monoscript/fileName/ShaderGraphImporter.cs: 73b5f0538c43ad6850fb45b79c67b42e -> 
  custom:scripting/monoscript/fileName/DebugUIHandlerColor.cs: cff0ea2688fdd62ca8e6bff81367f8c8 -> 
  custom:scripting/monoscript/fileName/StyleModelInfoEditorContent.cs: bb13f71cff2203d3e54ac5161860cfad -> 
  custom:scripting/monoscript/fileName/PendingChangesTreeView.cs: f3722f38014385705913f17dbe0f90c1 -> 17142d220a0a50a3f3d184c4718a0da7
  custom:scripting/monoscript/fileName/XRMirrorView.cs: 4157fb6dd9301a412a4aa8c3f9744bb0 -> 
  custom:scripting/monoscript/fileName/TextControl.cs: bf8d9deebeade1d35f8af0460f483b70 -> 
  custom:scripting/monoscript/fileName/AsyncThunkAPI.cs: 90647cc400823b41df847a6cbfc29026 -> 
  custom:scripting/monoscript/fileName/VCSPlugin.cs: 69c1b7249af35f35848ae707bd5e7113 -> 
  custom:scripting/precompiled-assembly-types:Unity.Muse.Common: 559ec084372ffb0950c1bd63a9dfa69b -> 
  custom:scripting/monoscript/fileName/GetClientDiffInfos.cs: 4ae14b15e2cf5177a84735548a44cdc9 -> f8db8e637ded2d5e935a953a13b85ebe
  custom:scripting/monoscript/fileName/DebugUI.Fields.cs: 7956bd0a0c7f1cc9d2a32c1bd9fd25ad -> 
  custom:scripting/monoscript/fileName/DrawActionButtonWithMenu.cs: d7f31944358aed2f3ed3982246fca039 -> 8d4f5edd02a1dd0f38c4f2baf5ee8a33
  custom:scripting/monoscript/fileName/ErrorListViewItem.cs: a9f229dd6829be37e3d3d11493cd30e3 -> 509edc26860f8be303ec97d68aabc30d
  custom:scripting/monoscript/fileName/CoreUtils.cs: a766f7394c434d4d7f520bfa9dc4645e -> 
  custom:scripting/monoscript/fileName/PaintingManipulator.cs: 8629e97bbeada2ad9ff6af39fa4c2fe3 -> 
  custom:scripting/monoscript/fileName/RefineAssetView.cs: fb91b173b042104d8014e62834376cc9 -> 
  custom:scripting/precompiled-assembly-types:Unity.Muse.AppUI.Redux: 85e2c978c7ce0b0575f4da810cbdbcd4 -> 
  custom:scripting/monoscript/fileName/StatusResponse.cs: e54c13d0ac064896784dae66ff9ae6da -> 
  custom:scripting/monoscript/fileName/IMuseEditorPreferencesView.cs: a6a18b547ffb714d29188fb3f80a933c -> 
  custom:container-muxer-webm: aa71ff27fc2769a1b78a27578f13a17b -> 
  custom:scripting/monoscript/fileName/NormalVectorNode.cs: 8c26b3f4d92270aa40e7b1f481a272f1 -> 
  custom:scripting/monoscript/fileName/TextureArrayControl.cs: 1dc184796033ffea0942ca3c7551ab61 -> 
  custom:scripting/monoscript/fileName/Vector2MaterialSlot.cs: 768efe5fe99a019959a928f37f2ae4ea -> 
  custom:scripting/monoscript/fileName/JsonData.cs: 90647cc400823b41df847a6cbfc29026 -> 
  custom:scripting/monoscript/fileName/EditorProgressControls.cs: b1f133fa38afd918d537a72574fc93a0 -> 2e606eb01a6e6a567f3de9a0379ed3ae
  custom:scripting/monoscript/fileName/ColorUtils.cs: aba8d09519b8ffb0c53574f67251e4d5 -> 
  custom:scripting/monoscript/fileName/ActionTriggeredEvent.cs: e821cdcaeb920d67ed7e723f7e777fd1 -> 
  custom:scripting/monoscript/fileName/Tray.cs: 7a711dd19bb9244677b132d499910d5d -> 
  custom:scripting/monoscript/fileName/ServerConfigEditor.cs: 027019688d54fdf90089cfa95b215a10 -> 
  custom:scripting/monoscript/fileName/BooleanSlotControlView.cs: 553aeada05a3af377a0f1ae2dcdf6079 -> 
  custom:scripting/monoscript/fileName/BranchesListHeaderState.cs: d47f1164fa7093137db851c4c16ffba3 -> 82eab21603f4efc696334ee80641c2c9
  custom:scripting/monoscript/fileName/App.cs: 212c2c32b36ffbd7fb64014716abc66c -> 
  custom:scripting/monoscript/fileName/DrawSearchField.cs: b11b864a92c7d76f85d4ec87d6faf61c -> 3de70beba9f4447205d50241d95b066a
  custom:scripting/monoscript/fileName/PendingChangesTab.cs: c99065f3c85ec85c85ece2a1a30665af -> 15ae6787065f4af65778e981f418a60b
  custom:scripting/monoscript/fileName/NodeClassCache.cs: 2201850454163165f2c7bb2d7ed05b65 -> 
  custom:scripting/monoscript/fileName/HelpPanel.cs: 625fbcc6029d5fe5cf4aa833f68adb0c -> 
  custom:scripting/monoscript/fileName/ArtifactExporterFactory.cs: 9b2965a9f912ed2b720f5d5088dd546a -> 
  custom:scripting/monoscript/fileName/DebugUIHandlerEnumField.cs: dfe34fa077fcc7109ecd793749f36832 -> 
  custom:scripting/monoscript/fileName/SampleOutputUIEvents.cs: 546fe1a3fe8c6ef519d4713fe345afaa -> 
  custom:scripting/monoscript/fileName/BuildGetEventExtraInfoFunction.cs: 1308a6936e8051866a117b3b7c2c7b77 -> 74bfc8c01f931108a3c2b127aa04cc8d
  custom:scripting/monoscript/fileName/LoraOperator.cs: 0bafeef1415bae1ead90bec092cc3c55 -> 
  custom:scripting/monoscript/fileName/GraphSubWindow.cs: 8f7e7a23862edf1b0150f178eeacaed9 -> 
  custom:scripting/monoscript/fileName/IMayRequireScreenPosition.cs: 968f9c93acd804ac34f4c24b410d370e -> 
  custom:scripting/monoscript/fileName/DragAndDropFactory.cs: 8362683d86540d73627ba60688706621 -> 
  custom:scripting/monoscript/fileName/Pane.cs: 4c634aa9bd3c3f5304f33e132dab44bd -> 
  custom:scripting/monoscript/fileName/RenderStateCollection.cs: 1a7b6cf13f7ac8e2de3adf4f48b74b17 -> 
  custom:scripting/monoscript/fileName/StickyNote.cs: 79e9e9828b38cf99efe5fe8524d51b63 -> 40ced788af8eb44078f25e5a73c3b765
  custom:scripting/monoscript/fileName/RejectionNode.cs: dd3c55d1df44fa382db0832289dc2a86 -> 
  custom:scripting/monoscript/fileName/ScreenNode.cs: 120bbfb9661c3b1045af17ed7d1bc4cf -> 
  custom:scripting/monoscript/fileName/Button.cs: b2931094fcc1603d87a3a21fd937e886 -> 18874d3cd8f6e3668320e6beabdb6cbc
  custom:scripting/monoscript/fileName/SpriteLitMasterNode1.cs: 2232a4e080eefdf31b8c76f113fc4b5a -> 
  custom:scripting/monoscript/fileName/SGPropertyDrawerAttribute.cs: 206a382a66ae66362e302edecd31dc1f -> 
  custom:scripting/monoscript/fileName/TangentVectorNode.cs: 86ad40264752662271de7715b278b324 -> 
  custom:scripting/monoscript/fileName/OneMinusNode.cs: cdcdbdc299c6d4956e1ea37aa564f72e -> 
  custom:scripting/monoscript/fileName/ShaderPreprocessor.cs: df7d717f84f92c365d5736fad98dc68e -> 
  custom:scripting/precompiled-assembly-types:Unity.Muse.AppUI.InternalAPIBridge: cfd5be5885e69da966b269ba8c733bf2 -> 
  custom:scripting/monoscript/fileName/ShaderStage.cs: ea8e6b55f20bd649909b7334f2235038 -> 
  custom:video-decoder-webm-vp8: 9c59270c3fd7afecdb556c50c9e8de78 -> 
  custom:scripting/monoscript/fileName/WelcomeView.cs: 07e35bfe1faa2c52c049eb30958acd54 -> f06c185659ea2f4a75f9397861dc6096
  custom:scripting/monoscript/fileName/BoolPropertyDrawer.cs: 9586634d3ceef80c3fe1376f95d9bdb0 -> 
  custom:scripting/monoscript/fileName/StepNode.cs: 0cf1fe76415b9b4855057e268b1ff98c -> 
  custom:scripting/monoscript/fileName/DebugUIHandlerFoldout.cs: 6434777e9242f358a264c2e1a166d5b7 -> 
  custom:scripting/monoscript/fileName/RenderGraphPass.cs: 0afbd3891b59f7d87ba5a17dba9cdc11 -> 
  custom:scripting/monoscript/fileName/HueNode.cs: ae8c443fd25348be4c046eebd095956b -> 
  custom:scripting/monoscript/fileName/DebugUIHandlerBitField.cs: be9771bd1a0b74dd596578dd9d2623f5 -> 
  custom:scripting/monoscript/fileName/IUpscaleArtifact.cs: 8cb81b592ecad799f262821a092a0542 -> 
  custom:scripting/monoscript/fileName/GenerationService.cs: 66114e6dfe3a7248c98daf662898681b -> 
  custom:scripting/monoscript/fileName/LensFlareDataSRPEditor.cs: ae260090d157cf61fee0bb22c85ca6d6 -> 
  custom:scripting/monoscript/fileName/IsNanNode.cs: c613c46dbf6e562629aeeabce6a6413f -> 
  custom:scripting/monoscript/fileName/PbrArtifactDragAndDropHandler.cs: 57e78cf5e18e9e1296d4846b3fbf6c11 -> 
  custom:scripting/monoscript/fileName/IGroupItem.cs: bbab023933cb52d4a75f616bb9d89811 -> 
  custom:scripting/monoscript/fileName/DebugUIHandlerHBox.cs: 490343c5e0670c38540ab21dbc03d0a7 -> 
  custom:scripting/monoscript/fileName/CameraCaptureBridge.cs: 3a8109537ef2226ecde8bacab43d1c91 -> 
  custom:scripting/monoscript/fileName/FieldLabel.cs: b472c6903c090bce756588b81f72fefd -> 
  custom:scripting/monoscript/fileName/HelpFormat.cs: 92b36f6584b3d7ccdc99b0ae4e152c53 -> 
  custom:scripting/monoscript/fileName/ResourceReloader.cs: 7f0140f7643d9055d7a5650d5bf7f9a0 -> 
  custom:scripting/monoscript/fileName/AsyncThunkOptions.cs: 0839f0fab552382e336c9612735c5dc8 -> 
  custom:scripting/monoscript/fileName/Matrix2ShaderProperty.cs: cc12977346773b822ad2151aacd198d8 -> 
  custom:scripting/monoscript/fileName/PrecisionUtil.cs: 3a2f515e7232454cb9ff582b0dece139 -> 
  custom:scripting/monoscript/fileName/PolarCoordinatesNode.cs: 78e97cdb8a59c7af369c858253ef0fe9 -> 
  custom:scripting/monoscript/fileName/EnumerableExtensions.cs: 5151b56054fbd041e477fa284e69380c -> 
  custom:scripting/monoscript/fileName/NormalBlendNode.cs: e6f7c25e39b1d3d371ed0a0c4d1fc933 -> 
  custom:scripting/monoscript/fileName/ShaderGraphAssetPostProcessor.cs: 9a73e58e20756e83279de86d8db019b3 -> 
  custom:scripting/monoscript/fileName/PlasticApp.cs: c440a0fb380601a77ad475d6c15d4fa1 -> c57de230d90beac7b586f10b9c7c6cb5
  custom:scripting/monoscript/fileName/SearchWindowAdapter.cs: 02a2b676782025564e6f7cf72c15eaa0 -> 
  custom:scripting/monoscript/fileName/ChangesetsTab.cs: ef408d8aaf89e01b17643ed0c836680d -> 46dde8f7856048792ad2e75490bb8c5e
  custom:scripting/monoscript/fileName/SampleTexture2DNode.cs: f768cec6b51716c5f96da423e9aea9ab -> 
  custom:scripting/monoscript/fileName/CopyPasteGraph.cs: 7dedce59d5bdae0e185b87d4717d9da2 -> 
  custom:scripting/monoscript/fileName/IRemoveBackgroundArtifact.cs: 6b63c5b153f97ace3d36fc38006ba3a0 -> 
  custom:scripting/monoscript/fileName/DrawProgressForMigration.cs: 0390721ecd322e9ab47db03bd0f98a12 -> 
  custom:scripting/monoscript/fileName/IDebugDisplaySettingsQuery.cs: e6ce1eb5d4950f0433c0947a0f3a6a5c -> 
  custom:scripting/monoscript/fileName/DeleteBranchDialog.cs: efbbc070bfeda2b746e8b15a4380cb26 -> 8549b0fc52962c89115fd78724fee578
  custom:scripting/monoscript/fileName/IncomingChangesNotification.cs: 5d73d1f1a99af71ddd954044bdf322d2 -> caa8ea2c7336b9227381f0971759e01a
  custom:scripting/monoscript/fileName/DebugUIHandlerObject.cs: 51493b926f53831f9d389a586ddf409e -> 
  custom:scripting/monoscript/fileName/Vector3MaterialSlot.cs: b7b3026f1ff7f4e22246cf818d8c1782 -> 
  custom:scripting/monoscript/fileName/SplitNode.cs: bb7b8924fe83f6464adcf8b446b9ace9 -> 
  custom:scripting/monoscript/fileName/SampleGradientNode.cs: f6195a43d695f0d8a48fc09c30d29819 -> 
  custom:scripting/monoscript/fileName/DrawTreeViewEmptyState.cs: d4c16fd6aad8161eda7d99fd74cbb08e -> 
  custom:scripting/monoscript/fileName/ProbeReferenceVolume.Streaming.cs: 14ec65114600d0196c6247bfcb9633f8 -> 
  custom:scripting/monoscript/fileName/OperatorRegistration.cs: a25ffafbc25d2314cc88ac8cef29cd79 -> 
  custom:scripting/monoscript/fileName/ErrorsListView.cs: 7cfd18bb17e557401eb4aa1ca93dbfd5 -> cd35171982f17897dd5148dda46e0956
  custom:scripting/monoscript/fileName/Vector3ShaderProperty.cs: 70cec1a3276ebe99d07902a792996d37 -> 
  custom:scripting/monoscript/fileName/SlotValueTypeUtil.cs: 9b31e56e95c09433b974dd519589f877 -> 
  custom:scripting/monoscript/fileName/BitangentMaterialSlot.cs: d7f69008fda1e8f29eb9e6df0b7d5cfb -> 
  custom:scripting/monoscript/fileName/UnityPendingChangesTree.cs: fd6f0a038401268983bd9328d10dec93 -> f391d9a00dc9e202cee4d4ebcf6d21c0
  custom:scripting/monoscript/fileName/BaseArtifact.cs: e1000af842861c85a9c19ee1cfd234fc -> 
  custom:scripting/monoscript/fileName/LoadingTask.cs: 0c30658e9d080b52264eb809847462ed -> 
  custom:scripting/monoscript/fileName/DebugDisplaySettingsUI.cs: 89cbd60af687477caa5cd25059d8b863 -> 
  custom:scripting/monoscript/fileName/Vector4Node.cs: efd729cfe207fda5317fd0959074259f -> 
  custom:scripting/monoscript/fileName/ShadowCascadeGUI.cs: 2cb2120b36a52e12a237aae9e91e22fb -> 
  custom:scripting/monoscript/fileName/StyleModelListItem.cs: 813f0d88f020b50344146e7911e292ef -> 
  custom:scripting/monoscript/fileName/ShaderKeyword.cs: 7e10fa48e788f2a9ca448e838d41eae4 -> 
  custom:scripting/monoscript/fileName/DummyShaderLibrary.cs: 118dd4b5a671cac351149718bd315413 -> 
  custom:scripting/monoscript/fileName/SearcherWindow.cs: 31f518e88f1895987c6e40bce9b59292 -> 
  custom:scripting/monoscript/fileName/MenuSection.cs: 1a583c84b39a86fac1bcda305190bc57 -> 
  custom:scripting/monoscript/fileName/PreviewNode.cs: 008ca8a2ae13b0f0e523f96153a22a22 -> 
  custom:scripting/monoscript/fileName/Texture3DControl.cs: 89f268dcf2a94db5cc16a9061d576c8e -> 
  custom:scripting/monoscript/fileName/FunctionRegistry.cs: 16dc0bee02f47cca70519103460e3bf2 -> 
  custom:scripting/monoscript/fileName/JsonRef.cs: 90647cc400823b41df847a6cbfc29026 -> 
  custom:scripting/monoscript/fileName/DebugUI.Panel.cs: 8cd4a9cf945a66d68bf3f9f0a9c51f8e -> 
  custom:scripting/monoscript/fileName/Drawer.cs: 5c66ca509fb82aae8c8846febc112182 -> 
  custom:scripting/monoscript/fileName/TransformationMatrixNode.cs: 3baaeba44bf124e0b9c641d3a312f5a5 -> 
  custom:scripting/monoscript/fileName/RangeSliderInt.cs: 4b8a618f6055514ee9d7eb7e0e73a6b4 -> 
  custom:scripting/monoscript/fileName/RadiansToDegreesNode.cs: bf70ef254edbb32d62812077822559d8 -> 
  custom:scripting/monoscript/fileName/ISerializedRenderPipelineGlobalSettings.cs: c1d921b345606d4e846443d4a5f46d14 -> 
  custom:scripting/monoscript/fileName/VirtualTextureShaderProperty.cs: 71af8808a119d95417372c6deb7f6e61 -> 
  custom:scripting/monoscript/fileName/ServiceCollection.cs: b8e5a595d699aff8877f7359456008d7 -> 
  custom:scripting/monoscript/fileName/HyperbolicTangentNode.cs: ccabf3f8104a9abaef6874c12878bb74 -> 
  custom:scripting/monoscript/fileName/EmptyCheckinMessageDialog.cs: e95636a2119dec4d0c1f323f7ba65603 -> 
  custom:scripting/monoscript/fileName/IMayRequireTangent.cs: fbb60974ce22980a4a05a95a247ef085 -> 
  custom:scripting/precompiled-assembly-types:Unity.Searcher.Editor: 6e08cc58a0d3846aad56b26936b9a264 -> 
  custom:scripting/monoscript/fileName/IntField.cs: d093d2abc62bd9a6506506f5e9f94e9b -> 
  custom:scripting/monoscript/fileName/ShaderGraphShortcuts.cs: be7c12b303f610fb77161cd72cdb58e0 -> 
  custom:scripting/monoscript/fileName/PlasticDialog.cs: b0aae1bf1889af041741f324070b7b84 -> 63a17a2b696bc2a13c9046aa16f8cea4
  custom:scripting/monoscript/fileName/SearchBar.cs: 0200d9dbae6250c7ba578b5902232c7a -> 
  custom:scripting/monoscript/fileName/InpaintingItemRequest.cs: 07ff3afdd00f75bc58a717365b431abd -> 
  custom:scripting/monoscript/fileName/MemoryUtils.cs: c0a8b93219c4b1948c28fd1fbb532b45 -> 
  custom:scripting/monoscript/fileName/MenuTrigger.cs: 04c9fa66d7546b7535e0c372e7119d1c -> 
  custom:scripting/monoscript/fileName/GuidItemRequest.cs: 3315912074e8dd573d76e15943eee263 -> 
  custom:SearchIndexIgnoredProperties: e643bd26f0fe6173181afceb89e7c659 -> 
  custom:scripting/monoscript/fileName/ColorRGBSlotControlView.cs: 47393949a40491ebca7d66fbe2be1130 -> 
  custom:scripting/monoscript/fileName/DoodlePadManipulator.cs: bf192b20c0e301c9915176d623ed122d -> 
  custom:scripting/monoscript/fileName/ShaderStrippingReport.cs: 5542a9defb85f2a681dfb801f868d80e -> 
  custom:scripting/monoscript/fileName/KeyImageUndo.cs: b36b70070aeaa7f5ad98f0f705aaafc4 -> 
  custom:scripting/monoscript/fileName/SystemEvents.cs: c99afc5f2ad2c14a86a75ee0646a3b57 -> 
  custom:scripting/monoscript/fileName/AutoRefresh.cs: 9d30d5d3f0e8985355be1ab597da1dbb -> 0a8afde180a876655ad16caa14493409
  custom:scripting/monoscript/fileName/Stepper.cs: ef3429fdb0e6ddc754bcbb2729969f38 -> 
  custom:scripting/monoscript/fileName/ColorField.cs: 31872cfea295c7b3d4114e1df0d1c3fa -> 
  custom:scripting/monoscript/fileName/Texture2DDropManipulator.cs: faaf0fbf0602f32ab2e566f5fcf8db60 -> 
  custom:scripting/monoscript/fileName/MatrixDeterminantNode.cs: fc20b2fb1b0d0945b7e4fa5ab032e685 -> 
  custom:scripting/monoscript/fileName/MeshGizmo.cs: 1367e325c4b3122f5e0c59a2898707b3 -> 
  custom:scripting/monoscript/fileName/PlasticPluginIsEnabledPreference.cs: 7953272c37f4a828a3d1096e7479f346 -> 
  custom:scripting/monoscript/fileName/ToolRegistration.cs: 05eec62e9ed0e5b68abed1743f542d4a -> 
  custom:scripting/monoscript/fileName/UIModeRegistration.cs: 7cce35454b243ea4cf8c577787a356a0 -> 
  custom:scripting/monoscript/fileName/HelpData.cs: 9293e68e835820b452391937547d1531 -> 
  custom:scripting/monoscript/fileName/Dragger.cs: 182e8f02e8857de32f667d13d420a072 -> 
  custom:scripting/monoscript/fileName/Texture3DShaderProperty.cs: fe2e7085475a591b2d8a7a0478e2404d -> 
  custom:scripting/monoscript/fileName/GetRelativePath.cs: 9b16eb2de9e98b392077181cc34243c1 -> ab04ae5e0cafb93ebf5c96148bb52df0
  custom:scripting/monoscript/fileName/UnityEvents.cs: 253411328de37811883aded592b97268 -> c830e584565fcd66ca0d5a23ad8b9bd6
  custom:scripting/monoscript/fileName/OrganizationDropdown.cs: 3c95d1500889f53ae9c954f0b8de08e6 -> 
  custom:scripting/monoscript/fileName/WindowMenuItem.cs: 7d88111db83c32af70af04b746df2361 -> 
  custom:AudioImporter_EditorPlatform: d09bf68614088b80899f8185d706f6e7 -> 
  custom:scripting/monoscript/fileName/NormalReconstructZNode.cs: 1ec75dc5dde4ca1e4699da923bba6306 -> 
  custom:scripting/monoscript/fileName/SampleOutputTrainedView.cs: 937eb13f12dbcea012d0859e7cd71714 -> 
  custom:scripting/monoscript/fileName/HlslFunctionView.cs: 91fe4fc2572601d51314d48c648308df -> 
  custom:scripting/monoscript/fileName/FieldCondition.cs: 68c14bb711f90162091b8d00dc18ac08 -> 
  custom:scripting/precompiled-assembly-types:Unity.Muse.StyleTrainer: 8d66a6457d5265a2b7e7982f809c02f3 -> 
  custom:scripting/monoscript/fileName/ColorPicker.cs: 45940f1accfa39b8fb55ad9d157ce6eb -> 
  custom:scripting/monoscript/fileName/AccountDropdownWindow.cs: a33f56b937fd0adc97b5ff1c4ffeb000 -> 
  custom:scripting/monoscript/fileName/DockEditorWindow.cs: 581124d5e19667105f2446d6dfbf7982 -> a9e5e467234133af999283610b6e84e6
  custom:scripting/monoscript/fileName/Scrollable.cs: b42d32cbdb0d0e84f707c5311b3fb0e7 -> 
  custom:scripting/monoscript/fileName/ColorToolbar.cs: 96923e6da6120f579a224f7246cab420 -> 
  custom:scripting/monoscript/fileName/Avatar.cs: 8a016dcb257e2d72937135a10fec2330 -> 
  custom:scripting/monoscript/fileName/DataOpInDialog.cs: 69f4fb06f82ae1e2636cc50964feb500 -> 
  custom:scripting/monoscript/fileName/EnumControl.cs: a155ea2049bcc4b730fdb35a04228a60 -> 
  custom:scripting/monoscript/fileName/CloudContextFactory.cs: c7ad3d18b1424fd8a57623e4962b184a -> 
  custom:scripting/monoscript/fileName/MaterialGraphEditWindow.cs: 22b7af5f54d64dd16e9b45a307a0001b -> 
  custom:scripting/monoscript/fileName/PreviewProperty.cs: d93fac191c27dba0152ab509a218a801 -> 
  custom:scripting/monoscript/fileName/RectangleNode.cs: 2af038361905b60eb5a622cc97d1e5bc -> 
  custom:scripting/precompiled-assembly-types:Unity.Muse.Texture: 48bcd1e6f20b15aad6cd18e738dcd98c -> 
  custom:scripting/monoscript/fileName/TrainingSetUIEvents.cs: 8a91337b896321c8b9deb4926749f2e0 -> 
  custom:scripting/monoscript/fileName/MatrixNames.cs: ae8a14b06d41d79868ce214701267a70 -> 
  custom:scripting/monoscript/fileName/IShaderPropertyDrawer.cs: 8016b3468bea062c187693dbe94fc480 -> 
  custom:scripting/monoscript/fileName/MultiArtifactDragAndDropHandler.cs: c3a93436904503a08bc378a513458658 -> 
  custom:scripting/monoscript/fileName/IMayRequireVertexID.cs: 3aba08464f87293afb55f26eaeebf2b7 -> 
  custom:scripting/monoscript/fileName/BranchesSelection.cs: 7eb1fcb556f0fad697e4ec9d989be099 -> 33b36e7b03910960966036894ec90c7c
  custom:scripting/monoscript/fileName/AdditionalPropertiesState.cs: 90647cc400823b41df847a6cbfc29026 -> 
  custom:scripting/monoscript/fileName/VirtualTextureInputMaterialSlot.cs: e41c02373c08cd0f91a0b28b252af957 -> 
  custom:scripting/monoscript/fileName/TileLayoutUtils.cs: defa2e88135c81d660ccde9eb7e02db6 -> 
  custom:scripting/monoscript/fileName/NormalFromTextureNode.cs: a2846d748b3c243ec56c2c82bfd47b94 -> 
  custom:scripting/monoscript/fileName/Builder.cs: 0cdf409b5aa8d4c25876d72b5c6a3b60 -> 
  custom:scripting/monoscript/fileName/AsyncThunkOptions{T}.cs: 0839f0fab552382e336c9612735c5dc8 -> 
  custom:scripting/monoscript/fileName/CameraUI.Environment.Drawers.cs: 6b931c755be6b8c07068541044964215 -> 
  custom:scripting/monoscript/fileName/AlertDialog.cs: f53159e52163caa1ddbe8d7e2c95f739 -> 
  custom:scripting/monoscript/fileName/TrialNotificationView.cs: 88113aa24d5443fe73350b54dd735614 -> 
  custom:scripting/monoscript/fileName/SaveAction.cs: b68fbb4319dbb368959c40781b39fdf8 -> 27c387bb58f3a69b0c9ff60d2209e18f
  custom:scripting/monoscript/fileName/AutoConfig.cs: 6c4e7f9dc55323aa1299debfe9723aa6 -> bf4bbd2f2e752464ef51dbf102faed17
  custom:scripting/monoscript/fileName/CompatibilityExtensions.cs: bcd4366262f2aa1ee3d32a6a84b15d03 -> 
  custom:scripting/monoscript/fileName/PositionNode.cs: bc54121527f459f91c14738c0deabade -> 
  custom:scripting/monoscript/fileName/ProbeGIBaking.VirtualOffset.cs: 330e56460745b2173b246e880ce62600 -> 
  custom:scripting/monoscript/fileName/MaterialExporter.cs: fe88532e546858432754970c783248c0 -> 
  custom:scripting/monoscript/fileName/ChannelEnumMaskControl.cs: 45fe80850185e23820380f2640f38e98 -> 
  custom:scripting/monoscript/fileName/GraphUtil.cs: 466dfa1fb6f876d5fc9f40e8fca7e0d0 -> 
  custom:scripting/monoscript/fileName/CustomFunctionNode.cs: 915a68c03d05916b943b7723817f1168 -> 
  custom:scripting/monoscript/fileName/DitherNode.cs: 42349e7f980412e319f98011c21241d0 -> 
  custom:scripting/monoscript/fileName/Preloader.cs: cbd9d8c98c6031c24a87ace9273a7387 -> 
  custom:scripting/monoscript/fileName/CheckpointData.cs: c08ccf8c887ea2030f37db29afc3fd95 -> 
  custom:scripting/monoscript/fileName/FlipNode.cs: 48bb1c008fa02da183e45f28086a00a6 -> 
  custom:scripting/monoscript/fileName/UploadResponse.cs: 273fbc12b343e8d95f607b71c0aa3dd7 -> 
  custom:scripting/monoscript/fileName/DebugUIHandlerRow.cs: 5aa34c839041921a8bb4782962dd40d0 -> 
  custom:scripting/monoscript/fileName/ProbeVolumeAsset.cs: a5e0c9ed947690b267844429bc5fb834 -> 
  custom:scripting/monoscript/fileName/ChannelMixerControl.cs: 477ffb2c13d59c3bbff0aa9446c183ef -> 
  custom:scripting/monoscript/fileName/ObjectNode.cs: 1764c6f0687197738dd4af7ad53537b8 -> 
  custom:scripting/monoscript/fileName/SelfRefreshingGenesisAccessTokenCacheWrapper.cs: 37f614fb8744ff46e79f0265574aa077 -> 
  custom:scripting/monoscript/fileName/Vector4PropertyDrawer.cs: 5dae06f12781d463895f20a2573fe3a0 -> 
  custom:scripting/monoscript/fileName/EditorCloudContext.cs: afcc104cf3a31ce52b4bd196744aacf9 -> 
  custom:scripting/monoscript/fileName/IDebugDisplaySettingsPanel.cs: 268c0fea34c9d6cdb0a803b95b28efce -> 
  custom:scripting/monoscript/fileName/DiffPanel.cs: 02288a38bd14cc2b52a25b302a6f154e -> 210366dab3631628227b9406f87a9b7f
  custom:scripting/monoscript/fileName/RangeSliderFloat.cs: 7df532bf94e2a0387f1941318d126699 -> 
  custom:scripting/monoscript/fileName/GraphDataUtils.cs: e2f79c65340ccfe3db9c0a87b99dbfce -> 
  custom:scripting/monoscript/fileName/ShaderGraphRequirements.cs: 6c90d639187e7a2cb4ef2011d914257b -> 
  custom:scripting/monoscript/fileName/PaintingElement.cs: 503ed1b98bf9acbbdd394fc8e09e5b3b -> 
  custom:scripting/monoscript/fileName/PlasticAssetsProcessor.cs: ff731c8aacf4a537dc74c7cf9eaeaed0 -> 
  custom:scripting/monoscript/fileName/YearPicker.cs: f1a57f3cc536b55b3a1d0bdd82d97e36 -> 
  custom:scripting/monoscript/fileName/DrawActionToolbar.cs: 52293cb82089e0370f52e257f41c0869 -> e05748a99799f26304c1bbafd90f703b
  custom:scripting/monoscript/fileName/IHost.cs: 43ae4f944ec024b2fb54e61a1decbf1d -> 
  custom:scripting/monoscript/fileName/ExperimentalProgram.cs: a1dabe1dec19a9640d4b6f6ee86bb915 -> 
  custom:scripting/monoscript/fileName/EditorVersion.cs: 70953c9eccf7726f70c672a9a51619e9 -> 698aba075b19a52a056d67a7b809d179
  custom:scripting/monoscript/fileName/TeamEditionConfigurationWindow.cs: d06f049421c16e5927ec29f770917e09 -> e53b1ca5561894aaeff930afb696d001
  custom:scripting/monoscript/fileName/TreeViewItemIds.cs: 7d654a2b5b3a10da3e7d8472196e96d1 -> 0cdf409b5aa8d4c25876d72b5c6a3b60
  custom:scripting/monoscript/fileName/CubemapAssetNode.cs: aed46f7168590ce85b34679df34e78ae -> 
  custom:scripting/monoscript/fileName/ShaderGraphNodeValidationExtension.cs: 68e3c95119bf1bf0a35f08ff22cf2563 -> 
  custom:scripting/precompiled-assembly-types:Unity.Muse.Sprite: 12e9a6f0fb9e0a016ab5c2ca49b2912a -> 
  custom:scripting/monoscript/fileName/RangeSlider.cs: 0cdf409b5aa8d4c25876d72b5c6a3b60 -> 
  custom:scripting/monoscript/fileName/DebugDisplaySettingsVolumes.cs: 980ceb204a68987a079e7c3766607f32 -> 
  custom:scripting/monoscript/fileName/Styles.cs: d574ed300700f2732b97aec39cdfef36 -> 1728aa377394bacc23133c7e998f0fa5
  custom:scripting/monoscript/fileName/ProgressOperationHandler.cs: 5fbb4e0f656dcfaa4498bd2e492e4710 -> ec62666c0ca1649dd33cc6bc6834c6f7
  custom:scripting/monoscript/fileName/UnityPlasticTimer.cs: 961fdb6492c99b4a3eadbed28e78c4b0 -> 6c887e722e951c2964523825cad70c4c
  custom:scripting/monoscript/fileName/TreeHeaderColumns.cs: 9fc4a0396a421346b8aa3b7788860851 -> 316e5ea62e66b20fd6e687a6b9e5958e
  custom:scripting/monoscript/fileName/TilingAndOffsetNode.cs: 5f8c418d189cdb22adc1dc1014866312 -> 
  custom:scripting/monoscript/fileName/IProxyOperator.cs: c813baa04a9219aea825a899390cc4eb -> 
  custom:scripting/monoscript/fileName/SpriteAnalyticsManager.cs: 7e8f0b697c5d72ceac35085b114b8bd8 -> 
  custom:scripting/monoscript/fileName/Toolbar.cs: 26e6ba8304be5dedc8f3aa32863259d8 -> 
  custom:scripting/monoscript/fileName/Vector2Node.cs: 27a5f70bf425f3e4ecab79166cac2f10 -> 
  custom:scripting/monoscript/fileName/PngMetadataEncoder.cs: 91f4d0f4e2a47289312053d7e56b5fa1 -> 
  custom:scripting/monoscript/fileName/SubShaderDescriptor.cs: c46bf66e7269673486bde05407331190 -> 
  custom:scripting/monoscript/fileName/TargetSetupContext.cs: 8f890170e86629e5cf1de773fa1c4c00 -> 
  custom:scripting/monoscript/fileName/SubscriptionResponse.cs: ddcdb33a250e9f08098b9585cca7859a -> 
  custom:scripting/monoscript/fileName/IESObject.cs: 44f389ed9102ee4b311260e8a2ba5b10 -> 
  custom:scripting/monoscript/fileName/ActionButton.cs: da9cf9c1593674e12e8c4fbf1511f25f -> 
  custom:scripting/monoscript/fileName/ProbePlacement.cs: 96cb1cde9d2502ce2fedd6b29bccd394 -> 
  custom:scripting/monoscript/fileName/SearcherDatabaseBase.cs: 1176fb177f3ee60ce859aada50e71de2 -> 
  custom:scripting/monoscript/fileName/AssetFilesFilterPatternsMenuBuilder.cs: 8fe5de6e5dc3d42fb7e95de2aaedbf5a -> 0d99e7514c6a33cda8314deed8f34bc5
  custom:scripting/monoscript/fileName/VolumeProfileOverridesAnalytic.cs: 3eda3a3105bc4bd130cf1060d6d35f83 -> 
  custom:scripting/monoscript/fileName/Stage.cs: 8207a8497643b50b80f8ad65c6b0c3a3 -> 
  custom:scripting/monoscript/fileName/PlasticNotification.cs: 3629fdff9f054b2013702f5b131b2c47 -> 
  custom:scripting/monoscript/fileName/SearcherItem.cs: 1109dbb77f9f1b0162720b68baa17e53 -> 
  custom:scripting/monoscript/fileName/ConfirmContinueWithPendingChangesDialog.cs: c0e147ff008a0b77c9337132a3ea70af -> 77462b1904ad8f6fee2f8da4523d59fe
  custom:scripting/monoscript/fileName/GradientNoiseNode.cs: 134baa69ccf721841d0d43b5e023da45 -> 
  custom:scripting/monoscript/fileName/BasicImageOperatorView.cs: 29aa753068149595cccdc0bffe34cabb -> 
  custom:scripting/monoscript/fileName/UsageTracker.cs: 8553928dd34c9ea8481d5e26ef42bae7 -> 
  custom:scripting/monoscript/fileName/Context.cs: 9f2868ee92231bc7f785cc05a1299416 -> 
  custom:scripting/monoscript/fileName/MultiJson.cs: 1369d60f528f78fbf4d963f80f73ed13 -> 
  custom:scripting/monoscript/fileName/Picker.cs: 794c2431b2e9ff63ff6cfae36a1169a7 -> 
  custom:scripting/monoscript/fileName/OperatorOverridePublishers.cs: cb39dec6744bb0b3b1058a9a8737a634 -> 
  custom:scripting/monoscript/fileName/Events.cs: 74392d074267d17f365044b17193a808 -> 5e6fd182c984e3c981a7ddda9fb543ef
  custom:scripting/monoscript/fileName/ChangelistTreeViewItem.cs: a4a6f6169cdb3afe249e104e2b7b1a2c -> 87f69636be8bd1a264ec4eac1bffa701
  custom:scripting/monoscript/fileName/Divider.cs: 677c824aea886dad636a71302437f2ed -> 
  custom:scripting/monoscript/fileName/MaximumNode.cs: 3d81206fda4110b751cae570cdd9e099 -> 
  custom:scripting/monoscript/fileName/ColorManager.cs: 42d9b52a0f5738e13965fe5213a0eece -> 
  custom:scripting/monoscript/fileName/ISGControlledElement.cs: c98ab0f8fa2c364fe9d6f134861565e6 -> 
  custom:scripting/monoscript/fileName/IServiceCollection.cs: 29439a3a80f03a2ece062845045838b2 -> 
  custom:scripting/monoscript/fileName/CollabPlugin.cs: bda741ff77a19affbf276298e29313ec -> ca276d65e7cd77c5c99d9f119ffdb215
  custom:scripting/monoscript/fileName/TabButton.cs: 209224933ef150b047623939760d7928 -> 
  custom:scripting/monoscript/fileName/LaunchTool.cs: 3ac53c8af1f56365aad9e1ae5366d98d -> 60773d78646dc188d4b2caca77f20b17
  custom:scripting/monoscript/fileName/ParallaxMappingNode.cs: 2d5d21ef3cc884ce2d0f39560fdb108a -> 
  custom:scripting/monoscript/fileName/CameraUI.PhysicalCamera.Skin.cs: ea37b571f4b5213ec876c626bae4a6c0 -> 
  custom:scripting/monoscript/fileName/DebugUIHandlerEnumHistory.cs: 45d0932c2171072f0ab05fc6dbe0c326 -> 
  custom:scripting/monoscript/fileName/RunModal.cs: 33b931100ee477e6812324eabaa2e837 -> c83ee2ef642c5d8b8dfd32f033bfc438
  custom:scripting/monoscript/fileName/MaskOperator.cs: 96a09c8859eb978cd98bcf5b0abca0ed -> 
  custom:scripting/monoscript/fileName/BuiltInMetadata.cs: b758f793a906b752ebe574d6ace8ba11 -> 
  custom:scripting/monoscript/fileName/ShaderSpliceUtil.cs: 296a64ad3e8dd4ca6d3fee43f5f88197 -> 
  custom:scripting/monoscript/fileName/DynamicVectorMaterialSlot.cs: 2b2bf75e6117850f940e772416b441ea -> 
  custom:scripting/monoscript/fileName/Vector1Node.cs: 0e338eccfb56abdbd9ec69df71e8d08a -> 
  custom:scripting/monoscript/fileName/BranchListViewItem.cs: 8fdaa5aa842f5a70237affa304b9d506 -> 55028f4aef24d6227589aaa95582b2ff
  custom:scripting/monoscript/fileName/CubemapInputMaterialSlot.cs: 879b4a2537adb12fea356ac2bff015ac -> 
  custom:scripting/monoscript/fileName/SignInUtility.cs: 237c491af772bb4290257375eabafa53 -> 
  custom:scripting/monoscript/fileName/CacheWrapper.cs: 90647cc400823b41df847a6cbfc29026 -> 
  custom:scripting/monoscript/fileName/IInspectable.cs: 5245f36409879a59996fa0e3f92ab12a -> 
  custom:scripting/monoscript/fileName/RotateAboutAxisNode.cs: 062bed844de8e017e255f954c505ade0 -> 
  custom:scripting/monoscript/fileName/ClampNode.cs: a7c78cfaad14a6e898c8ec2cd969b01e -> 
  custom:scripting/monoscript/fileName/IMayRequireMeshUV.cs: a0bceafe344f99e5a953d06e3b2ba490 -> 
  custom:scripting/monoscript/fileName/DropArea.cs: e5297c892c4f377561567d7e5c07eddb -> 
  custom:scripting/monoscript/fileName/PbrDatabaseObject.cs: 5bb5d8492c56a5366519c7e5046b605c -> 
  custom:scripting/monoscript/fileName/SerializableGuid.cs: 00ccf160b58b099b7c9658b3c5a164ed -> 
  custom:scripting/monoscript/fileName/AssertHelpers.cs: 71a7e432bbb25adbd741880130af5059 -> 
  custom:scripting/monoscript/fileName/ProbeGIBaking.Invalidation.cs: 6175994ec88bb43d2596e758da499508 -> 
  custom:scripting/monoscript/fileName/GetAvatar.cs: 07c98163f75f0b7c672bd453fc82bf61 -> 04ffae2a9e5a4c32a119f93144f558d2
  custom:scripting/monoscript/fileName/ShaderModel.cs: 5cf9d74447b1e6f5e3bacc8044d3fc92 -> 
  custom:scripting/monoscript/fileName/SerializableTextureArray.cs: 0bee458622d49ab0111b7d692c545e6d -> 
  custom:scripting/monoscript/fileName/ListUtilities.cs: e91fcc1a4b3a626aa6fbbd13c79048a5 -> 
  custom:scripting/monoscript/fileName/BoundsField.cs: 0c2df330476f58f563ac988dc83afe1b -> 
  custom:scripting/monoscript/fileName/HaltonSequence.cs: a3239711e10942cbbdb76cce3d18fd36 -> 
  custom:scripting/monoscript/fileName/StringExtensions.cs: 4c240168765d5302d695805d8bd7c2c3 -> 
  custom:scripting/monoscript/fileName/BaseDatePicker.cs: daaed6be3b79fdc4ec588f4fbd150e0a -> 
  custom:scripting/monoscript/fileName/PreviewSceneResources.cs: 6b86b2dd532cefcde875061b2937c098 -> 
  custom:scripting/monoscript/fileName/IUIToolkitApp.cs: 26a879251d13fd00c4f8d49b79ad5876 -> 
  custom:scripting/monoscript/fileName/IGenerateArtifact.cs: 36119dce8383c466df276e192fc13f68 -> 
  custom:scripting/monoscript/fileName/FindTool.cs: fc3b0710b24078288fe829d0bb041dd0 -> 2f9d82566cfb01fb68fc30111fb47624
  custom:scripting/monoscript/fileName/DebugUIDrawer.Builtins.cs: 5d0037884c83169940102660bf529305 -> 
  custom:scripting/monoscript/fileName/CoreAttributes.cs: f03c6ad4dde63ffbf55cfeca716c4c07 -> 
  custom:scripting/monoscript/fileName/FogNode.cs: b9ee0398f36530ca5ee705d172cd0d96 -> 
  custom:scripting/monoscript/fileName/ComparisonGizmoState.cs: 207e057ba229ffc960362d8a8a5b7ffc -> 
  custom:scripting/monoscript/fileName/ChannelCertificateUiImpl.cs: 75d7831ab5da75cc0082e28863abb142 -> cefccf1e13b7bcf15e3c9f2dd4cd2fc8
  custom:scripting/monoscript/fileName/Preferences.cs: a7fa3b38f30bcef78c8fba009e2a6ef1 -> 
  custom:scripting/monoscript/fileName/PinchGestureRecognizer.cs: a6897e88e6eb02500523261de9af742c -> 
  custom:scripting/monoscript/fileName/ApplyCircleMask.cs: 02eb67e485278e7c9b719fee5ff90f4a -> b955b378d261fdcbd6272fe8711d1e4f
  custom:scripting/monoscript/fileName/IPropertyDrawer.cs: 14aea0f1675ba1be97bef2c03e191c86 -> 
  custom:scripting/monoscript/fileName/CameraUI.Output.Drawers.cs: 6b931c755be6b8c07068541044964215 -> 
  custom:scripting/monoscript/fileName/MenuItem.cs: a1a7148e573c53a3e72776ec916010b4 -> 
  custom:scripting/monoscript/fileName/DotProductNode.cs: 3d6927e8fbe6749097ac731eb476aa51 -> 
  custom:scripting/monoscript/fileName/SearchWindowProvider.cs: 3218e4fbbc11b3551df91fd1d225696f -> 
  custom:scripting/monoscript/fileName/IVolumetricCloud.cs: a109cf95a5821af8228689d7851a2e81 -> 
  custom:scripting/monoscript/fileName/IArtifactDragAndDropHandler.cs: f23a950e15cad74e58bb7efcc2cb10cb -> 
  custom:scripting/monoscript/fileName/MainThreadDispatcherComponent.cs: 1cd04b806c6c2db2c168f3df414334b2 -> 
  custom:scripting/monoscript/fileName/EditorSpritePreferencesView.cs: 89dd60a3002166802af3f6bf33960631 -> 
  custom:scripting/monoscript/fileName/ReciprocalSquareRootNode.cs: 9ce1a8760dec6764ce4024f8be1d92b4 -> 
  custom:scripting/monoscript/fileName/AssetMenuOperations.cs: e8e4dc7e916ba19764d008f240e56b46 -> ebcce67603e288b4a84d49287db6ef5a
  custom:scripting/monoscript/fileName/VisualElementExtensions.cs: 0c10367c202cd70af709bd8f5980ade2 -> 0aad2728225c469038631668406aebb3
  custom:scripting/monoscript/fileName/NotificationManager.cs: 8dd284e0067a494fd4fa7648075e1110 -> 
  custom:scripting/monoscript/fileName/DebugUIHandlerValueTuple.cs: d634df7643b5297902d49f55d38b9a4f -> 
  custom:scripting/precompiled-assembly-types:Unity.Muse.AppUI.Editor: 8860f0a6cae26e6bbb198641f18e3dd4 -> 
  custom:scripting/monoscript/fileName/Vector1ShaderProperty.cs: 3c299809aa353f8aa1854626005411f2 -> 
  custom:scripting/monoscript/fileName/SamplerStateNode.cs: 6bc38490f4dee89097730d6d317a8160 -> 
  custom:scripting/monoscript/fileName/SaveTextureData.cs: 82d1d28f25e2a0668ab22305fcc26017 -> 
  custom:scripting/monoscript/fileName/MatrixShaderProperty.cs: 6920f4f73b447d579d242531bf79ea6b -> 
  custom:scripting/monoscript/fileName/EditorPreferences.cs: 6c90fc90f1fd9ef6e09cb84d55de425f -> 
  custom:scripting/monoscript/fileName/CameraEditorUtils.cs: 9ecb09c6e5e1f3cd8796a420e0060e54 -> 
  custom:scripting/monoscript/fileName/ColorPickerExtensionsBridge.cs: 3c61624512e9132c7340f48db90d47e1 -> 
  custom:scripting/monoscript/fileName/TypeMapping.cs: e578f25795269fbf07606248925e8d5c -> 
  custom:scripting/monoscript/fileName/Texture3DAssetNode.cs: e9f924e349ed9ec8670f4117105fb2dc -> 
  custom:scripting/monoscript/fileName/MaterialUtils.cs: 05c1be0b707be95100719839807c37a3 -> 
  custom:scripting/monoscript/fileName/ToggleDataPropertyDrawer.cs: ad2994fdbff12e703f206902ddbe1ec7 -> 
  custom:scripting/monoscript/fileName/BatchPbrResponse.cs: 5cdcfb29dfd3fc7a009e7a69edf59e27 -> 
  custom:scripting/monoscript/fileName/BlackbodyNode.cs: 2cbb0202adc8852dde784ba72daffc7b -> 
  custom:scripting/monoscript/fileName/LensFlareComponentSRPEditor.cs: 29c085a3f3fe95ceca1a486a408cee06 -> 
  custom:scripting/monoscript/fileName/LocksSelector.cs: 70b046a562568fd78d093736e68a3a58 -> 7b0f4fc5552c1d92ba7f4648526ceb21
  custom:scripting/monoscript/fileName/NeverAllowedByTargetAttribute.cs: 5e23c9c64cd39b78ee55dec681b9bdc7 -> 
  custom:scripting/monoscript/fileName/ListViewItemIds.cs: 8f6297df34271fdb1ce2d9607ec6261d -> 90647cc400823b41df847a6cbfc29026
  custom:scripting/monoscript/fileName/ArccosineNode.cs: a35e27d63b8a0b87495f9dc3cd2385c9 -> 
  custom:scripting/monoscript/fileName/Chip.cs: a905f48c629f79ad5565fe0f337d81b9 -> 
  custom:scripting/monoscript/fileName/CreateWorkspaceViewState.cs: 1deb37b3c17c224d9a7dca9c990ea191 -> 0fe23b7cca9336b31a27790c714de652
  custom:scripting/monoscript/fileName/FullscreenMetaData.cs: 2dd8128f018fb0776bd5c2867e8e930a -> 
  custom:scripting/monoscript/fileName/Texture3DSlotControlView.cs: 7ea95dd24830f5d8af189e4e6bc7c100 -> 
  custom:scripting/monoscript/fileName/MergeLinkListViewItem.cs: ebc1e6f9e3a3005d8f4c51a794adfdaa -> 3fa407d29597803190dd374d88ed170d
  custom:scripting/monoscript/fileName/MaterialNodeView.cs: cb2ca08d17b9e6ae4f1ad4c4faf5b1c4 -> 
  custom:scripting/monoscript/fileName/InputRegistering.cs: cb47d0b372583ed4212bfacf4d681feb -> 
  custom:scripting/monoscript/fileName/DependencyCollection.cs: 5643c35ae77cc5e66d1b11ef7126e706 -> 
  custom:scripting/monoscript/fileName/ShaderGraphMaterialsUpdater.cs: c70ed0aeeed4e1073c0cfbdb252e088b -> 
  custom:scripting/monoscript/fileName/StyleTrainerProjectData.cs: d7352c51275132cbb32cef880d02e819 -> 
  custom:scripting/monoscript/fileName/DrawCommentTextArea.cs: ad5449f632fd412ac0f7ba0d171fd453 -> c58c26552f95f108a8d9610eaf001fbc
  custom:scripting/monoscript/fileName/Environment.cs: 88ed5c5b879a17136454598d4f1afab4 -> 
  custom:scripting/monoscript/fileName/BuiltInFields.cs: 55bdce375a9e879aa17c40288c131a68 -> 
  custom:scripting/monoscript/fileName/SpriteMiscBackend.cs: 866cc4fefcfc3ffe5f19421303f67c38 -> 
  custom:scripting/monoscript/fileName/GatherTexture2DNode.cs: 14267b6db3c1045c368a2ee1372601ac -> 
  custom:scripting/monoscript/fileName/ErrorsListHeaderState.cs: f366e16fac061f262479ccab9ff07a93 -> b961336a4a43551eb826f97c57673007
  custom:scripting/monoscript/fileName/TextureControl.cs: 52e7f4648e3f53963b9180a4a76cecf3 -> 
  custom:scripting/monoscript/fileName/SerializedDictionary.cs: a53f96815da50de15010b1c479bc70cf -> 
  custom:scripting/monoscript/fileName/StoreExtensions.cs: 7f3a8c80d98df63f5d80dc116828fc6a -> 
  custom:scripting/monoscript/fileName/RefreshAsset.cs: 4479d2949a66a97f66d1e550067f3767 -> 5a15c606785f1f54a697bb0d0d846dfb
  custom:scripting/monoscript/fileName/SawtoothWaveNode.cs: a04767749f4068d8d2ea1dd9fe867d31 -> 
  custom:scripting/monoscript/fileName/BuiltInUnlitSubTarget.cs: cd934080f7c805b6bbd061db48b93788 -> 
  custom:scripting/monoscript/fileName/NullableColorField.cs: a45894631a2c70c7e9441a31822142a1 -> 
  custom:scripting/monoscript/fileName/StackView.cs: 07df23718393071a6be17c735336a856 -> 
  custom:scripting/monoscript/fileName/HelpText.cs: ae17a9903119c6c4b47752757faca430 -> 
  custom:scripting/monoscript/fileName/PreviewImage.cs: 2d3cdead3ad53b71b25bee2a396e8de6 -> 
  custom:scripting/monoscript/fileName/Target.cs: 4d59880ea1d71addf2977271f44dbb24 -> 
  custom:scripting/monoscript/fileName/CameraController.cs: 90f26c7c63924735c23c826b8a781463 -> 
  custom:scripting/monoscript/fileName/Preference.cs: dcffa4837428e139966556d1521dfd24 -> 
  custom:scripting/monoscript/fileName/KeyImageOperator.cs: 6e51d56f993ccbe0ad5601d3c03b0a03 -> 
  custom:scripting/monoscript/fileName/RemoveAdditionalDataUtils.cs: aa9656d15f0c27d99401c03a7ce23b81 -> 
  custom:scripting/monoscript/fileName/BoolSetting.cs: d67f952c3a5976591f3e9a9e7356bbab -> 12bf039ccd38b0f4ccfffbec3cbbf108
  custom:scripting/monoscript/fileName/RuntimePreferences.cs: c7d13a8c28292fb800de1ea70001ac2c -> 
  custom:scripting/monoscript/fileName/SceneDepthDifferenceNode.cs: 8b4af65ee125e4459f757cffcf74b7ec -> 
  custom:scripting/monoscript/fileName/AccordionItemValueChangedEvent.cs: 7ee7139f28cbc268764faa7bb88ee7d9 -> 
  custom:scripting/monoscript/fileName/NotificationView.cs: aecaeebffcc647dfa00092e8648c00ac -> 
  custom:scripting/monoscript/fileName/Texture2DInputMaterialSlot.cs: f095c115703cb7bc1c3247deb706bacb -> 
  custom:scripting/monoscript/fileName/CustomTextureSelf.cs: f53ae610c96d8cd316112a71827058f1 -> 
  custom:scripting/monoscript/fileName/ActionBar.cs: 37f8c49690121e371b81aec172b548e6 -> 
  custom:scripting/monoscript/fileName/IMayRequireCameraOpaqueTexture.cs: 12bfffea18266b1a23ce102521eca097 -> 
  custom:scripting/monoscript/fileName/SamplerStateNodePropertyDrawer.cs: 044a23d9afc5313cf8ba9462f9fb3fc3 -> 
  custom:scripting/monoscript/fileName/TouchSlider.cs: 0cdf409b5aa8d4c25876d72b5c6a3b60 -> 
  custom:scripting/monoscript/fileName/IGraphDataAction.cs: 2bbf15ec78509ab836a9f8c43a9c727f -> 
  custom:scripting/monoscript/fileName/BlockNode.cs: a6e6423167f3cb487458ab4384bcca3b -> 
  custom:scripting/monoscript/fileName/NotNode.cs: f931cfeed3a6ce3f983d1a7764b0aee4 -> 
  custom:scripting/monoscript/fileName/StickyNoteData.cs: 50de03a5593c3db20c79d821fbf50dfd -> 
  custom:scripting/monoscript/fileName/InvertColorsNode.cs: 21e5001b17acc89ec931712bf2a25ed9 -> 
  custom:scripting/monoscript/fileName/SessionStatusNotifications.cs: 43355689a6519fa83f3785618409d53c -> 
  custom:scripting/monoscript/fileName/CubemapPropertyDrawer.cs: 2c78f71715ce4f50ca396b15a55c428a -> 
  custom:scripting/monoscript/fileName/DoodlePad.cs: 83192d03aa89fc2731d76ee96670d63b -> 
  custom:scripting/monoscript/fileName/INode.cs: e23b655906be2b9889b714c3007781bb -> 
  custom:scripting/monoscript/fileName/Vector4MaterialSlot.cs: 5513e99cb99efc729655c724300102cf -> 
  custom:scripting/monoscript/fileName/SchedulerGameObject.cs: 86df6e41a1de752cf01437ee305ca040 -> 
  custom:scripting/monoscript/fileName/MaterialPreviewer.cs: a7a351f3991c9727472adeb45a6b764e -> 
  custom:scripting/monoscript/fileName/RadioGroup.cs: 2c55c1c3945f76b4b30af88bb9c0fef3 -> 
  custom:scripting/monoscript/fileName/CreateChangelistDialog.cs: 774371d4233cc1d394d98dc80507a1f8 -> 386b03e27c951c5f1d63daf7aae486ca
  custom:scripting/monoscript/fileName/VertexIDNode.cs: 278b4af0e1d263c7a6a8330120e8ef67 -> 
  custom:scripting/monoscript/fileName/PosterizeNode.cs: 22eec0de0b0ff2be25b885d81fc10f30 -> 
  custom:scripting/monoscript/fileName/KeywordNode.cs: 69447c6571188bb1a4378849842e6c36 -> 
  custom:scripting/monoscript/fileName/FakeJsonObject.cs: ebe0642e955ceece6f734ed7a2ecdaa9 -> 
  custom:scripting/monoscript/fileName/RTHandle.cs: 198beeada0783b102b5de49eaf76743d -> 
  custom:scripting/monoscript/fileName/DialogTrigger.cs: 26f7d6a3b9923b6f3c104f73661ca70d -> 
  custom:scripting/monoscript/fileName/TimeNode.cs: 228ce4766a99f0761289608e6ed4f9d5 -> 
  custom:scripting/monoscript/fileName/HistoryListViewMenu.cs: 15a489e494f04a7ea37a587c7601070e -> 29770348599c8d5473b78d72e5741b40
  custom:scripting/monoscript/fileName/ShaderGraphDataExtension.cs: a45ecda2d2e7082aa4a437a8997966ae -> 
  custom:scripting/monoscript/fileName/StyleModelController.cs: 90cde35f55beff4d4bc01ad6ed4e8670 -> 
  custom:scripting/monoscript/fileName/AccountDialog.cs: eb758620b10e7bc03deac3fbb715ff61 -> 
  custom:scripting/monoscript/fileName/ExperimentalProgramNotifications.cs: b9eaf0e2ed8629abee2bbd33fccc71ef -> 
  custom:scripting/monoscript/fileName/DropZone.cs: 393981527a8d8276e9be4b7751b7985a -> 
  custom:scripting/monoscript/fileName/CoreEditorDrawers.cs: 2510b50dc7159cd7832baf63ade3e6bf -> 
  custom:scripting/monoscript/fileName/CommandBufferPool.cs: 35881b26195c08fe29d91784b3493017 -> 
  custom:scripting/monoscript/fileName/TabItem.cs: d0e1f1498924ec418de97bc614378027 -> 
  custom:scripting/monoscript/fileName/FilterRulesConfirmationDialog.cs: 5186d89f21d03764f0cca01c2a0122d7 -> 9c91c6c91f20e6d013a753f32343b327
  custom:scripting/monoscript/fileName/ExporterHelpers.cs: fa331b7e968c869e9c634ead5c71e4b9 -> 
  custom:scripting/monoscript/fileName/LegacyUnknownTypeNode.cs: 6bce94b33b90a7d08d9d8065ebc0bdb4 -> 
  custom:scripting/monoscript/fileName/ShaderGraphAnalytics.cs: cd0d162bc6048dda7cc300c26b687cc0 -> 
  custom:scripting/monoscript/fileName/Store.cs: fd55b3abf8197d7fcd3a0103b24e0c2e -> 
  custom:scripting/monoscript/fileName/LegalConsentRequest.cs: 9f74b331b036daa157f4824aa8d095b5 -> 
  custom:scripting/monoscript/fileName/SlotReference.cs: 7f27af84058579befc37c5d31958d340 -> 
  custom:scripting/monoscript/fileName/AccountEditorInternals.cs: a5cfd6ff5afffe7586eaf35aad71b58d -> 
  custom:scripting/monoscript/fileName/TextureAnalyticsManager.cs: ac4941f2a13b64880e168242830b234b -> 
  custom:scripting/monoscript/fileName/ClientUpdateNotificationView.cs: b98252b27eaee9ea6667d9067006fb73 -> 
  custom:scripting/monoscript/fileName/ChangesetsSelection.cs: d154d1782ed752b83834c54a0bde3df9 -> 8b9d539af9f7e269bac4e3d79e9ffab8
  custom:scripting/monoscript/fileName/BuiltInLitSubTarget.cs: aac3359589a4029dcae0bd2454bbaa85 -> 
  custom:scripting/monoscript/fileName/ContextProviderAttribute.cs: 9cbbd4f58287dd6e1dca437a5ae3f559 -> 
  custom:scripting/monoscript/fileName/AppUIManagerBehaviour.cs: 2853b7be127102594acb89f16109c52b -> 
  custom:scripting/monoscript/fileName/ShaderUtils.cs: 5b8b7d1bc60c052a1c695eafacbd98f7 -> 
  custom:scripting/monoscript/fileName/AppUISettings.cs: f35e4421c274cb6f375d98e2c7c678e5 -> 
  custom:scripting/monoscript/fileName/AssetPostprocessor.cs: 96208057b904410715a8df295ba4f8f4 -> 
  custom:scripting/monoscript/fileName/FileUtilities.cs: 771f43e67585e5fce72a68dee6f48c42 -> 
  custom:scripting/monoscript/fileName/FSRUtils.cs: cc5a2350cf3d51f8c4e95d114b305009 -> 
  custom:scripting/monoscript/fileName/IsResolved.cs: 12b1cb46be3341613a9d03a0fb32ccfc -> f54a3e2c5134aa4306f9ad150b1911a9
  custom:scripting/monoscript/fileName/DebugUIHandlerToggleHistory.cs: 0efb67cbdca69bd93c6e89c840b7dddd -> 
  custom:scripting/monoscript/fileName/BlackboardInputInfo.cs: a25dfa010eeafa1bd76fb146177a2385 -> 
  custom:scripting/monoscript/fileName/LocalStatusCache.cs: a558fcf5f34357bab4cfc7b75e2bb356 -> 30974ea30517fbfd1b93153f6c849a76
  custom:scripting/monoscript/fileName/SampleOutputPromptRow.cs: 947988e2f88c44ae518771fe2d4de2e0 -> 
  custom:scripting/monoscript/fileName/DebugUIHandlerMessageBox.cs: eae216b4275440e05f67b5fc8b459028 -> 
  custom:scripting/monoscript/fileName/IColorProvider.cs: db28d082041ca082dcdcb6bea551bbba -> 
  custom:scripting/monoscript/fileName/DropManipulator.cs: 90647cc400823b41df847a6cbfc29026 -> 
  custom:scripting/monoscript/fileName/ProbeSubdivisionContext.cs: 77380e81d520bb85c1b4f94c4b1458b8 -> 
  custom:scripting/monoscript/fileName/KeywordDependentCollection.cs: f0fb22e265a5f87d0185dc115b033693 -> 
  custom:scripting/monoscript/fileName/RepositoryExplorerDialog.cs: 143e7416b576681e1f2ea71288e530e6 -> eea34924da79ad7254f3e141a891c78d
  custom:scripting/monoscript/fileName/StyleTrainerWindow.cs: 99960aef40c7fc855db5a231d0da3022 -> 
  custom:scripting/monoscript/fileName/SubscriptionStartedDialog.cs: 9bb7b4ee78a1cf4b161e17d8f8de66e0 -> 
  custom:scripting/monoscript/fileName/EventBaseExtensionsBridge.cs: ce3de20bb7dce215ea4b3e10328d42d6 -> 
  custom:scripting/monoscript/fileName/GraphViewActions.cs: ca8d2c30bf20be877033840cbfefd483 -> 
  custom:scripting/monoscript/fileName/TrainingItemGridItem.cs: 39b148c71e2c4466fc6e71f386cf4161 -> 
  custom:scripting/monoscript/fileName/ProbeBrickPool.cs: 14b7482ce920c36421c3e0984e1cf843 -> 
  custom:scripting/monoscript/fileName/NormalizeNode.cs: 206e083603352147c800077850d90691 -> 
  custom:scripting/monoscript/fileName/Texture2DShaderProperty.cs: 2cc8ff8278e8514d47f8d0257ffba7e0 -> 
  custom:scripting/monoscript/fileName/IntParameterDrawer.cs: 1660f87314874ada5cd0d35c324db62f -> 
  custom:scripting/monoscript/fileName/HelpLinkData.cs: 298f428470bd6f0a46823cad390bf0d6 -> 
  custom:scripting/monoscript/fileName/DataStore.cs: 90647cc400823b41df847a6cbfc29026 -> 
  custom:scripting/monoscript/fileName/WorkspaceWindow.cs: ff52e13cd29dacd66db0169e14f71a23 -> b042f06133312d3bfed176231d97d77c
  custom:scripting/monoscript/fileName/ShaderGeneratorNames.cs: 1bbe896da98d1d154e6d5c5756923756 -> 
  custom:scripting/monoscript/fileName/XRGraphics.cs: 646c04de9fc8f194763ae67c06e8d189 -> 
  custom:scripting/monoscript/fileName/NandNode.cs: 23c9b6cc63194bd87293b257b3e30f9a -> 
  custom:scripting/monoscript/fileName/GridView.cs: 218e4cade9ebbe8b25f0fd72fb669305 -> 
  custom:scripting/monoscript/fileName/AppUIManager.cs: 35c76c99b52f444a32a4bf1b5da9079a -> 
  custom:scripting/monoscript/fileName/RelayCommand{T}.cs: b98e5608049019f2756175075d1dd454 -> 
  custom:scripting/monoscript/fileName/PlasticShutdown.cs: a8df8eeeed98372d06e446171a192a6d -> 
  custom:scripting/monoscript/fileName/IdentifierControl.cs: e3495e4ca87c994bf5ea600cf5b4136f -> 
  custom:scripting/monoscript/fileName/FilesFilterPatternsMenuBuilder.cs: 28072cd275c96994687e6d4d0d6e1dff -> cf716a8d336c8113475a9ca67a799ec1
  custom:scripting/monoscript/fileName/Tabs.cs: 4aff82d5ca8582a86962cfabfcfa2c55 -> 
  custom:scripting/monoscript/fileName/AccountDropdown.cs: 1f0fb4bbd95b8d9a8fe117eaae6147a5 -> 
  custom:scripting/monoscript/fileName/IPropertyFromNode.cs: 5a8c7873f0970db2476ff7e6c1e65620 -> 
  custom:scripting/monoscript/fileName/SerializedSettings.cs: 0b8f9718a63e7b28efe8872b30702b5c -> 
  custom:scripting/precompiled-assembly-types:Unity.Muse.StyleTrainer.Editor: 6c5095e2cd65b84235aaabd71dc25ddb -> 
  custom:scripting/monoscript/fileName/UnityConnectUtils.cs: c5f7da7345702fca9d7eafa173c657f6 -> 
  custom:scripting/monoscript/fileName/Texture3DInputMaterialSlot.cs: a249965d545b834a1461258c73ff703f -> 
  custom:scripting/monoscript/fileName/SignInDialog.cs: 718237e1d3788719eb31a2fb0ba22579 -> 
  custom:scripting/monoscript/fileName/MaterialPreviewSettings.cs: 6090ae28aa46edf53fc557142992e860 -> 
  custom:scripting/monoscript/fileName/ColorSpaceUtils.cs: 1d255e6551d8df71ffd04150d954b72b -> 
  custom:scripting/monoscript/fileName/EditorMaterialQuality.cs: 83d45c2d24380ad4d144c5f98f1500cf -> 
  custom:scripting/monoscript/fileName/AppUIInput.cs: a311aa0da35a24a481a6cb54849f5076 -> 
  custom:scripting/monoscript/fileName/CrossProductNode.cs: 5753a6163a344e80db4d0c8f1e930426 -> 
  custom:scripting/monoscript/fileName/ResizableElement.cs: 391fd1d62f71b65746f6e81e3871fffc -> 
  custom:scripting/monoscript/fileName/RenderGraphResourceRegistry.cs: ffe937371ff494b342e4f7da85f2a9c2 -> 
  custom:scripting/monoscript/fileName/SlotReference0.cs: 9e41ce82a2db67b39f4cbf374082143a -> 
  custom:scripting/monoscript/fileName/DDXNode.cs: 3a14d8880f4781619a905b53b679f34f -> 
  custom:scripting/monoscript/fileName/AsyncRelayCommand.cs: a78b7dd3235f68e176b91d4ce37350d3 -> 
  custom:scripting/monoscript/fileName/Icon.cs: 4503216c35da2c4475447a81b3711045 -> 
  custom:scripting/monoscript/fileName/InspectableAttribute.cs: b896b1b0232aa7224b2de8576324611c -> 38b788b4cc63dc944d9cb7cfc73677b3
  custom:scripting/monoscript/fileName/RotationProxy.cs: 92007ded9aae6803d1d4bb79eeac3bd0 -> 
  custom:scripting/monoscript/fileName/IsInfiniteNode.cs: bcbe18979f1abaee3b2f5891214af9fe -> 
  custom:scripting/monoscript/fileName/MaterialHeaderScopeList.cs: 0d6a9edf3c9eb4e8fa69c90ce08ee23b -> 
  custom:scripting/monoscript/fileName/TangentNode.cs: 5be4a5f6c1ed93d91b4bee14ddacc49a -> 
  custom:scripting/monoscript/fileName/SpriteArtifactExporter.cs: faacd0d9930d69bdf91bed1d1bf9bcf0 -> 
  custom:scripting/monoscript/fileName/EnumInfo.cs: 90647cc400823b41df847a6cbfc29026 -> 
  custom:scripting/monoscript/fileName/ValueOutOfRangeException.cs: 1dc5db054732e8d214be088a0776b471 -> 
  custom:scripting/monoscript/fileName/ICanChangeShaderGUI.cs: 149afd3c7e6c003c39b1dfc9a42bd842 -> 
  custom:scripting/monoscript/fileName/Documentation.cs: 63d5d1c8cc905c409cfdb9afce14bbef -> 
  custom:scripting/monoscript/fileName/SpherizeNode.cs: 23d3fca0c7958f0b21e4cab6cc90dd40 -> 
  custom:scripting/monoscript/fileName/SubGraphAsset.cs: 33cff28d8a5546149670a0e9c8e5b8a3 -> 
  custom:scripting/monoscript/fileName/HistoryListViewItem.cs: 2d3b1fc954b6bdbae298ec250ade0663 -> 96f2b67ec620b83e35d13f11877e1ac1
  custom:scripting/monoscript/fileName/MinimalGraphData.cs: 24c9a82381036b73bba9d0155e17f7b4 -> 
  custom:scripting/monoscript/fileName/ColorSlotControlView.cs: 451f03ded777b5172ed38dbc7778b409 -> 
  custom:scripting/monoscript/fileName/Profiling.cs: d65df0041ac5c5c4c58a1c33dafdbe6b -> 
  custom:scripting/monoscript/fileName/RemoteStatusCache.cs: 00463e6b90cfe7da080d7c266f783980 -> 402d5663f3675e9324c129274b0c00f2
  custom:scripting/monoscript/fileName/MaterialPreviewElement.cs: 8a968e5fb1117bbcaff188f422e81a9e -> 
  custom:scripting/monoscript/fileName/SaturationNode.cs: 4a0150bae6218cd390e874902d220017 -> 
  custom:scripting/monoscript/fileName/ParameterAttribute.cs: e1050b0cf7fa5ee533fdce844533738e -> 
  custom:scripting/monoscript/fileName/HyperbolicCosineNode.cs: 73e8d0e41fecb707e781d9037b52cb7b -> 
  custom:scripting/monoscript/fileName/AvailableToolsFactory.cs: 13442ef2ec715663e86a0bc2c529568b -> 
  custom:scripting/monoscript/fileName/ReuestSeatDialog.cs: 07e3c57eb1591894e9640af4846d1921 -> 
  custom:scripting/monoscript/fileName/ISerializedCamera.cs: d7b200b20c684d3011944cf7d1378800 -> 
  custom:scripting/monoscript/fileName/SessionData.cs: 2c927d9f5c6f82570f80332e8a8a17f5 -> 
  custom:scripting/monoscript/fileName/FloatParameterDrawer.cs: 899092992342f8d1393b90bfe6c61d49 -> 
  custom:scripting/monoscript/fileName/EditorWindowFocus.cs: 1012e4e2e29e9b29bdcc03d8b92762a8 -> f258b0cf85078a7435d001e522d5e8e3
  custom:scripting/monoscript/fileName/EnumExtensions.cs: 2d494c1be5e83267369396f846fe59b3 -> 872fcb89b813d64606e680211dede528
  custom:scripting/monoscript/fileName/IPressable.cs: 695abd3da7d096446cd3145177b90a7b -> 
  custom:scripting/monoscript/fileName/CameraUI.Environment.Skin.cs: ea37b571f4b5213ec876c626bae4a6c0 -> 
  custom:scripting/monoscript/fileName/DefineCollection.cs: e1c72f4e3503f163edb100c8a092cf78 -> 
  custom:scripting/monoscript/fileName/NewIncomingChanges.cs: fc48261878ef7e4b956e7172f5803aee -> 
  custom:scripting/monoscript/fileName/EllipseNode.cs: 5a0d534b7000c4e0c9165457c8e4f0e5 -> 
  custom:scripting/monoscript/fileName/NegateNode.cs: 94a6b6efb00ed499f0715b504a59a22e -> 
  custom:scripting/monoscript/fileName/SignInNotificationView.cs: fc3b256640cb2080df890fd9116cd2a5 -> 
  custom:video-encoder-webm-vp8: eb34c28f22e8b96e1ab97ce403110664 -> 
  custom:scripting/monoscript/fileName/Edge0.cs: b8c3599d71272796679e59a534e95c81 -> 
  custom:scripting/monoscript/fileName/SGBlackboard.cs: 1f7428668e6d5a1439fb32f4eb755967 -> 
  custom:scripting/monoscript/fileName/EnumConversionControl.cs: 621787f518432fab85335d78afb7dda4 -> 
  custom:scripting/monoscript/fileName/PropertyConnectionStateSlotControlView.cs: 8e644e50bd0f394d592d214a26a4d874 -> 
  custom:scripting/monoscript/fileName/UnityIncomingChangesTree.cs: a6749c8b534ffb85ccf809bc8e274114 -> 42967773c43d3de5d23be4ddc6dfd9c4
  custom:scripting/monoscript/fileName/ShaderGraphMetadata.cs: 4e2fb0c623627109d410e2062edd78b2 -> 
  custom:scripting/monoscript/fileName/CustomTextureSize.cs: 9bbd5149e3f41e9a69c70a4637bf6c31 -> 
  custom:scripting/monoscript/fileName/UnityDiffTree.cs: 447fc3a8922f56330f4bae8c9dc9a8be -> 1029ffd567bc0e646e6b119719dcb2ff
  custom:scripting/monoscript/fileName/BatchRendererGroupGlobals.cs: 187c7c671b978d74ca2a118ab492e450 -> 
  custom:scripting/monoscript/fileName/GenerateOperator.cs: e111856e7c1e7d3da6622f174d1aa900 -> 
  custom:scripting/monoscript/fileName/TreeHeaderSettings.cs: 114eb9e27124403e8e111494b8eaf987 -> 662b1714c0fce36da72bbfe60201987a
  custom:scripting/monoscript/fileName/DielectricSpecularControl.cs: 7ac30c06d0369013691fdcb246b9c661 -> 
  custom:scripting/monoscript/fileName/DebugUI.cs: 398639f868eabde8ec4cfa5a98e2d32c -> 
  custom:scripting/monoscript/fileName/VertexColorMaterialSlot.cs: 9a35e2dd246f47bda426377aa27113db -> 
  custom:scripting/monoscript/fileName/UnlitMasterNode1.cs: 3d378576268d72287c9b90359bbe8833 -> 
  custom:scripting/monoscript/fileName/ArtifactRegistration.cs: e98929c192fc019cd9b3e5c2c5552d33 -> 
  custom:scripting/monoscript/fileName/NativePlugin.cs: 3c7852f512de52aefc36db8c83c0553c -> 
  custom:scripting/monoscript/fileName/UnityConstants.cs: 0eb92bed4b0c568cb341161b4319c2db -> e3d3c3e11a194da9e5bbbfb97087a7bd
  custom:scripting/monoscript/fileName/DebugUIHandlerCanvasEditor.cs: 0c98ba5da26cc48cd480944029611906 -> 
  custom:scripting/monoscript/fileName/FloorNode.cs: 8cd5a3ef634e6c8d8ccc7d29534db43e -> 
  custom:scripting/monoscript/fileName/DisplayWindow.EnvironmentLibrarySidePanel.cs: 29d7d4debd0b0b56b589a67c88c98687 -> 
  custom:scripting/monoscript/fileName/IsExeAvailable.cs: 3e4283303610c884e542b8f6d3e922d4 -> 4a3dbc5ded94087064afd97407f26631
  custom:scripting/monoscript/fileName/ExpandedState.cs: 90647cc400823b41df847a6cbfc29026 -> 
  custom:scripting/monoscript/fileName/SessionOperator.cs: 2c8dcc1ddff454d4fdb557867afbf778 -> 
  custom:scripting/monoscript/fileName/AccountEditorUtility.cs: 45a03c883baa97a2f04b38ac448edb4f -> 
  custom:scripting/monoscript/fileName/VectorShaderProperty.cs: 6b11de3f68a621d16581f67570325ccd -> 
  custom:scripting/monoscript/fileName/DisplayWindow.cs: 5fbb58f67d9ef9189379b30fc85923ba -> 
  custom:scripting/monoscript/fileName/GraphDrawingData.cs: f5c450bd42c875c42ab0f55daaad921c -> 
  custom:scripting/monoscript/fileName/MuseAssetCreation.cs: a7819eab984c2489cab765de47c1e69d -> 
  custom:scripting/monoscript/fileName/LoadableImage.cs: cf4612146290a3bd8008674c6afc7736 -> 
  custom:scripting/monoscript/fileName/DebugConfigEditor.cs: 5b21f744642cc20e4e930bb84f98fd1e -> 
  custom:scripting/monoscript/fileName/StyleModelInfoEditor.cs: acbc81ca5a0b93078b49c9ee85171d23 -> 
  custom:scripting/monoscript/fileName/MatrixConstructionNode.cs: 9967ad2a53631a1bff24165e0e4f1f77 -> 
  custom:scripting/monoscript/fileName/DDYNode.cs: ea2cc2a2381402437bbbc15ccccbe572 -> 
  custom:scripting/monoscript/fileName/ShaderGraphImporterEditor.cs: bdac637587671ba15340ab379e88e5c6 -> 
  custom:scripting/monoscript/fileName/ExportedArtifact.cs: bf4b718c81d18a874d67f87d0b9eaa6b -> 
  custom:scripting/monoscript/fileName/RemoveComponentUtils.cs: cba4030f6674ff81eab416fbd0e4ea84 -> 
  custom:scripting/monoscript/fileName/AutoLogin.cs: e67ed70aada38469aeb667115929c368 -> b4cb98371fc38cca00d7123b7e649e12
  custom:scripting/monoscript/fileName/RandomRangeNode.cs: b51d9d2bd8932cdc2ac3f3857bfcf1a3 -> 
  custom:scripting/monoscript/fileName/UINumericFieldsUtils.cs: 8a81c9c0328febd19543ffcd88207316 -> 
  custom:scripting/monoscript/fileName/ScreenSpaceType.cs: 708a02b75c3d0cdff7fd233f736a6f5f -> 
  custom:scripting/monoscript/fileName/BuiltInSubTarget.cs: a98908f467058654c6aaf46cd9e038b1 -> 
  custom:audio-decoder-ogg-vorbis: bf7c407c2cedff20999df2af8eb42d56 -> 
  custom:scripting/monoscript/fileName/RedirectNodeView.cs: 7117241b17e37a403dceb07917f1ba94 -> 
  custom:scripting/monoscript/fileName/UpdateReportLineListViewItem.cs: a101f0ba5292fc139445870b3f4af838 -> 9f63395e1ea590dbbab4d59cd0032ac4
  custom:scripting/monoscript/fileName/AbsoluteNode.cs: 80c13250d10231a7843225a44587e406 -> 
  custom:scripting/monoscript/fileName/SceneRenderPipelineEditor.cs: 7978f181dc78bc07a62dbc11b8a03913 -> 
  custom:scripting/monoscript/fileName/AssetReference.cs: 4a5235ff8e8e9ef9af658f0344b45958 -> 
  custom:scripting/monoscript/fileName/DrawSplitter.cs: ec7e8739eacabcca3e2946d9833eea0f -> d2f114a8e8e4167f7762d835a83b2f55
  custom:scripting/monoscript/fileName/OnboardWindow.cs: 2c343928b768f3a1215dace0f6c7552e -> 
  custom:scripting/monoscript/fileName/LightUnitSlider.cs: d37533252e5011f18d32062d16a5ca4a -> 
  custom:scripting/monoscript/fileName/GenerateCountData.cs: b5f8b3474017c679470cc0fdaf5d4f4a -> 
  custom:scripting/monoscript/fileName/SwipeView.cs: d765507ebb0d22a5f0b1e8238bca893a -> 
  custom:scripting/monoscript/fileName/BuiltInUnlitGUI.cs: 5385a9107f8419cb0654a83d8d130c8c -> 
  custom:scripting/monoscript/fileName/PromptOperator.cs: 073a7a3feb353ab3f829319eb62c03e9 -> 
  custom:scripting/monoscript/fileName/LaunchDependenciesDialog.cs: e1c527862a66e73f0417ae177d7fdfb5 -> 2cabf22eb95430074b6c730a84e03493
  custom:scripting/monoscript/fileName/DynamicResolutionHandler.cs: 2c633d5b8c541c49ee13866f0fd3afad -> 
  custom:scripting/monoscript/fileName/IAsyncRelayCommand.cs: ae286909c3d29fcb184edf8329c8c349 -> 
  custom:scripting/monoscript/fileName/MuseEditor.cs: 4d69f52280a83fe1a1c10594160060ff -> 
  custom:scripting/monoscript/fileName/Controls.cs: 254a2b33ef5cb8cb752d017afc8f099b -> 
  custom:scripting/monoscript/fileName/WindowDockingLayout.cs: 630113a5efc6c12b70d63262990f21bf -> 
  custom:scripting/monoscript/fileName/DropdownPropertyDrawer.cs: 2120ab2037d876e6f65ba5dece9df770 -> 
  custom:scripting/monoscript/fileName/IServer.cs: 0a4ceca0ab667fda3d9c7e45993e146b -> 
  custom:scripting/monoscript/fileName/IMayRequireFaceSign.cs: edccb2ba772eaf9429b2276a1604f45c -> 
  custom:scripting/monoscript/fileName/ReplaceColorNode.cs: 431bf5e931174ebc6a28fc468bc6e28d -> 
  custom:scripting/monoscript/fileName/HasDependenciesAttribute.cs: 1994e3daf482d8c507492fc0431f2a21 -> 
  custom:scripting/monoscript/fileName/UsageView.cs: 46737a5c7162031f29ee65121ea60af2 -> 
  custom:scripting/monoscript/fileName/IntegerPropertyDrawer.cs: 6533f4c9eabbac5498573216a9ceebbf -> 
  custom:scripting/monoscript/fileName/TriplanarNode.cs: 90537466fe3f27af8d319b572631df67 -> 
  custom:scripting/monoscript/fileName/EdgeConnectorListener.cs: e11391e99e4e32d1221129184b7a5f3e -> 
  custom:scripting/monoscript/fileName/LogNode.cs: 6a74d8117017a06427518c3f78b4aa03 -> 
  custom:scripting/monoscript/fileName/LaunchDiffOperations.cs: aeae601320588a70eea7590a2f7e0f69 -> 871a0804a9fe2d9f2ad088303a89a63e
  custom:scripting/monoscript/fileName/DebugUIHandlerVector2.cs: d5c4c7d89d856249aba59298135734e4 -> 
  custom:scripting/monoscript/fileName/GlobalDynamicResolutionSettings.cs: cbd9fffe3093f62e451ed7cef29e252f -> 
  custom:scripting/monoscript/fileName/PlasticSplitterGUILayout.cs: 4cfaefa1a850aceff54713912c4a2bda -> 111849f67dfbfea65ad2a9298ad1654d
  custom:scripting/monoscript/fileName/RotationManipulator.cs: 5dfd29b82132f4b16d9952a2137d5269 -> 
  custom:scripting/monoscript/fileName/ReciprocalNode.cs: e9dc9c25581dec21f7553e0ae2091bf5 -> 
  custom:scripting/monoscript/fileName/CredentialsResponse.cs: 96b135ae1c4ea541dc762170ea524fa9 -> 3dd2507693e56dac75ee7783f598cbb9
  custom:scripting/monoscript/fileName/Compositor.cs: dae0903800afd8f8a89ef50c00659138 -> 
  custom:scripting/monoscript/fileName/DebugUIHandlerPanel.cs: 5720e729e9678befbefa3fbc3d574965 -> 
  custom:scripting/monoscript/fileName/SamplerStateShaderProperty.cs: 012e5cf5c9eb112d8b262fceb7e86d9d -> 
  custom:scripting/monoscript/fileName/MainLightDirectionNode.cs: cf8f5c90dcde96f9cc26ff927f26adb8 -> 
  custom:scripting/monoscript/fileName/InstanceIDNode.cs: 81bd4dc1b6300c32bd81bccfd38f23f4 -> 
  custom:scripting/monoscript/fileName/MenuManager.cs: 0343bcd059e803f90b5a61786ef257ee -> 
  custom:scripting/monoscript/fileName/ErrorView.cs: b434f9114bb601a615cfac4877f83e04 -> 
  custom:scripting/monoscript/fileName/SerializableVirtualTexture.cs: 2bacbd79cbb274b5fdc9d8731752e21f -> 
  custom:scripting/monoscript/fileName/SquareWaveNode.cs: b45226c65ba98c99cccf2d66e77b0bc5 -> 
  custom:scripting/monoscript/fileName/IMayRequirePosition.cs: 8887708717c204db632822e0c31db4c0 -> 
  custom:scripting/monoscript/fileName/CreateUnlitShaderGraph.cs: 57206e31c15418bccf1916643a130bd3 -> 
  custom:scripting/monoscript/fileName/SpriteRefiningMaskOperator.cs: 0fbb953c1f0a47984ded627754f83555 -> 
  custom:scripting/monoscript/fileName/FloatField.cs: 11e06b97f38e5eabfc1de35a3bb783b0 -> 
  custom:scripting/monoscript/fileName/ShaderVariablesProbeVolumes.cs: b2eac9c6df66322c3990c266691aae47 -> 
  custom:scripting/monoscript/fileName/PbrDataCache.cs: 837971af524c5783e7f7cf867757cf6d -> 
  custom:scripting/monoscript/fileName/StyleTrainerConfigEditor.cs: dac0bb58f7a849555eda6778c7c76e49 -> 
  custom:scripting/monoscript/fileName/CheckinDialogOperations.cs: 0b2a2cd4c41cf1865a29cf91b2a96a48 -> d032d69e8060311c06b88286e8f22ddd
  custom:scripting/monoscript/fileName/IntroductionManipulator.cs: 9983ffa5a33c47d13c32c676d600ead9 -> 
  custom:scripting/monoscript/fileName/BoundsIntField.cs: b57754c0924b374bc80e1af7b5018a0f -> 
  custom:scripting/monoscript/fileName/DebugUIHandlerVBox.cs: 62474eac231858d08f534ea8cc4c6be5 -> 
  custom:scripting/monoscript/fileName/ReferenceOperator.cs: a84c2d9e9febf6a6b6f679040fbffdb5 -> 
  custom:scripting/monoscript/fileName/TwirlNode.cs: 80fdd3a1e71301ab6c511458b3a8f793 -> 
  custom:scripting/monoscript/fileName/UxmlFilePathAttribute.cs: 711ff899f6cc7699845b5c720b418257 -> 
  custom:scripting/monoscript/fileName/MuseTextureBackend.cs: fa63e29749f3d668188f9fb9f5855b0d -> 
  custom:scripting/monoscript/fileName/RefractNode.cs: 48ec18db438424d42d3bcc49bb40cdd6 -> 
  custom:scripting/monoscript/fileName/PendingChangesViewMenu.cs: 68fab310addfd7068cfd7920070496ff -> 9b0019b6df6bb14eb3a2dbafa53fb54b
  custom:scripting/monoscript/fileName/TrainingTask.cs: ffd05cb9e66ff4fc27f463cfc614261a -> 
  custom:scripting/monoscript/fileName/EditorFactoriesRegister.cs: 75e77a65d14732239b09be2a42e1397c -> 
  custom:scripting/monoscript/fileName/ScaleToFitImageManipulator.cs: cd6ee570deace06946ffc671ec295831 -> 
  custom:scripting/monoscript/fileName/ArtifactView.cs: e6dff61e81e44c66de92c558499f077c -> 
  custom:scripting/monoscript/fileName/EditorUtilities.cs: faf298ebc26898f35356b1db37ef3732 -> 
  custom:scripting/monoscript/fileName/FullscreenShaderGUI.cs: d11673d0d4301dc26198735b54de223f -> 
  custom:scripting/monoscript/fileName/AssetsSelection.cs: 35cec24e81f0cb1de51daeb356abc4ff -> 0227d7ff4d5687932d10967a945a9b06
  custom:scripting/monoscript/fileName/AssetDatabaseHelper.cs: 43463f09453d3f0c41559b0197fd0dfe -> 
  custom:scripting/monoscript/fileName/GenerativeAIBackend.cs: ac6ed99234c938631ce43eda87859379 -> 
  custom:scripting/monoscript/fileName/UVSlotControlView.cs: b9ed4c4c13cb7e7c02ee0083abd86c93 -> 
  custom:scripting/monoscript/fileName/UIFoldout.cs: bb8a6ce8394724e78f5b3ce98cb0378d -> 
  custom:scripting/monoscript/fileName/EnumPopupSetting.cs: 8f6297df34271fdb1ce2d9607ec6261d -> 90647cc400823b41df847a6cbfc29026
  custom:scripting/monoscript/fileName/TrainingControllerEvents.cs: 902560cb6eac21c951229ac4d7707866 -> 
  custom:scripting/monoscript/fileName/ColorExtensions.cs: 519a9f3b35a10731768ffce257aaf076 -> 
  custom:scripting/monoscript/fileName/PlasticConnectionMonitor.cs: 920e8e381bfc94da8bb69d336dda57ca -> 
  custom:scripting/monoscript/fileName/KeyframeUtility.cs: 247dc6655a1dfd92b42a93a2158a21ef -> 
  custom:scripting/monoscript/fileName/AppBar.cs: 2444fd3996cbb44de4154b405c03c165 -> 
  custom:scripting/monoscript/fileName/ClientWillBeDeprecatedNotificationView.cs: 1e5ebe946467f09fa23ceb469ef888b7 -> 
  custom:scripting/monoscript/fileName/MatrixPropertyDrawer.cs: deea491053a10bda5fadd0044e6ed036 -> 
  custom:scripting/monoscript/fileName/Generator.cs: fc3d646fb3064ab8b5cacce41a6daf7b -> 
  custom:scripting/monoscript/fileName/CustomColorData.cs: 2da80ff913237e90addff3989e95f467 -> 
  custom:scripting/monoscript/fileName/SampleOutputModelEvents.cs: 9b132c684e3ec5e82817675cdbc348a2 -> 
  custom:scripting/monoscript/fileName/HistoryListHeaderState.cs: 6226ef13a567fa81584864f8698be331 -> a87e0364d14866c369ad50d669bdfa85
  custom:scripting/precompiled-assembly-types:Unity.Muse.Common.Bridge: 82a8b03af785fd76db4f75dfa61014fb -> 
  custom:scripting/monoscript/fileName/DebugUIHandlerIndirectToggle.cs: 8dcae707d1551edf482f6d0f8ff79e5c -> 
  custom:scripting/monoscript/fileName/StyleTrainerData.cs: e0fdd649c39d78d2b85f04778d1a443f -> 
  custom:scripting/monoscript/fileName/PinchGestureEvent.cs: 19d6d72750686c986a5283120f34163e -> 
  custom:scripting/monoscript/fileName/ConstantBuffer.cs: d3d43752e65290ba663df673c4be3913 -> 
  custom:scripting/monoscript/fileName/CloudEditionWelcomeWindow.cs: c886fdb39f4b8787e6ea3701a8f88f4a -> b1721e471183956468462f6b64901640
  custom:scripting/monoscript/fileName/AssetsPath.cs: 367269acf8f676d2cdd30fdc387b3920 -> e0e986124adc46d913f0683c34b88c9f
  custom:scripting/monoscript/fileName/PolygonNode.cs: 48156b7d3233e99e0b8af689964ffe1f -> 
  custom:scripting/monoscript/fileName/GradientPropertyDrawer.cs: e14c0b6fc12aafda69de58f471522fad -> 
  custom:scripting/monoscript/fileName/Texture2DArrayAssetNode.cs: 0285426e91607f7191ea9167b1f908bd -> 
  custom:scripting/monoscript/fileName/MetaPath.cs: 1f80313a7ce6ec6ece505285578f5745 -> 417a84eb354831f828a6752b26c8592d
  custom:scripting/monoscript/fileName/BooleanShaderProperty.cs: 6b8fb255a8f36a782aea641701793369 -> 
  custom:scripting/precompiled-assembly-types:UnityEngine.UI: 3ad45a1e916064c3a90f88d370755674 -> f762135bac905e34e2b540c872c48817
  custom:scripting/monoscript/fileName/ObjectHelper.cs: 7d5e1a3338d2e0cbedc2f87b64ff3e88 -> 
  custom:scripting/monoscript/fileName/StencilDescriptor.cs: e973f5dea4bbc7f31e1a386ee957f512 -> 
  custom:scripting/monoscript/fileName/ExploreMuseDialog.cs: 98a684428f55dc61130cd5f42fe447d5 -> 
  custom:scripting/monoscript/fileName/Vector3Node.cs: b00e452ab4707aff87f5d4776964cff7 -> 
  custom:scripting/monoscript/fileName/CredentialsUIImpl.cs: 90e9c2de8d7bdd8424e0d89c415108ae -> dbacf67c37819fd95562fe169e706732
  custom:scripting/monoscript/fileName/ShaderInput0.cs: e13e20a5d5972b627f97800e147f8b5a -> 
  custom:scripting/monoscript/fileName/UsageProgressBar.cs: 6514959b449602e62eccd495c6c6fb82 -> 
  custom:scripting/monoscript/fileName/ChangesetsViewMenu.cs: b720f0168f4ce1b1e0d358a6d5ec9a42 -> 7d1a2de81910b5990e71a0bfff26fdca
  custom:scripting/monoscript/fileName/PbrMapGuids.cs: 8f9b632281fc1737f5ac0848c2c9b68b -> 
  custom:scripting/monoscript/fileName/StyleTrainDataUpgrader.cs: 2ade4e41984b6fdb607389c5b66fcec7 -> 
  custom:scripting/monoscript/fileName/DpiChangedEvent.cs: 8e8ced11450e3d346d0ab7d603bd68f5 -> 
  custom:scripting/monoscript/fileName/UnityPlasticGuiMessage.cs: 2a7f71f59c0d7dc731fd345a3713957c -> 24eef0792e3802809607a7f9d04b8f1d
  custom:scripting/monoscript/fileName/WhiteBalanceNode.cs: 8616b1655acb9d525648a72c7f39ba53 -> 
  custom:scripting/monoscript/fileName/OrganizationCredentials.cs: ee462057b3bd23cc3dab953ac4d656e2 -> 0b123406cadd651e9adc01c85fab5124
  custom:scripting/monoscript/fileName/SubGraphNode.cs: 3ff25cef27796bc17d40024f60ae6451 -> 
  custom:scripting/monoscript/fileName/DelegateUtility.cs: 4fdf31df40b6382f1066f27fa3570013 -> 
  custom:scripting/monoscript/fileName/TextureParameterDrawer.cs: 2c6b9120bbbf6a2067db0c6f6979447c -> 
  custom:scripting/monoscript/fileName/MonthPicker.cs: 9aaaf1b8c44d51413386bac0d2412da7 -> 
  custom:scripting/monoscript/fileName/Matrix4Node.cs: a82258b19e1b0221d8299445d0ee7844 -> 
  custom:scripting/monoscript/fileName/StartTrialDialog.cs: 3b36d012cd1e64951b5eb3cfd1a03f3d -> 
  custom:scripting/monoscript/fileName/StructDescriptor.cs: 8002089f11f8eaf1427a8da221c44f89 -> 
  custom:scripting/monoscript/fileName/RadialShearNode.cs: 0b065e7e3e008de5f98e68aa95f36132 -> 
  custom:scripting/monoscript/fileName/RenderStateDescriptor.cs: b2002ba6fdf731869c2d1d8f2cbbf29f -> 
  custom:scripting/monoscript/fileName/StatusBar.cs: 392933116703b8e69a96dc0b873bf6f1 -> 
  custom:scripting/monoscript/fileName/TrainingSetData.cs: c2af2ba7089d79471c48f8d72dace2ab -> 
  custom:scripting/monoscript/fileName/IsCurrent.cs: 16ae2475c9982c21b0dccb3cdf4b1a92 -> cf1fd01890d0fd9f011c1a1a491e2cf0
  custom:scripting/monoscript/fileName/MipSamplingModes.cs: 878af40352855f8a51dc2667c08c834d -> 
  custom:scripting/monoscript/fileName/IShaderInputObserver.cs: 7da39cbf2287b15594dba3bc2efa91f4 -> 
  custom:scripting/monoscript/fileName/Message.cs: d1210aeb3bd57a43a1de3a19f04ed05a -> 671a789acb2c7a93d0b620fe02979957
  custom:scripting/monoscript/fileName/Vector3PropertyDrawer.cs: 9fb0b95eca53257c44d1e01ad39f7b83 -> 
  custom:scripting/monoscript/fileName/Looper.cs: 915159db35a07551ac3cba81459d2466 -> 
  custom:scripting/monoscript/fileName/ScreenPositionNode.cs: 71ca3eca9774b7309dec647eb443f82a -> 
  custom:scripting/monoscript/fileName/JsonObject.cs: b4314edf02dda425962de25e5c3df291 -> 
  custom:scripting/monoscript/fileName/AndNode.cs: b9e72e1e5bf246b437a24909640ff4e3 -> 
  custom:scripting/monoscript/fileName/IOperator.cs: 9b04ce4f77a62eb6d6a5925d28e4beba -> 
  custom:scripting/monoscript/fileName/IsFrontFaceNode.cs: ba0df370b917e50a1b67c2a867d7f741 -> 
  custom:scripting/monoscript/fileName/IVariateArtifact.cs: c3e15bb5f9298ae3384a6190c26ae5ad -> 
  custom:scripting/monoscript/fileName/IGeneratesFunction.cs: 22f5a18d52ee5b6c7bc7cfc3d266233e -> 
  custom:scripting/monoscript/fileName/BitArray.cs: 7ab10b1ed638d56c325b24e1c3bddbd0 -> 
  custom:scripting/monoscript/fileName/CubemapShaderProperty.cs: 597c7494ec1bcda61a6debae07dde0f1 -> 
  custom:scripting/monoscript/fileName/RenderPipelineGlobalSettingsUI.Skin.cs: 9c646fac78d3537cf5088886d8ff1760 -> 
  custom:scripting/monoscript/fileName/DebugUI.Containers.cs: e227e0c3b20c11b20a20df6699525cc4 -> 
  custom:scripting/monoscript/fileName/ChangesetFromCollabCommitResponse.cs: b986ab8b1acd322b0367812e2d541734 -> ba336e4117e1b7ee28e4c17197bc3d0e
  custom:scripting/monoscript/fileName/MasonryGridView.cs: ea611698d2dc378efdd23c3b615aba47 -> 
  custom:scripting/monoscript/fileName/ShaderGraphPreferences.cs: 52a7826570dccfa4ba3effe67c1cf81b -> 
  custom:scripting/monoscript/fileName/IOperatorRemoveHandler.cs: 136ef01965341198b39062bfa854e982 -> 
  custom:scripting/monoscript/fileName/TextUtil.cs: ccc1520ab54b25b926169755159248d5 -> 
  custom:scripting/monoscript/fileName/ResultItemVisualElement.cs: b73ff7a51112d0fe575e12938b542cd9 -> 
  custom:scripting/monoscript/fileName/MoveToChangelistMenuBuilder.cs: 3a2ef8cb0baf69e5dadeafc731fe32a9 -> a90b3e388d3e1316fa104d4c9a03e2d1
  custom:scripting/monoscript/fileName/LoadingSpinner.cs: b3299af90b664a9f42123e7df43fae24 -> 6aff0ac022d117a8e24a7b5e4b11904c
  custom:scripting/monoscript/fileName/GuidEncoder.cs: fcb11fce9f3dbea698f6c386aff1b631 -> 
  custom:scripting/monoscript/fileName/ContrastNode.cs: b8bb5e9ab31994489bbc61c1eb1cc9d0 -> 
  custom:scripting/monoscript/fileName/ArctangentNode.cs: 6d30370a33d9eaffddef89583f5bfcd9 -> 
  custom:scripting/monoscript/fileName/StartTrialConfirmDialog.cs: 18dab87096fb021bd12c8f292640efe2 -> 
  custom:scripting/monoscript/fileName/ButtonControl.cs: 53e1f916a8c6b149dc54ed2ac3da8c66 -> 
  custom:scripting/monoscript/fileName/IconButton.cs: 5df8be1b3883d22a32fb2699c002edc1 -> 
  custom:scripting/monoscript/fileName/IGeneratesBodyCode.cs: 0af62faf4ce0dd20ee5768f8bc6cbaac -> 
  custom:scripting/monoscript/fileName/LocksTab.cs: 134c512484ae73354c15c06a6dc69f9f -> 00ffb5a39c16fdc2d733c7e53471a3a9
  custom:scripting/monoscript/fileName/WebRequest.cs: 1aea1b262a90298f2e76d60673b93fa6 -> 
  custom:scripting/monoscript/fileName/ShaderGeneratorAttributes.cs: c2af1f9bff4ba5992758ce570fc17e38 -> 
  custom:scripting/monoscript/fileName/BranchesTab.cs: 764cb17e9337c58ad4f5304b60b2042e -> 57c33f76c527a5aba4d269245ffff188
  custom:scripting/monoscript/fileName/XROcclusionMesh.cs: be152c3b740cdbda71143279f09d0770 -> 
  custom:scripting/monoscript/fileName/GradientUtil.cs: 2d193e7aecc7f5c5df34722d3e9762d4 -> 
  custom:scripting/monoscript/fileName/CameraUI.Rendering.Drawers.cs: 6b931c755be6b8c07068541044964215 -> 
  custom:scripting/monoscript/fileName/HelpLink.cs: f129aa05dc3840d5bd4f2e0d111189db -> 
  custom:scripting/monoscript/fileName/IPlatformImpl.cs: a61ff81c8b093d7b41d4fc2392dad3dc -> 
  custom:scripting/monoscript/fileName/IMayRequireDepthTexture.cs: e0b4c6956516a4f0ca4e5d5484a72510 -> 
  custom:scripting/monoscript/fileName/GuidResponse.cs: 5be8db9cc20f3629af0b82dde771c1d2 -> 
  custom:scripting/monoscript/fileName/ToolConfig.cs: 18b1ea271ce5e7b6deea7b4e8e175269 -> fcffc3165b047f54ed6ccafa4c8760dd
  custom:scripting/monoscript/fileName/DropDownTextField.cs: e66e7314096900597993d2b353757d8d -> c8fc484ce140049ff31ebc2c6cbebf28
  custom:scripting/monoscript/fileName/PlatformImpl.cs: 9089e4966a03064f736ffbc13a4733ed -> 
  custom:scripting/monoscript/fileName/IVariantStripper.cs: d096fce2ac2ee05d0c97d151be6b6545 -> 
  custom:scripting/monoscript/fileName/AsyncThunkActions.cs: 849ed7f5b11c9db237ef61b01c5a5104 -> 
  custom:scripting/monoscript/fileName/ContextFilterableAttribute.cs: a683c62b6a35b4833fc6ec72ce9d8822 -> 
  custom:scripting/monoscript/fileName/MasterPreviewView.cs: c1958831f69f394333df5e3759156c33 -> 
  custom:scripting/monoscript/fileName/AssetsProcessor.cs: 47679a6e15b70f4fef48eb1b2df31b19 -> 18737889e95cd4088e8dfd4153fa8f40
  custom:scripting/monoscript/fileName/DrawActionButton.cs: d847a7d82ac92cab2b3d0ae268cefb3d -> 81e6708d2b8fa199354e53f85db731a8
  custom:scripting/monoscript/fileName/Dialog.cs: 18d078c6088fdb692ba78a24b915ccce -> 
  custom:scripting/monoscript/fileName/TableViewOperations.cs: ddc7b903e0dbd6bd109f2bd709b95f0e -> bef3a31deb1fe794a90f767d16e4c868
  custom:scripting/monoscript/fileName/ShaderStringBuilder.cs: a11ca0962f8dc6bd0b7351893a7e19ea -> 
  custom:scripting/monoscript/fileName/StyleModelListUIEvents.cs: 666f2cc511354e5edf86b47378d81520 -> 
  custom:scripting/monoscript/fileName/TruncateNode.cs: 0bf7ec3659f8ef070ad79bcd8dd061b1 -> 
  custom:scripting/monoscript/fileName/VolumeProfile.cs: 1ee7daf15c79be99b2ebc7f8d7593563 -> 
  custom:scripting/monoscript/fileName/Texture2DAssetNode.cs: dcf583e87f2543c7262e1220f686d233 -> 
  custom:scripting/monoscript/fileName/ChatIntegration.cs: 1c49ab4aeb0d91c549864549eeccaaa6 -> 
  custom:scripting/monoscript/fileName/ProbeGIBaking.cs: 791688496f53f4da9a76954e53be2b39 -> 
  custom:scripting/monoscript/fileName/UpdateProgress.cs: 5b04f01bf199310f09ab9522f89c78f4 -> 281e1e05168d6a30be1d8d2f6200bef8
  custom:scripting/monoscript/fileName/SpriteUnlitMasterNode1.cs: 6be95751975c7c45d123cc1d8915dc38 -> 
  custom:scripting/monoscript/fileName/UploadRequest.cs: a3dbf5ca3711af7c505431d4bc64a0bd -> 
  custom:scripting/monoscript/fileName/Canvas.cs: b8913cab730642ef22de5a0992bc58fe -> 
  custom:scripting/monoscript/fileName/OrganizationsInformation.cs: b3f0758c6655b2dad1161792812992fa -> 5f067ea8d90fc79055a3dcfd58ae6dca
  custom:scripting/monoscript/fileName/DrawerHeader.cs: 427f8f7355e5c69390f24fcdb74683bc -> 
  custom:scripting/monoscript/fileName/SubscriptionStatus.cs: f7b8b943b9a621e4b4bced1268f977d4 -> 
  custom:scripting/monoscript/fileName/SmoothstepNode.cs: 1371c214b586d64bec3c03c7fc26ae8c -> 
  custom:scripting/monoscript/fileName/SubscriptionDetailsResponse.cs: e10e0299ef716630c63b8cf5f792cda0 -> e5121cec860a6d1097cc809217b3d8fe
  custom:scripting/monoscript/fileName/GradientNode.cs: 54c8cc6b89bd7398a89734fa847640cf -> 
  custom:scripting/monoscript/fileName/LookDevRenderer.cs: e57e369b9f9bdc07ec99474398994f63 -> 
  custom:scripting/monoscript/fileName/PooledList.cs: 90647cc400823b41df847a6cbfc29026 -> 
  custom:scripting/monoscript/fileName/AppUI.cs: f191114e0ff3798f47ba09a85570a853 -> 
  custom:scripting/monoscript/fileName/MuseToggle.cs: f8b63e775d46c77401a90cc998e34bb5 -> 
  custom:scripting/monoscript/fileName/LensFlareComponentSRP.cs: ade795e8cbbc506fbf2ab30c63d1738f -> 
  custom:scripting/monoscript/fileName/SampleOutputPromptInput.cs: c58a648a7a267eee2f3756d7ef0e063e -> 
  custom:scripting/monoscript/fileName/ICoreRenderPipelinePreferencesProvider.cs: 28e38694e52838c88e002871f82edfbe -> 
  custom:scripting/monoscript/fileName/PassDescriptor.cs: 43652b5369a55c2852035e6828fb1318 -> 
  custom:scripting/monoscript/fileName/FreeCamera.cs: d6ae5c15faf18e64a39fcc5430b6204d -> 
  custom:scripting/monoscript/fileName/DrawProgressForDialogs.cs: 5f8d39e3ea7c4a42148c6b1a7b4ca061 -> a5f2abd8875e7a6afbc171fabfbae81f
  custom:scripting/monoscript/fileName/ISerializedLight.cs: 7101cc4f757ed6bec635fe3601811617 -> 
  custom:scripting/monoscript/fileName/RenderGraphBuilder.cs: a7921dee2b57034479b5a7b9bbd5059b -> 
  custom:scripting/monoscript/fileName/ToolbarButton.cs: 47dc767626bbd94d66707af31ddc5eb6 -> 
  custom:scripting/monoscript/fileName/ConstantNode.cs: e387b0da9b0205380637701f5e02f68b -> 
  custom:scripting/monoscript/fileName/CreateCustomRenderTextureShaderGraph.cs: aba0edd374269c3b2350b22a3b856ec4 -> 
  custom:scripting/monoscript/fileName/HableCurve.cs: 0737dbcc090169dd4b4d7b5443698830 -> 
  custom:scripting/monoscript/fileName/VolumeProfileEditor.cs: e31778f800440db7a42833bea8e8e35f -> 
  custom:scripting/monoscript/fileName/ProbeIndexOfIndices.cs: 861c90ec7458fcf35ccebbebd3bddb16 -> 
  custom:scripting/monoscript/fileName/ScopeToolbar.cs: 7b41dab106d01f94fe256f0bd62a8942 -> 
  custom:scripting/monoscript/fileName/UIUtilities.cs: fadb5e43621b3d28f3b361620aa44589 -> 
  custom:scripting/monoscript/fileName/ProbeVolumeAssetEditor.cs: 543ebe249e30531048b505ff50d2af6d -> 
  custom:scripting/monoscript/fileName/LinearBlendSkinningNode.cs: ef680f55228935cbde4fa2a1305fa7cb -> 
  custom:scripting/monoscript/fileName/ProjectViewAssetSelection.cs: 349dc288d32791de51156d4e59000b7b -> 2560eadaf6a13a74a46a4a207cd5a8b6
  custom:scripting/monoscript/fileName/DrawTreeViewItem.cs: cceebc4f1185658619e40964f29acb08 -> 0921a62a588ab864253743d1f07afb5a
  custom:scripting/monoscript/fileName/Accordion.cs: 14e96b9b51569ae54c02f27ad123c324 -> 
  custom:scripting/monoscript/fileName/SampleOutputListRowItem.cs: 477a0754f73bd94b9d2a42bbad195c94 -> 
  custom:scripting/precompiled-assembly-types:Unity.Muse.Sprite.Editor: 18850fce54411d534264b9847f78b6bd -> 
  custom:scripting/monoscript/fileName/BranchNode.cs: 5b959cce4f0eff698cd2480a6646afe2 -> 
  custom:scripting/monoscript/fileName/MatrixSplitNode.cs: 79d8d64c073e2bb15ba8788f547d5e93 -> 
  custom:scripting/monoscript/fileName/CheckPointModelEvents.cs: e582c502b168ca50e2c6f242d610edc8 -> 
  custom:scripting/monoscript/fileName/RoundedPolygonNode.cs: 0dc0a55cce2a272a8c9856a50419d8e4 -> 
  custom:scripting/monoscript/fileName/DrawSceneOperations.cs: 2426c0c2ee58cd28be59874f6425940c -> d87f46f9fb97181a2f51490ea2e1efc3
  custom:scripting/monoscript/fileName/DoubleField.cs: ae010ba096f6f53b28be4143cb245d9b -> 
  custom:scripting/monoscript/fileName/GenerateBatchPbrMapRequest.cs: 27c62de457365f4ef0fabd6c02d2f9ed -> 
  custom:scripting/monoscript/fileName/PassCollection.cs: c2b134f05208ef2dbf196da67f9df956 -> 
  custom:scripting/monoscript/fileName/Arctangent2Node.cs: bfc6b7d8f0ec544e505e9d274264c4a0 -> 
  custom:scripting/monoscript/fileName/HyperbolicSineNode.cs: b2ef74bc7c0131a47aa882ce296debed -> 
  custom:scripting/monoscript/fileName/INativePluginImpl.cs: a7128a155395ec76c2bb1def5bd0883d -> 
  custom:scripting/monoscript/fileName/ViewVectorNode.cs: 373a26c978e7b058502b53bc31012801 -> 
  custom:scripting/monoscript/fileName/GroupData0.cs: 189a38c898c88224fb09c84cbece3ebd -> 
  custom:scripting/monoscript/fileName/SliderFloat.cs: 988f413fb672c6baac2a3b13e4c5ca56 -> 
  custom:audio-encoder-webm-vorbis: bf7c407c2cedff20999df2af8eb42d56 -> 
  custom:scripting/monoscript/fileName/MaterialHeaderScope.cs: 66fa6ce34f46c534702dd8e972146598 -> 
  custom:scripting/monoscript/fileName/CameraState.cs: 784b031cde26e82771e0f45b6a811817 -> 
  custom:scripting/monoscript/fileName/MuseProjectSettingsProvider.cs: adc5faba3d16cd48d8100cc785f3484f -> 
  custom:scripting/monoscript/fileName/ImageArtifactDragAndDropHandler.cs: 771be7c1e60de1110cd0fa9ace37d214 -> 
  custom:scripting/monoscript/fileName/GradientInputMaterialSlot.cs: 20f3f7097efed20cdd57a6e7771b1c88 -> 
  custom:scripting/monoscript/fileName/EditorTexturePreferencesView.cs: 6ccc803b7cb815dbe43bb0dc403ab579 -> 
  custom:scripting/monoscript/fileName/DrawActionHelpBox.cs: dcd6ec2e7fb1b44f22c4a79ff87b70cd -> c8f6be9dab1e6f8d71e0c63c29679186
  custom:scripting/monoscript/fileName/StyleTrainerMainUIEvents.cs: 2ddedc91683cda23ca47559148214b2f -> 
  custom:scripting/precompiled-assembly-types:Unity.Muse.AppUI: bd4dcb66d22fbaef6bf4576a74f00e47 -> 
  custom:scripting/monoscript/fileName/DebugFrameTiming.cs: 14137f4640ecd850c2fe21d8a7aed25b -> 
  custom:scripting/monoscript/fileName/GraphDataReadOnly.cs: abb883a327bc322bca2389669bd467bc -> 
  custom:scripting/monoscript/fileName/AssetReimportUtils.cs: 61d74a1c5692b83e957fb1d6d69d3ea3 -> 
  custom:scripting/monoscript/fileName/XRPass.cs: 553d036f47ef008d650ece03db9f601c -> 
  custom:scripting/monoscript/fileName/TooltipManipulator.cs: baba84e5d8f701357722616ca28d97e1 -> 
  custom:scripting/monoscript/fileName/PendingChangesMultiColumnHeader.cs: 21802cc6929e0e180fb4f0be8e34d9d0 -> 722de7d6e07a79981d750438e6febb8f
  custom:scripting/monoscript/fileName/EditorDispatcher.cs: c739e073a8c38dbcf59192f45d1004c5 -> 3c402eae57d73cc54863f3f6a13096ae
  custom:scripting/monoscript/fileName/RoundNode.cs: 9696f40a4fa953c72b630e73f3c0758e -> 
  custom:scripting/monoscript/fileName/Slice.cs: a37434889dc04967db93d1ed3e73617f -> 
  custom:scripting/monoscript/fileName/SpriteRefinerArtifact.cs: de1e0d2b6f716431300cd142ac1d4ae1 -> 
  custom:scripting/monoscript/fileName/SGBlackboardRow.cs: 5edce3efa64fd95f51b9abdb7933298a -> 
  custom:scripting/monoscript/fileName/InspectorCurveEditor.cs: 111b41469bef3e2d749784ca794ac0e3 -> 
  custom:scripting/precompiled-assembly-types:Unity.Muse.AppUI.MVVM: 3662711f92bf443a24341de702f995c3 -> 
  custom:scripting/monoscript/fileName/Matrix3Node.cs: cda4b5973c5d501f67a0cbefbe5f1b9b -> 
  custom:scripting/monoscript/fileName/ProbeVolume.cs: c5dff5f16b984bc7f85121a44a60e634 -> 
  custom:scripting/monoscript/fileName/FocusControllerExtensionsBridge.cs: fc4e2e6e8f71893dbd627771fa59c58b -> 
  custom:scripting/monoscript/fileName/TabbedView.cs: 21cbb913550d6e8898b59fc86e952bbb -> 
  custom:scripting/monoscript/fileName/PropertyConnectionStateMaterialSlot.cs: d41f62bb31a0a2883e1949419fd21ac2 -> 
  custom:scripting/monoscript/fileName/BoolParameterDrawer.cs: acd73defd122ce58edf7564d9e0a0d58 -> 
  custom:scripting/monoscript/fileName/PropertySheet.cs: daa097da65d50b1a41a056843fe03e3d -> 
  custom:scripting/monoscript/fileName/SplitView.cs: 65834cd80a871ab60a22ce6baa1263d6 -> 
  custom:scripting/monoscript/fileName/IContext.cs: 0e12262b60265590e44501bb4804e715 -> 
  custom:scripting/monoscript/fileName/IIncomingChangesTab.cs: 363f9daba453e316e730238a80857251 -> 40644cd18074db84684b9e437bf8fa77
  custom:scripting/monoscript/fileName/FilterWindow.cs: 394ded6255167029db306bfb96e85826 -> 
  custom:scripting/monoscript/fileName/GenerateBlocksAttribute.cs: 35348fb252a1322b15ff1df4b4b1cc80 -> 
  custom:scripting/monoscript/fileName/ProjectorEditor.cs: cf0713c43328a5e7ab4efefb5790c521 -> 
  custom:scripting/monoscript/fileName/GraphSetup.cs: e2f79c65340ccfe3db9c0a87b99dbfce -> 
  custom:scripting/monoscript/fileName/AccessToolbar.cs: d76433715fc9e4492574e56a5620d16a -> 
  custom:scripting/monoscript/fileName/IConditional.cs: 4e50a2a99eb7a5d34fde21d14b736b06 -> 
  custom:scripting/monoscript/fileName/WorldSpaceUIDocument.cs: ed3ca4a6c9a01a95a1c8a3c30aeecb54 -> 
  custom:scripting/monoscript/fileName/ImageVariationBase64Request.cs: 630306dcee421f5b5d27be1b83e5c48b -> 
  custom:scripting/monoscript/fileName/ProjectionNode.cs: 0ea3cbf8c98f68bd87545d4f6828ebac -> 
  custom:scripting/monoscript/fileName/MaterialGraphView.cs: 771fa79ddcf5fe535a013bc875c7503e -> 
  custom:scripting/monoscript/fileName/BackendUtilities.cs: e8ac3f5b0a3ab21aad72fde71c76071a -> 
  custom:scripting/monoscript/fileName/MuseEnvironment.cs: d751f2c1066ef9967221fce4cac8a56f -> 
  custom:scripting/monoscript/fileName/NormalMaterialSlot.cs: 6a4368c9c8af8b8340a70744e314e130 -> 
  custom:scripting/monoscript/fileName/CameraSwitcher.cs: 5294375be82a1ad31289f79614bdae50 -> 
  custom:scripting/monoscript/fileName/TransformNodePropertyDrawer.cs: bf508639824b499fdde32bcffe909e1b -> 
  custom:scripting/monoscript/fileName/ReflectionNode.cs: ef2347449bea0876b8d868eb1d64f0e0 -> 
  custom:scripting/monoscript/fileName/SampleTexture2DNodePropertyDrawer.cs: cbd7b51ebaf6222695c4bb21a810ee62 -> 
  custom:scripting/monoscript/fileName/GetChangesOverlayIcon.cs: f00e4b795697c6cf3092760f3b6fc49d -> d599d6efdee28305661bc0cf6683858a
  custom:scripting/monoscript/fileName/DefaultCloudContext.cs: 416844ef362ba0823c0560aa9458a7cf -> 
  custom:scripting/monoscript/fileName/SignNode.cs: 9000aa9a27372bf780a63bfbbff2dbc4 -> 
  custom:scripting/monoscript/fileName/BaseDatePickerPane.cs: a13419de5f4474d7945ce32dadcc6d38 -> 
  custom:scripting/monoscript/fileName/RenderGraph.cs: 07bc306a3f12e8105847b45c9bc2945c -> 
  custom:scripting/monoscript/fileName/IShaderNodeView.cs: 69473c6670425360b28eb2f96c3f2b49 -> 
  custom:scripting/monoscript/fileName/MaterialPostprocessor.cs: 1ae7ca6750127547c9ce48f586967a02 -> 
  custom:scripting/monoscript/fileName/NodesList.cs: 3d1883d4c52ef0f8973d4bbb427af96f -> 
  custom:scripting/monoscript/fileName/Matrix4MaterialSlot.cs: 392f78d12e76a93bc995cbc4c8bf78b6 -> 
  custom:scripting/monoscript/fileName/WindowDraggable.cs: 1577d60c7ac2d71df44db19be500a77f -> 
  custom:scripting/monoscript/fileName/SceneColorNode.cs: b4b2b8c5d722ccc7b072dc118597b37d -> 
  custom:scripting/monoscript/fileName/ItemRequest.cs: 85f70ba26e0a94bcd47eff0476b6788f -> 
  custom:scripting/monoscript/fileName/SubTargetFilterAttribute.cs: fc4c19d560ec6623c56d9f232bc4720a -> 
  custom:scripting/monoscript/fileName/SampleOutputView.cs: f6d9f0a7e6b9d253642aa9b11caa6a48 -> 
  custom:scripting/monoscript/fileName/IConditionalExtensions.cs: faa6091fd15f1669223db7df3e319230 -> 
  custom:scripting/monoscript/fileName/SpaceTransformUtil.cs: ae79428184fe5bc8c5d6fe1fa839a1e6 -> 
  custom:scripting/monoscript/fileName/OperatorData.cs: c7de3dd9e64e8ccf7594b5949bb9a476 -> 
  custom:scripting/monoscript/fileName/WebImage.cs: cb22109d41e4a8ce320905c20f5ec71a -> 
  custom:scripting/monoscript/fileName/VolumeStack.cs: 5e9458a733eab2b2ffb9f5f047a8072b -> 
  custom:scripting/monoscript/fileName/Texture3DMaterialSlot.cs: 94d951e1822ac26c95b1bb375c96eba7 -> 
  custom:scripting/monoscript/fileName/IDependencyInjectionListener.cs: 201125a4796b980bf72cd49af13b909f -> 
  custom:scripting/monoscript/fileName/TrainingRoundsRowView.cs: 60086fea0fa8abfeef1807f852bf47f2 -> 
  custom:scripting/monoscript/fileName/ReferenceOperatorView.cs: 570ca0cf3cb7006869f772dd986c4920 -> 
  custom:scripting/monoscript/fileName/PropertyRow.cs: 96dfe3ec98b9dd304aa0d3bdae367fe0 -> 
  custom:scripting/monoscript/fileName/DebugShapes.cs: 0f5f0c5e63940ca68133e9442ede7868 -> 
  custom:scripting/monoscript/fileName/TriplanarNodePropertyDrawer.cs: eaf4a28ea5312f5389890a56ba374b8d -> 
  custom:scripting/monoscript/fileName/ChangesetsListView.cs: caae0aefb36c869f50691482a5cd0944 -> 87b74e0d80cf59010f55e2baaeb6679d
  custom:scripting/monoscript/fileName/SpaceMaterialSlot.cs: 9ba8c567ecab86cd82cb19462d0aec02 -> 
  custom:scripting/monoscript/fileName/UpdateReportListView.cs: 2d8fccdaad50bbd7454b52cf9cb4a0f9 -> 08d26df1ab6c3a7628addc5e54e50b08
  custom:scripting/monoscript/fileName/ServiceProviderExtensions.cs: 181ddc8418c2166ef39f3425999b66c6 -> 
  custom:scripting/monoscript/fileName/BlinkingCursor.cs: 573593f7038035cd7b9e36e3279158b2 -> 
  custom:scripting/monoscript/fileName/UnityConfigurationChecker.cs: 59a8f0715a7c89a752351bf42f94abbd -> 874cd65cce0384fef4b60e71fb08a429
  custom:scripting/monoscript/fileName/ParallaxOcclusionMappingNode.cs: 99947bebe52565962d835ba396569801 -> 
  custom:scripting/monoscript/fileName/SearcherDatabase.cs: f1858298b23b41d91d05b2b3651430a9 -> 
  custom:scripting/monoscript/fileName/SampleOutputListView.cs: 959b6c3fb6bc8087fc855e19f4c76384 -> 
  custom:scripting/monoscript/fileName/GenerationSettings.cs: 0f4e25473d1bde7002c3b0f10c662371 -> 
  custom:scripting/monoscript/fileName/Startup.cs: 5e391bbb5bac6182cfc7e2371e719c6f -> 
  custom:scripting/monoscript/fileName/ShortcutManipulator.cs: b3112c053521af4142e280a1a9de6c00 -> 
  custom:scripting/monoscript/fileName/LabelSlotControlView.cs: 26bff1d034d12a150d9512c9ea23ecb3 -> 
  custom:scripting/monoscript/fileName/DebugDisplaySettingsPanel.cs: 81452a7368e5d53775d65dc861a5f366 -> 
  custom:scripting/monoscript/fileName/IHasDependencies.cs: 2e592e665f7c2e293020dfb486c69c91 -> 
  custom:scripting/monoscript/fileName/BuildTargetExtensions.cs: 73f979b3a1cded2762cbf0a57db08392 -> 
  custom:scripting/monoscript/fileName/XRSystem.cs: 031f7a341f0e136e7c1c2cae13431776 -> 
  custom:scripting/monoscript/fileName/SphericalHarmonics.cs: 567449079ef1753d42e266c142e6290e -> 
  custom:scripting/monoscript/fileName/SessionStatus.cs: 3feb95a64eb5ae609f1bc2ada4f0809c -> 
  custom:scripting/monoscript/fileName/DllImport.cs: 10aaf8a0f8fc8aaa68cd76b3eb5edd89 -> 
  custom:scripting/monoscript/fileName/PowerOfTwoTextureAtlas.cs: 3ba3e20165127fdc5a5ebaa35e474158 -> 
  custom:scripting/monoscript/fileName/IResizable.cs: 05d612a8dce15630b03d72caed5a235a -> 
  custom:scripting/monoscript/fileName/CameraNode.cs: 4e1a40bcfba783289ce302b19a1348e9 -> 
  custom:scripting/monoscript/fileName/ActionGroup.cs: 5bb2ae4c270e0409d6affc89662d23d2 -> 
  custom:scripting/monoscript/fileName/FadeTransitionNode.cs: 512f24e9d2e7216e6a1bab7d2ceb394a -> 
  custom:scripting/monoscript/fileName/KernelDescriptor.cs: 2b38f73a6b6e2e0d6f8a466ad180e617 -> 
  custom:scripting/monoscript/fileName/HelpBoxRow.cs: ac3dd045047d71c0d1948786aa66dcab -> 
  custom:scripting/monoscript/fileName/CheckWorkspaceTreeNodeStatus.cs: 5e11ff64963669981115eb58dc2b6e8b -> 1e1255b803bf7cbc935bb804bf0dbe7b
  custom:scripting/monoscript/fileName/GradientShaderProperty.cs: f459e1fe50f57d259c913c4c6d08ea96 -> 
  custom:scripting/monoscript/fileName/GroupData.cs: 8c22d0ad32b60c28031765a445f063f1 -> 
  custom:scripting/monoscript/fileName/NetworkState.cs: 9fc08c048703ba2887fd1efeef6d3132 -> 
  custom:scripting/monoscript/fileName/CosineNode.cs: 14c244f3c8cd183f99f8c6669c623a18 -> 
  custom:scripting/monoscript/fileName/ColorSlider.cs: e3f9e81574bf9729e9b438dcf9550cca -> 
  custom:scripting/monoscript/fileName/Swap.Extensions.cs: 52877fcefb9a253c373b7035499c43d9 -> 
  custom:scripting/monoscript/fileName/ShaderInput.cs: 4f7adcb1cbe41f826ca50982e9371bf8 -> 
  custom:scripting/monoscript/fileName/FieldExtensions.cs: cc02cc1ad7dfe44eaaebc080e1c53be0 -> 
  custom:scripting/monoscript/fileName/PlasticPlugin.cs: a57c142b98ca3d4daad221737fd72924 -> c64561980f26020cc3206ae8b1047268
  custom:scripting/monoscript/fileName/ErrorBalanceNotificationView.cs: 04f0b540e44dcd6dd10747e5abd019d1 -> 
  custom:scripting/monoscript/fileName/IMayRequireTransform.cs: 3c364437c039aa52dea646d284de3406 -> 
  custom:scripting/monoscript/fileName/CheckPointStatusCheckTask.cs: 98457aaf1d6dc2d058b14fb974594bc2 -> 
  custom:scripting/monoscript/fileName/SwitchModeConfirmationDialog.cs: 4d9c02587760213784bfe53d012122b4 -> 30cd71d0b3ee4b2689cde689908d301e
  custom:scripting/monoscript/fileName/ProbeReferenceVolumeProfileEditor.cs: 20670612b1fe4329932626dfca1cbf02 -> 
  custom:scripting/monoscript/fileName/ModesFactory.cs: 33e5e899123a13462a375878c324b4ee -> 
  custom:scripting/monoscript/fileName/ShaderInputViewModel.cs: 5eb8ea4f5983046b28916c51618875c7 -> 
  custom:scripting/monoscript/fileName/IHasMetaData.cs: 82d527f7f039465047891ddb3dfcdac6 -> 
  custom:scripting/monoscript/fileName/SampleOutputVersionFoldoutHeader.cs: 60e58216af5ff88b57c5f80737f80a0c -> 
  custom:scripting/monoscript/fileName/StyleModelEvents.cs: f2f8ddeca113b8612b4ec2a15cfd04d4 -> 
  custom:scripting/monoscript/fileName/AbstractMaterialNodePropertyDrawer.cs: 862ed4cd28cd10f07f426a79e61cfb43 -> 
  custom:scripting/monoscript/fileName/StyleTrainerMainUI.cs: f00d2b304976b284e1037b613918f05c -> 
  custom:scripting/monoscript/fileName/PreviewTarget.cs: a871fe751a54066803bfdc5cdd6870ac -> 
  custom:scripting/monoscript/fileName/BlackboardController.cs: 08d74724e9011d41732145368975ca41 -> 
  custom:scripting/monoscript/fileName/ArtifactFactory.cs: 201974c8330e6eca32a39d899f25438a -> 
  custom:scripting/monoscript/fileName/PlasticWindow.cs: fc467478941f610919bc69526ba2c215 -> 
  custom:scripting/monoscript/fileName/Scheduler.cs: 089a1d43a1f159126fd34be59aca57af -> 
  custom:scripting/monoscript/fileName/RenderGraphResourceTexture.cs: 069cc96b96362cbab38b7218f47418ec -> 
  custom:scripting/monoscript/fileName/VolumeComponent.cs: 0ce2900bf4b52691e991c42d8d280291 -> 
  custom:scripting/monoscript/fileName/ShaderExtensions.cs: 8ca5e42f059dce2fbf1279aaabb6fa21 -> 
  custom:scripting/monoscript/fileName/TouchExtensions.cs: c1416c990c744b80e90d0fb99e92086e -> 
  custom:scripting/monoscript/fileName/TargetFieldContext.cs: d1b92d3b8700b4acda095bf4f0d1007f -> 
  custom:scripting/monoscript/fileName/ContextProvider.cs: 4d401836255ef34e8e64ae053ec7c83d -> 
  custom:scripting/monoscript/fileName/ValueAnimationExtensionsBridge.cs: 43197bc312208002168bdbf17a63c359 -> 
  custom:scripting/monoscript/fileName/LerpNode.cs: 312baeb197d96c9081690f53d1a3b741 -> 
  custom:scripting/monoscript/fileName/AnyNode.cs: 701ceaf8f6d9337d62e6b3580966f070 -> 
  custom:scripting/monoscript/fileName/RedirectNodeData.cs: bedeee0585221a7082317d3c7e3300ab -> 
  custom:scripting/monoscript/fileName/LinearProgress.cs: 688a622a9c86d62c5e3be2a82890e515 -> 
  custom:scripting/monoscript/fileName/Texture2DPropertyDrawer.cs: 469ed647fed6671a9a3fb159ab846d6b -> 
  custom:scripting/monoscript/fileName/BranchesViewMenu.cs: 8089f11c30784e2e57775dd6cdbae898 -> 7bfc83e917c9b0b5aa423bb947ce2a38
  custom:scripting/monoscript/fileName/ShaderPort.cs: 7fd97939fdacfa0dce24311842c128e4 -> 
  custom:scripting/monoscript/fileName/SwizzleNode.cs: 0e49bc46c0e0dc74105cc17ceb9385a4 -> 
  custom:scripting/monoscript/fileName/CooldownWindowDelayer.cs: 7816cfcad485500dbac9993c4502ea69 -> 4c95e39c8dd4cfa1bca106097fdb6524
  custom:scripting/monoscript/fileName/AppUIServiceCollection.cs: 35f30e737e439af598b307401685afa8 -> 
  custom:scripting/monoscript/fileName/SubGraphOutputNodePropertyDrawer.cs: c56abda1dfd35d08003f2240cdfd9b71 -> 
  custom:scripting/monoscript/fileName/FeedbackData.cs: 4df9f0e8a21753f38b7f4356e8e37876 -> 
  custom:scripting/monoscript/fileName/CameraUI.PhysicalCamera.Drawers.cs: 6b931c755be6b8c07068541044964215 -> 
  custom:scripting/monoscript/fileName/ContextMenu.cs: e2c7b7b423c26a57d717ef67fb421288 -> 
  custom:scripting/monoscript/fileName/CubemapControl.cs: 26f309ff8e67c3b325e17b2e7d59b672 -> 
  custom:scripting/monoscript/fileName/ContextData.cs: cda81a75adde05be9bd72a34135ddcaf -> 
  custom:scripting/monoscript/fileName/GetInstallerTmpFileName.cs: fa7bda723ac795b48e38504727f44981 -> d09e0b5c7a9af5874530e17ef23025f0
  custom:scripting/monoscript/fileName/SineNode.cs: cc4e20e12031d35c791423d6b5e5e10d -> 
  custom:scripting/monoscript/fileName/SeedField.cs: 6863a7c9c14e97f9f71e5f4b4718cf66 -> 
  custom:scripting/monoscript/fileName/AssetCollection.cs: 7e9bf8be86d430f3f90eb9bba7ad3610 -> 
  custom:scripting/monoscript/fileName/GizmoUtility.cs: 3cf94f2ee011511320f879526818cda8 -> 
  custom:scripting/monoscript/fileName/IESImporterEditor.cs: 037f41a55e036e8e490e2357616d3a77 -> 
  custom:scripting/monoscript/fileName/SearcherControl.cs: 2648808b3a1c50581e7676a3206767bb -> 
  custom:scripting/monoscript/fileName/PropertyDrawerUtils.cs: 03d00631ebf238fcb08a1edbdf63b6f1 -> 
  custom:scripting/monoscript/fileName/EnumNameAttribute.cs: 29d9ed4e48f0b3f20b370570786e77b8 -> 
  custom:scripting/monoscript/fileName/AssetModificationProcessor.cs: a602c9e59e7db185e3a0d68d986e6fef -> 
  custom:scripting/monoscript/fileName/Checkbox.cs: 52421b048f15933a7f5edf680badfdba -> 
  custom:scripting/monoscript/fileName/IsCollabProjectMigratedResponse.cs: 4c3294c6a51e6f42161d191230692016 -> af2b76c693935deee55cfcaed2aa7568
  custom:scripting/monoscript/fileName/TransformNode.cs: 3ecc9e3d33116d0323a94d1a46363e3e -> 
  custom:scripting/monoscript/fileName/IVirtualTexturingEnabledRenderPipeline.cs: 01a21c9f6f3a6c9b712923d774149c96 -> 
  custom:scripting/monoscript/fileName/RenderGraphObjectPool.cs: 75f237f51bbb7ae695a48fa2a2e7243a -> 
  custom:scripting/monoscript/fileName/AppUITouch.cs: 7f53bd5a7be3cb8cfd39edbdbfc31175 -> 
  custom:scripting/monoscript/fileName/BaseGridView.cs: 4142e54b21ce49783fcc3b3160e60a4d -> 
  custom:scripting/monoscript/fileName/LightAnchorEditorTool.cs: 0d16106f8077c9e8dce7c4771de6c236 -> 
  custom:scripting/monoscript/fileName/Volume.cs: e8d925cbced64cec55671387d27765ba -> 
  custom:scripting/monoscript/fileName/RectIntField.cs: ed12a22187f0d3bd91675ace7e9e810e -> 
  custom:scripting/monoscript/fileName/StyleModelInfo.cs: 3db001b275b858d5330ab38954456eb8 -> 
========================================================================
Received Prepare
Caller must complete domain reload
Begin MonoManager ReloadAssembly
- Loaded All Assemblies, in  0.626 seconds
Native extension for WindowsStandalone target not found
Native extension for iOS target not found
Native extension for Android target not found
Native extension for WebGL target not found
Mono: successfully reloaded assembly
- Finished resetting the current domain, in  1.656 seconds
Domain Reload Profiling: 2278ms
	BeginReloadAssembly (185ms)
		ExecutionOrderSort (0ms)
		DisableScriptedObjects (4ms)
		BackupInstance (0ms)
		ReleaseScriptingObjects (0ms)
		CreateAndSetChildDomain (48ms)
	RebuildCommonClasses (46ms)
	RebuildNativeTypeToScriptingClass (12ms)
	initialDomainReloadingComplete (37ms)
	LoadAllAssembliesAndSetupDomain (342ms)
		LoadAssemblies (401ms)
		RebuildTransferFunctionScriptingTraits (0ms)
		AnalyzeDomain (38ms)
			TypeCache.Refresh (15ms)
				TypeCache.ScanAssembly (4ms)
			ScanForSourceGeneratedMonoScriptInfo (15ms)
			ResolveRequiredComponents (7ms)
	FinalizeReload (1657ms)
		ReleaseScriptCaches (0ms)
		RebuildScriptCaches (0ms)
		SetupLoadedEditorAssemblies (586ms)
			LogAssemblyErrors (0ms)
			InitializePlatformSupportModulesInManaged (30ms)
			SetLoadedEditorAssemblies (3ms)
			RefreshPlugins (0ms)
			BeforeProcessingInitializeOnLoad (82ms)
			ProcessInitializeOnLoadAttributes (369ms)
			ProcessInitializeOnLoadMethodAttributes (95ms)
			AfterProcessingInitializeOnLoad (7ms)
			EditorAssembliesLoaded (0ms)
		ExecutionOrderSort2 (0ms)
		AwakeInstancesAfterBackupRestoration (51ms)
Refreshing native plugins compatible for Editor in 12.61 ms, found 6 plugins.
Preloading 1 native plugins for Editor in 0.19 ms.
Unloading 5284 Unused Serialized files (Serialized files now loaded: 0)
Unloading 50 unused Assets / (1.8 MB). Loaded Objects now: 5754.
Memory consumption went from 177.1 MB to 175.3 MB.
Total: 5.009900 ms (FindLiveObjects: 0.315000 ms CreateObjectMapping: 0.184100 ms MarkObjects: 3.792800 ms  DeleteObjects: 0.717000 ms)

Prepare: number of updated asset objects reloaded= 0
AssetImportParameters requested are different than current active one (requested -> active):
  custom:scripting/monoscript/fileName/ToolFactoryRegister.cs: edaa9d209550a0e61240e75d1a2a3fd1 -> 
  custom:scripting/monoscript/fileName/MultiJsonInternal.cs: 3c0b2f060df209942444688160b7ba5c -> 
  custom:scripting/monoscript/fileName/SubGraphOutputNode.cs: 6fe55b4e9d6fa7ee82d3177803c9cf20 -> 
  custom:scripting/monoscript/fileName/IMayRequireNormal.cs: 33e5bba2416d50e55fc6e1b11df5f909 -> 
  custom:scripting/monoscript/fileName/FrameTimeSample.cs: 98ec0149754da47d653a2a35157d2b6c -> 
  custom:scripting/monoscript/fileName/LocalizedTextElement.cs: e1b9eeff95990e54c9a9dc69ce19734b -> 
  custom:scripting/monoscript/fileName/Popover.cs: 4115025d54e2acd77a49f554f04af17c -> 
  custom:scripting/monoscript/fileName/IncomingChangesTab.cs: 6fa4849c09cf3ec125d3914af6074a21 -> 82bff1d960538992d4e618d909869d2e
  custom:scripting/monoscript/fileName/IValidatableElement.cs: 90647cc400823b41df847a6cbfc29026 -> 
  custom:scripting/monoscript/fileName/ToolbarRadio.cs: 2d9edda2c314ac6468f2c36b5c8b82e7 -> 
  custom:scripting/monoscript/fileName/RelayCommand.cs: b98e5608049019f2756175075d1dd454 -> 
  custom:scripting/monoscript/fileName/PointMapping.cs: 74a9faa23fa193bf4140350c668cd796 -> 
  custom:scripting/monoscript/fileName/TextPropertyDrawer.cs: ccd0a31e0b64d139c72276dafd6663e5 -> 
  custom:scripting/monoscript/fileName/IdentifierField.cs: ba1db6fd74ae7e5974297edef3ea4514 -> 
  custom:scripting/monoscript/fileName/DebugUIHandlerContainer.cs: c397f0bb423f49300732877230e28fb7 -> 
  custom:scripting/monoscript/fileName/ConditionUnmetException.cs: 005532f7eb227edc45563fe5f541c354 -> 
  custom:scripting/monoscript/fileName/Hand.cs: 47f2533518531327de0c1583b9cf1f27 -> 
  custom:scripting/monoscript/fileName/Deprecated.cs: f7ecc9f08dc30750e066023f4588097f -> 
  custom:scripting/monoscript/fileName/SizeToContentButton.cs: f996dd6af2703c2acc1fc852c5c6fe91 -> 
  custom:scripting/monoscript/fileName/Texture2DArrayShaderProperty.cs: 22a8eaf5ddc1204aa9a6592ffa0226b5 -> 
  custom:scripting/monoscript/fileName/ProbeTouchupVolumeEditor.cs: b56db4d86eafa506a0c26c2f10391a38 -> 
  custom:scripting/monoscript/fileName/SpritePicker.cs: 6c57758f0e0792684ff138aa61e12c15 -> 
  custom:scripting/monoscript/fileName/ExVisualElement.cs: 0719d05dc014f888dce476d00c8e5949 -> 
  custom:scripting/monoscript/fileName/ShaderDropdown.cs: b823c7dba35329fcebb57ac2e2d54de5 -> 
  custom:scripting/monoscript/fileName/DynamicArray.cs: e31f8fb0c891e8a0f4b8f3b9be6577d5 -> 
  custom:scripting/monoscript/fileName/Vector4Field.cs: c58543e1452e2d7969e128d4d880a29b -> 
  custom:scripting/monoscript/fileName/LeapServiceProviderEditor.cs: cfc3cb231a8c8f12e61672ca40fe29ca -> 
  custom:scripting/monoscript/fileName/IMayRequireBitangent.cs: b08caf56583e2eb699179b0bc199bd87 -> 
  custom:scripting/monoscript/fileName/ObjectControl.cs: 1725fa4298c6e3f8f1dc864f66c7a71b -> 
  custom:scripting/monoscript/fileName/DiffSelection.cs: 34faf7c86f7e0c9a01162e930679d82f -> 1460aaba4240ef35322cb9c198487990
  custom:scripting/monoscript/fileName/PragmaDescriptor.cs: 9d5c26b9fa6ff8781c6959af8018c097 -> 
  custom:scripting/monoscript/fileName/SpriteArtifactDragAndDropHandler.cs: 839d1b37b55d6be59f997a1187e45f3e -> 
  custom:scripting/monoscript/fileName/IndexSet.cs: 54624cd5122f8028a8c9e5bb2553bba7 -> 
  custom:scripting/monoscript/fileName/ShaderGraphPropertyDrawers.cs: f2bd33c12ff3343c29ded09529550b95 -> 
  custom:scripting/monoscript/fileName/IInputElement.cs: 90647cc400823b41df847a6cbfc29026 -> 
  custom:scripting/monoscript/fileName/PbrFactory.cs: 41a7547dec80509ee363b527f4b119e7 -> 
  custom:scripting/monoscript/fileName/Vector4ShaderProperty.cs: d47afd559c9af25287df2c28d3469e5f -> 
  custom:scripting/monoscript/fileName/DatePicker.cs: 91d4045d80ecc134ca6ab854d8063fb1 -> 
  custom:scripting/monoscript/fileName/RenderPipelineGlobalSettingsProvider.cs: 0cdf409b5aa8d4c25876d72b5c6a3b60 -> 
  custom:scripting/monoscript/fileName/ViewDirectionNode.cs: d0edddf7fb4e227e0777e5c9156f8c50 -> 
  custom:scripting/monoscript/fileName/TexelSizeNode.cs: c657fce3305d3bf64a830debbcc92f57 -> 
  custom:scripting/monoscript/fileName/GenerateButtonData.cs: a4a5d2cace8ba7ac9b29e8dce04fd18d -> 
  custom:scripting/monoscript/fileName/CloudProjectId.cs: f33db9e9673144ad1e994ed4cff5ce2d -> 
  custom:scripting/monoscript/fileName/CustomRenderTextureMenuItem.cs: 69797cad8d819b12e94627e87f712ffe -> 
  custom:scripting/monoscript/fileName/DateFilter.cs: de3aab0283a2b4a1d4d64145b14132d5 -> 3a6cb8c2e3ffbb5a9052e322ee5bf411
  custom:scripting/precompiled-assembly-types:Unity.Muse.Common.Editor: b2b85f334c7b94962b4de33259f9b3d8 -> 
  custom:scripting/monoscript/fileName/AODatabaseObject.cs: b36620b31483d280504569a4966f8469 -> 
  custom:scripting/monoscript/fileName/Texture2DAtlas.cs: f139623eb10c0fee049e755db7d6ec35 -> 
  custom:scripting/monoscript/fileName/Indent.cs: 4c8df3ad685f80989fbd3cf66d7c28a8 -> 
  custom:scripting/monoscript/fileName/SaveSpriteData.cs: 536697541501b97237df33b769e18e06 -> 
  custom:scripting/monoscript/fileName/Image.cs: 755c71ad48e7aa81fba65c495dc6609b -> f32195bbbc1ca9edcb6c8c6185597e40
  custom:scripting/monoscript/fileName/GenerationMode.cs: 1dc67ca28f5dc307fb66be783238992e -> 
  custom:scripting/monoscript/fileName/UVMaterialSlot.cs: ba2046c9d1e32f8626c04e7842cef85c -> 
  custom:scripting/monoscript/fileName/TemperatureSlider.cs: b7550a71568f4131d906ef2284c689c4 -> 
  custom:scripting/monoscript/fileName/Draggable.cs: c5fa4ac080cf5eb440a180cd558904ac -> 
  custom:scripting/monoscript/fileName/MainUI.cs: 038bb51f21d0e6b0c1cb151199f55270 -> 
  custom:scripting/monoscript/fileName/SampleTexture2DArrayNodePropertyDrawer.cs: 97ac714f5e063453b4cdbd97465c6dba -> 
  custom:scripting/monoscript/fileName/FormerNameAttribute.cs: 3aa965757fdbdb1ddced3af401e54d14 -> 
  custom:scripting/monoscript/fileName/RuntimeCloudContext.cs: da94b5acfb57480365ecf7eea6ee6b0f -> 
  custom:scripting/monoscript/fileName/ComponentSingleton.cs: 90647cc400823b41df847a6cbfc29026 -> 
  custom:scripting/monoscript/fileName/IDebugDisplaySettingsData.cs: 3f5718c7cd55e1263a2016c2e7c511dc -> 
  custom:scripting/monoscript/fileName/SerializedDataParameter.cs: 3e2448ca9812367b1288bf30d1333255 -> 
  custom:scripting/monoscript/fileName/EnableDepthBuffer.cs: d1792238cfc5697e8b4ed79287f310e6 -> 
  custom:scripting/monoscript/fileName/Vector2IntField.cs: ba00b33ea4f2257c51a40a39bbdb4528 -> 
  custom:scripting/monoscript/fileName/IEdge.cs: fe7a9aaf4a54b5490fcc9202df625cf8 -> 
  custom:scripting/monoscript/fileName/ColorWheel.cs: f76cc18000f06f73a697a5aa0353462a -> 
  custom:scripting/monoscript/fileName/ScreenPositionMaterialSlot.cs: e2f37103521a69c5363f998da473cb2d -> 
  custom:scripting/monoscript/fileName/GraphCompilationResult.cs: b7780f433eeedb9d65cadcbafe3cd2ac -> 
  custom:scripting/monoscript/fileName/AdditionalCommandCollection.cs: 8e8ed259a61b2398049296c299ff0d82 -> 
  custom:scripting/monoscript/fileName/ComparisonGizmoController.cs: 0ed71d61c65a6c9e1d5326d122e341ed -> 
  custom:scripting/monoscript/fileName/PerformInitialCheckin.cs: be22d181e456c0a8a5713675f29ac72a -> 8ef9a9f407b8b94b2b5fad9d24e61f79
  custom:scripting/monoscript/fileName/PluginAttribute.cs: b63651bbaab0341ec100d4ba8779f1fc -> 813c19932992710d73442c18f504dce4
  custom:scripting/monoscript/fileName/SessionChangesTracker.cs: d6ce70af4c694315f0423bb92ed87128 -> 
  custom:scripting/monoscript/fileName/IntegerNode.cs: d37fcacdfa145e7b30bef149b2aa61c4 -> 
  custom:scripting/monoscript/fileName/IDebugDisplaySettings.cs: f5962540ab4017752f24078100d34caa -> 
  custom:scripting/monoscript/fileName/TextToImageResponse.cs: ba99477439a8068a3bd8460ca97545ce -> 
  custom:scripting/monoscript/fileName/SampleCubemapNode.cs: 2a89d6c9f350f115f44474e9627075c2 -> 
  custom:scripting/monoscript/fileName/PackageResources.cs: 6a6bd0c47f18f6eb839a4669d63f229e -> 
  custom:scripting/monoscript/fileName/ConflictResolutionState.cs: 51eaf597f9533c7ed197ad15e802d20f -> 74a230000ff2fd58c5a60ab4258207dc
  custom:scripting/monoscript/fileName/CustomPropertyDrawerBase.cs: ac2e6e05c8246ff925e7f2e250cd09fb -> 
  custom:scripting/monoscript/fileName/BuildTargetAnalytic.cs: d1198a9ec4f39d5f894dcce9558191fa -> 
  custom:scripting/monoscript/fileName/LightAnchorEditor.cs: a50e8bbfa481761386418d81c5b198ab -> 
  custom:scripting/monoscript/fileName/Dropdown.cs: 5746b9966e2224fc01bb767f83d3bed6 -> e2499375dbab18b142e2db07a091d792
  custom:scripting/monoscript/fileName/CubemapMaterialSlot.cs: c06407daaa7825a24823f542b4cce693 -> 
  custom:scripting/monoscript/fileName/ShaderSubGraphMetadata.cs: 5f8bf65dbde279d1cced6165592934a4 -> 
  custom:scripting/monoscript/fileName/AttachmentHand.cs: a4fbc282fe3865a1ff477a78d98a0f23 -> 
  custom:scripting/monoscript/fileName/PngMetadataEditor.cs: 4bf9147a90382a74cb3ff54c58bfe03b -> 
  custom:scripting/monoscript/fileName/PragmaCollection.cs: f49ba23ecf89e3c13391e892024ef55b -> 
  custom:scripting/monoscript/fileName/DynamicValueMaterialSlot.cs: 96593504c52dbeb1e2e40ec1fc7f68b4 -> 
  custom:scripting/monoscript/fileName/CoreEditorUtils.cs: 2cd321874a9df82de24a716bb03de51f -> 
  custom:scripting/monoscript/fileName/FindWorkspace.cs: 39bbd18bfe6bf4a99f5c185dcda4dd4a -> 6af6c9e9382fef881c020ab184e6f7f5
  custom:scripting/monoscript/fileName/PhysicalHandsSliderEditor.cs: 6d1486475c958609462f7bffc26bfc15 -> 
  custom:scripting/monoscript/fileName/VolumeEditor.cs: 5da91c70d61cf83e160595d6901a6ee8 -> 
  custom:scripting/monoscript/fileName/CheckerboardNode.cs: 11e9e444b94aca3564da1fb5e36bfb29 -> 
  custom:scripting/monoscript/fileName/BuiltInProperties.cs: f776e75fdeccbdba338b5e3b51ac2624 -> 
  custom:scripting/monoscript/fileName/RenderGraphResourceRendererList.cs: 29ecab2620760ec013c65d9464339e03 -> 
  custom:scripting/monoscript/fileName/IncomingChangesNotifier.cs: 10fad815611441fb3a805150421ed991 -> 
  custom:scripting/monoscript/fileName/SettingsProviderGUIScope.cs: 10f191b2438038aee34bc61d186964fb -> 
  custom:scripting/monoscript/fileName/IMayRequireVertexSkinning.cs: fbdeca0936f640a3b00a2c27ec2fc9bd -> 
  custom:scripting/monoscript/fileName/DistortTrackingDataToVisuals.cs: 2a8d3995fc657e06ce6b0a84cad8d584 -> 
  custom:scripting/monoscript/fileName/NoiseSineWaveNode.cs: 11bcd6b93b816e3a1e4d4c0bf4e53dc7 -> 
  custom:container-demuxer-ogg: 62fdf1f143b41e24485cea50d1cbac27 -> 
  custom:scripting/monoscript/fileName/ChannelEnumControl.cs: 4e5c0e330a44ab283f046ed4264a217a -> 
  custom:scripting/monoscript/fileName/BakedGINode.cs: 8c889cdfde0b3413c4bd31a994d95c18 -> 
  custom:scripting/monoscript/fileName/CombinablePropertyDrawer.cs: 1b78beaf47944055a36e58f584e8eb7f -> 
  custom:scripting/monoscript/fileName/ResourcePathAttribute.cs: 119835f2547b92833998a770cee38fec -> 
  custom:scripting/monoscript/fileName/VolumeManager.cs: 08e4cca4409e6618853e999cedfae80b -> 
  custom:scripting/monoscript/fileName/MaterialMapPreview.cs: 07bbae85fc5528c5fa623df51bf74de6 -> 
  custom:scripting/monoscript/fileName/TrainingRoundsView.cs: e0ad77ec9444de11c0825c061c64ae3c -> 
  custom:scripting/monoscript/fileName/ModesListSelector.cs: bb24963f36b5ef9e026801ac08a8e752 -> 
  custom:scripting/monoscript/fileName/DynamicMatrixMaterialSlot.cs: e607449f29754212bba5aa48414eba7a -> 
  custom:scripting/monoscript/fileName/CopyFromOtherExtensions.cs: 9dffed86b993e158b9253708b07d43a3 -> 
  custom:scripting/monoscript/fileName/MaterialSlot.cs: 3464f5530a872412ad2dbe59229a72fd -> 
  custom:scripting/monoscript/fileName/PropertyFetcher.cs: 32b9fa5b3c3a8930c4d96f5e32f27812 -> 
  custom:scripting/monoscript/fileName/VirtualTextureMaterialSlot.cs: 4661c0cba8baf532a724657848aec3d5 -> 
  custom:scripting/monoscript/fileName/CheckinConflictsDialog.cs: d3af1d70d3f60a9847d2942647274222 -> e13fa04a97fb675842c94586fc602871
  custom:scripting/monoscript/fileName/MuseMaterialProperties.cs: 275699d83ac0a8ea81e11cf3d8dcd145 -> 
  custom:scripting/monoscript/fileName/AuthToken.cs: d22b2893825e943bc1389be142abd57e -> 0fba7e8eb1ec8b699f274cdc956451b2
  custom:scripting/monoscript/fileName/DebugDisplaySettings.cs: 90647cc400823b41df847a6cbfc29026 -> 
  custom:scripting/monoscript/fileName/ProgressControlsForDialogs.cs: 6bf8e69ac7dc2163fe988e5d8181ce88 -> 7e6bd1727985204e3b64e1946e589b1c
  custom:scripting/monoscript/fileName/UIModeFactory.cs: e8b2ee6f4479ca25afc7cd092d420e4b -> 
  custom:scripting/monoscript/fileName/AssetStatusCache.cs: beede06d8a6d93e7907fd192ad653f2b -> 260d5f85663ac58b2a7e9553c453bc3e
  custom:scripting/monoscript/fileName/SearcherAdapter.cs: 22d8a8c5cd74915953ae914f15760a91 -> 
  custom:scripting/monoscript/fileName/IMaskOperator.cs: 308963f687d77a9ca70271ff368bf574 -> 
  custom:scripting/monoscript/fileName/ControlsFactory.cs: 68a844728f5cdb7674034d66b4f4ba5c -> 
  custom:scripting/monoscript/fileName/PhysicalHandsEventInterfaces.cs: f7ac1a713ee1e6d70c8467e66960aea6 -> 
  custom:scripting/monoscript/fileName/DrawIncomingChangesOverview.cs: 6d1aadb525661622ddc7d545c55841f2 -> 
  custom:scripting/monoscript/fileName/BuildFormattedHelp.cs: f675844664504d88a0d8165e2b08a2bf -> 
  custom:scripting/monoscript/fileName/Radio.cs: 7e64392a57fa0a9e8f30f84bbc566e82 -> 
  custom:scripting/monoscript/fileName/Vector2ShaderProperty.cs: 9f9770fa9be4c0b4173bdcfe7eefe448 -> 
  custom:scripting/monoscript/fileName/OrganizationPanel.cs: d7ac1288bef1b15a05bb26d201a4d87f -> 57a57e6a345dbd536e91c348b70943a9
  custom:scripting/monoscript/fileName/EditorModelAssetEditor.cs: a56869b96c6ddcbc2c143436dbdaa8ab -> 
  custom:scripting/monoscript/fileName/XRUtils.cs: 109f488ccdd99bac82cce05f64bc94eb -> 
  custom:scripting/monoscript/fileName/SerializableCubemap.cs: c16d52c6a13f1337e551aa5a9103d80a -> 
  custom:scripting/monoscript/fileName/CoreMatrixUtils.cs: 0895934330b4ed7720aec5730d22b550 -> 
  custom:scripting/monoscript/fileName/Menu.cs: 01036f820f0aba5246103f5e583c45bb -> 5eba48b4d6d147021b8e165ca83d35a2
  custom:scripting/monoscript/fileName/IESReader.cs: a3504a3b985239064e751dee9faf9376 -> 
  custom:scripting/monoscript/fileName/GeometryNode.cs: e6bfc7936849bb510b62cc097b448045 -> 
  custom:scripting/monoscript/fileName/CustomTextureSlice.cs: f4b527bc15bdff7e22b7c89a3567c44d -> 
  custom:scripting/monoscript/fileName/ProbeVolumeSceneData.cs: 47a90d651b60a1f3cfb01a895624c61b -> 
  custom:scripting/monoscript/fileName/HandFadeInAtDistanceFromRealData.cs: d8dd463481b6c3d5ce187f22f7ee030e -> 
  custom:scripting/monoscript/fileName/EventBus.cs: d8ea2dc762a72245c304a2a3b93a89eb -> 44116646ae5a8e68b53a6428a288d598
  custom:scripting/monoscript/fileName/SliderControl.cs: 0c8b4ccf3de2573793418176380a10ba -> 
  custom:scripting/monoscript/fileName/MigrationProgressRender.cs: 94a7accb6b5be388f3abff6285d8f1af -> 
  custom:scripting/monoscript/fileName/MinMax.cs: 1872044c3fc8616b2a0c260823666d1e -> 
  custom:scripting/monoscript/fileName/ChangeCategoryTreeViewItem.cs: 0f882939555cf173ece99b60f8f54ade -> fd14db176fff061715c8ec88ced1902f
  custom:scripting/monoscript/fileName/ProbeVolumeBakingProcessSettings.cs: b11b7ded825914afcc67d1880b63374c -> 
  custom:scripting/monoscript/fileName/ProbeReferenceVolume.ReflProbeNormalization.cs: 5aa9b3acd2edf62bd1edd6e65aebc5b6 -> 
  custom:scripting/monoscript/fileName/LegalConsentResponse.cs: e451b09569d331c382e3b7cd0be62dbb -> 
  custom:scripting/monoscript/fileName/CurrentUserAdminCheckResponse.cs: cec2f173fe8732108711c497674c6f66 -> d57c2dcace740834acd59fdfbc5023b8
  custom:scripting/monoscript/fileName/ImageData.cs: c512f19a780b6133f1f3b416c63d0231 -> 
  custom:scripting/precompiled-assembly-types:Unity.RenderPipelines.Core.Runtime: 34799d0b1315b0c9def7321e7ce7313f -> 
  custom:scripting/monoscript/fileName/VolumeComponent.EditorOnly.cs: 90647cc400823b41df847a6cbfc29026 -> 
  custom:scripting/monoscript/fileName/StyleData.cs: bc22e4630630d4b0375c440a9929c8fc -> 
  custom:scripting/monoscript/fileName/SerializationHelper.cs: ee0d4866e6d37a8c29cfeef380c4bc3a -> 
  custom:scripting/monoscript/fileName/TrainingController.cs: a7d276f7670d7d29447a9f4ead2b59ba -> 
  custom:scripting/monoscript/fileName/Clickable.cs: dcfa54024397dad01b26b11b6fb78cdc -> 
  custom:scripting/monoscript/fileName/Debug.cs: 8cb796a7d561e888255a84496f78b643 -> 
  custom:scripting/monoscript/fileName/ActionItem.cs: 8fbe402fc340529c8d6b0f57da736347 -> 
  custom:scripting/monoscript/fileName/ScreenPositionSlotControlView.cs: 52ba4fe72948fdbfa1b4eebe60b89b8a -> 
  custom:scripting/monoscript/fileName/TrainingSetTabView.cs: da2bc88327174be1f41afe4c936f452b -> 
  custom:scripting/monoscript/fileName/AccountLinks.cs: 24122d0e6f5c49b5739cb1e1d29bd3df -> 
  custom:scripting/monoscript/fileName/SamplerStateMaterialSlot.cs: 5d8ed1136c37ddbdf94fb9bfb8650b9e -> 
  custom:scripting/monoscript/fileName/HierarchicalBox.cs: f3ec22a8717a2ae7bdfa36e7590c32d4 -> 
  custom:scripting/monoscript/fileName/UIElementsExtensions.cs: a191d7293be4538b0adb29dfe5b06a46 -> 52e0d612ab032e4d22e9558b90396b99
  custom:scripting/monoscript/fileName/TrialForm.cs: de40414fa31698e62530bcfe685c7e2f -> 
  custom:scripting/monoscript/fileName/IOnAssetEnabled.cs: 868ab4d60a4e4904e4c46870c76eaed4 -> 
  custom:scripting/monoscript/fileName/ObservableObject.cs: a6ccb0df61db355f1314fcc09a3326be -> 
  custom:scripting/monoscript/fileName/CreateBranchDialog.cs: c429477092287209232592c8cde1a615 -> 9eb29fda08033b4f847247136c412db6
  custom:scripting/monoscript/fileName/NoColors.cs: fd0aebcb04d19681456979b5b92ae754 -> 
  custom:scripting/monoscript/fileName/GraphData.cs: e71bb74b1f61e81644af5b7c6405e4c4 -> 90647cc400823b41df847a6cbfc29026
  custom:scripting/monoscript/fileName/RestCall.cs: 6cb4408ae037cdac0e2e0a800ffb0514 -> 
  custom:scripting/monoscript/fileName/RectExtensions.cs: ca8f43c621c2c11f812d0eeda1298c5a -> 
  custom:scripting/monoscript/fileName/StyleTrainerArtifactCache.cs: be034ce7b04be8de7936bf9e7ce8c00e -> 
  custom:scripting/monoscript/fileName/Vector3IntField.cs: 802fda2df94180c7bffc140f8b0eeb2a -> 
  custom:scripting/monoscript/fileName/ClientStatusResponse.cs: 176286fece9460ebe0ebf683964003c7 -> 
  custom:scripting/monoscript/fileName/EyeIndexNode.cs: fd4257db013ce52dffb32c7be03a3e02 -> 
  custom:scripting/monoscript/fileName/AssetDeleteWatcher.cs: f2313bdd54ae3c1f9b57dec080173cc1 -> 
  custom:scripting/monoscript/fileName/CustomInterpolatorNode.cs: eba846adf68aa9d07b8ade1f70bf60d8 -> 
  custom:scripting/monoscript/fileName/Texture3DPropertyDrawer.cs: 8a0bdc07956d8d75b7d917e2ee08da5d -> 
  custom:scripting/monoscript/fileName/DebugUIHandlerWidget.cs: bb0d50c1b191c09b23ccb82c4e724af5 -> 
  custom:scripting/monoscript/fileName/IntegerControl.cs: d8c70fd70ba69dc9bf47050189850505 -> 
  custom:scripting/monoscript/fileName/SerializableHashSet.cs: f8e61e135a81be97f8bbe751c9d3821d -> 
  custom:scripting/monoscript/fileName/ICloudContext.cs: 406f589c07b038035da655e37a32f524 -> 
  custom:scripting/monoscript/fileName/MaterialUpgrader.cs: 4da045aecb0e085cd1c2363553959674 -> 
  custom:scripting/monoscript/fileName/Texture2DArrayPropertyDrawer.cs: a87044780f0b5b1c2ae49a3fbd3b5e97 -> 
  custom:scripting/monoscript/fileName/DebugManager.UIState.cs: 32e2b11d150007da9b9deba54dfccf56 -> 
  custom:scripting/monoscript/fileName/MaterialGraphPreviewGenerator.cs: 200c9d810b17de26d07ac2112623402d -> 
  custom:scripting/monoscript/fileName/BottomNavBar.cs: ad97eabc6f922c50bffab03570081c2d -> 
  custom:scripting/monoscript/fileName/DropdownNode.cs: a87ee97f96d12181aced776dd2bd1391 -> 
  custom:scripting/monoscript/fileName/ProjectPath.cs: 5634ebdbea8ca94089eb9622d1b60497 -> 2007f972d3a73eeb86dfe05e849c7f69
  custom:scripting/monoscript/fileName/ComputeDeformNode.cs: 3b3b29334ecc32669d65e2c77426d3d4 -> 
  custom:scripting/monoscript/fileName/IRelayCommand.cs: cb655cf30ac00745ed5fc4690824568b -> 
  custom:scripting/monoscript/fileName/SSOCredentialsDialog.cs: 8967ceae1bc195ea8dd32b23c42dd852 -> e140ede12a96f68f30062138385171c3
  custom:scripting/monoscript/fileName/DrawCreateWorkspaceView.cs: 6422239d8f649480614f0dd4f018b7f2 -> c6039ac84d85ab3926aa94de163a9f7d
  custom:scripting/monoscript/fileName/Action.cs: 39a4a2ee39ef18e1bf2fee287e7fa505 -> 
  custom:scripting/monoscript/fileName/IMayRequirePositionPredisplacement.cs: 692ea104e7ce252c31917ae0f84f057a -> 
  custom:scripting/monoscript/fileName/ShaderGraphProjectSettings.cs: aa1c6691754f44e97d764843cf1d257b -> 
  custom:scripting/monoscript/fileName/PreviewManager.cs: 2f7ac619db6e48df5fbce1906d9b5ca2 -> 
  custom:scripting/monoscript/fileName/ExperimentalProgramSignUpNotificationView.cs: 29e4119b692f6d54409a241bc47530c7 -> 
  custom:scripting/monoscript/fileName/IVolume.cs: 89f8fe4777808e170a50ff89be624391 -> 
  custom:scripting/monoscript/fileName/Popup.cs: a3019c018d9dcc9a20d74fe2a8ad6b61 -> 
  custom:scripting/monoscript/fileName/BitangentVectorNode.cs: 7bf437345afe6e6128e2e7407fb2d6df -> 
  custom:scripting/monoscript/fileName/CircularProgress.cs: 84f512acaf26829ec4cac9a6eccf4967 -> 
  custom:scripting/monoscript/fileName/MenuBuilder.cs: a5707ceb1ee47db48c3e17dd941059c2 -> 
  custom:scripting/monoscript/fileName/TextureCurve.cs: c2cb87668e8aef4832e4b2230c8a94b2 -> 
  custom:scripting/monoscript/fileName/PbrMaterialData.cs: 60b2e28ac0aa7afca160c4639e3bf891 -> 
  custom:scripting/monoscript/fileName/RotateNode.cs: 33e07876c81d0c6ba59d9dc053f5fe2e -> 
  custom:scripting/monoscript/fileName/SpeedTree8MaterialUpgrader.cs: 7f3e83ef44dc00c2657b6f7f0533e6e7 -> 
  custom:scripting/monoscript/fileName/BlackboardCategoryViewModel.cs: 38590a7c73667eeef01a8f9e4c97fbae -> 
  custom:scripting/monoscript/fileName/HandPoseViewer.cs: 1000042cd7668b9747065aee6df6f6af -> 
  custom:scripting/monoscript/fileName/TargetPropertyGUIContext.cs: 026228c56189eeaa5a430c140694334e -> 
  custom:scripting/monoscript/fileName/DownloadPlasticExeDialog.cs: 2dd40c53d0303d041a27a44a95c331cb -> 093cfe0607c2346a88cdfdfe1435614f
  custom:scripting/monoscript/fileName/ImageArtifactCache.cs: b41d430efcc86539a1a17888c9332dfc -> 
  custom:scripting/precompiled-assembly-types:Unity.Muse.Sprite.Common.Editor: 68a549d84d23f904b877cb06871c0bd9 -> 
  custom:scripting/monoscript/fileName/IMayRequireViewDirection.cs: f0fc8a09be61ae5f3c59fb32fe12cd0a -> 
  custom:scripting/monoscript/fileName/Texture2DMaterialSlot.cs: cf8f9f78cb69e47bd1bc052c4ebb494a -> 
  custom:scripting/monoscript/fileName/PageIndicator.cs: cf951bf6247fcf363fbb4e3a426286b0 -> 
  custom:scripting/monoscript/fileName/PreviewPbrArtifact.cs: 7afda9402811909687cb0a2b2e32813e -> 
  custom:scripting/monoscript/fileName/Mask.cs: 4beddf0e60d5cca0ed72d2f2bd834a0d -> 30def7c5b8ef23ce62910d8eb0c002c6
  custom:scripting/monoscript/fileName/RenderPipelineResources.cs: e021da80e9dc82203649f807645c8518 -> 
  custom:scripting/monoscript/fileName/NodeSettingsView.cs: ea03228bb88a9b8081709d61f1c4edbd -> 
  custom:scripting/monoscript/fileName/ChannelMaskNode.cs: 28ee8d13bd18c5682e02f232c6f9c659 -> 
  custom:scripting/monoscript/fileName/GradientExtensions.cs: 9954455631d560b68c6e8c00503fa823 -> 
  custom:scripting/precompiled-assembly-types:Unity.ShaderGraph.Utilities: a5f5ab80340e2d79f4dddb9a842c37b5 -> 
  custom:scripting/monoscript/fileName/LayerManager.cs: 64786d54c464a6f48953f0690bb44668 -> 
  custom:scripting/monoscript/fileName/RenderGraphDefaultResources.cs: a5c0d1c17e51ba06d1ed29f1135d5218 -> 
  custom:scripting/monoscript/fileName/ServiceAtribute.cs: 8cae505ba4d8e8cb6c0368f1bf3e09df -> 
  custom:scripting/monoscript/fileName/MenuDivider.cs: c71d02adfcd027f2bdbfc9420fb522b2 -> 
  custom:video-codec-MediaFoundation-h265: 746d11721c4dcdbdad8f713fa42b33f4 -> 
  custom:scripting/monoscript/fileName/ColorParameterDrawer.cs: ef82f8df38a7535869ba02c1734d3334 -> 
  custom:scripting/monoscript/fileName/CreateShaderSubGraph.cs: e1368968d9b1ba5420bc5185345fb2f2 -> 
  custom:scripting/monoscript/fileName/AnalyticsManager.cs: e8e6afb9228012714bffaaf46f6d5f8a -> 
  custom:scripting/monoscript/fileName/PreferenceDataWrapper.cs: 90647cc400823b41df847a6cbfc29026 -> 
  custom:scripting/monoscript/fileName/IShaderVariantSettings.cs: 24e5727a60448cfdcb943f27e6a3a0b3 -> 
  custom:scripting/monoscript/fileName/IMasterNode1.cs: 2a2b379fd5522e53b3774344ffbe5ffb -> 
  custom:scripting/monoscript/fileName/BlockFieldDescriptor.cs: fceb4cfcaaea690b776261f7218defd4 -> 
  custom:scripting/monoscript/fileName/FieldDependencies.cs: cb9b7a4c634a2d958acd9864ac95b93f -> 
  custom:scripting/monoscript/fileName/PendingChangesTab_Operations.cs: c99065f3c85ec85c85ece2a1a30665af -> 15ae6787065f4af65778e981f418a60b
  custom:scripting/monoscript/fileName/GenerationUtils.cs: b83836e3901423508484e269abcb894c -> 
  custom:scripting/monoscript/fileName/Disable.cs: f53d12cf76dab54f0319602d4c2f02bc -> 
  custom:scripting/monoscript/fileName/LocksListViewItem.cs: cc9cd24c5be4f7363367cba72f12aad4 -> f4a19fabbec093eb3d6a7e1cd4f42611
  custom:scripting/monoscript/fileName/Badge.cs: 83d9188d0e4daa7e59ab57f3b4a721a3 -> 
  custom:scripting/monoscript/fileName/SubscriptionView.cs: 0a6a12b577568fc16f82e2602861db25 -> 
  custom:scripting/monoscript/fileName/BuiltInLitGUI.cs: 0c88265a82e7a340c0f06d77842275fc -> 
  custom:scripting/monoscript/fileName/DebugUIHandlerGroup.cs: b77b0af2c2c5f470f87bcd4b1db8db3a -> 
  custom:scripting/monoscript/fileName/ActiveFields.cs: 744dc5ffc9e4c8150f4591a5b8d45c61 -> 
  custom:scripting/monoscript/fileName/FloatingActionButton.cs: f3140e807232249ffd563637202b6dae -> 
  custom:scripting/monoscript/fileName/LiteDbArtifactCache.cs: f0f79f780fd527fec1893cc8719e4e77 -> 
  custom:scripting/monoscript/fileName/CombineNode.cs: 6b5a95dc7234dab3949235b4a2690e82 -> 
  custom:scripting/monoscript/fileName/ColorControl.cs: fb4c32d0a0c84d794fec928d5e9f1135 -> 
  custom:scripting/monoscript/fileName/UsageProgressText.cs: 599cdc404d85c01a4ade4349aa2c1d16 -> 
  custom:scripting/monoscript/fileName/PendingChangesViewPendingChangeMenu.cs: 561ad0f702e1db14300a4a5f810051f9 -> 9a6ef2277212bf26d647c7f12f946287
  custom:scripting/monoscript/fileName/ExperimentalProgramLimitReachedNotificationView.cs: 778011bc57396f004425edd4090715a3 -> 
  custom:scripting/monoscript/fileName/Device.cs: 8c74bf8177a596519ea442945147de53 -> 
  custom:scripting/monoscript/fileName/SignInPanel.cs: f7e82045994d4eefe3b021faa87b55c6 -> bac0318ce35e37bed3a2cc8137452435
  custom:scripting/precompiled-assembly-types:LiteDB: 89a8f94dee7a786c6853bd164e479e44 -> 
  custom:scripting/monoscript/fileName/ApplicationExtensions.cs: 72128436081c5def0b77c67ac90d8dfb -> 
  custom:scripting/monoscript/fileName/TargetActiveBlockContext.cs: 749a20e3e40ca57ec63a3b3b352a94b2 -> 
  custom:scripting/monoscript/fileName/DrawInspectorOperations.cs: 61c4a6a6507d8f84ef5bdf5cba3f0aee -> 8c94fe642e98309082411f46db89106b
  custom:scripting/monoscript/fileName/KabschSolver.cs: 078bc8e99e4a92396531fe1f910ad7a5 -> 
  custom:scripting/monoscript/fileName/RingBuffer.cs: 0cdf409b5aa8d4c25876d72b5c6a3b60 -> 
  custom:scripting/monoscript/fileName/Fields.cs: 89a0897e1a8d349f289d71dffb7cbcbc -> 
  custom:scripting/monoscript/fileName/VolumePriorityUsageAnalytic.cs: f4421683766a83f80b86e3a7cc1aa930 -> 
  custom:scripting/monoscript/fileName/DrawDirectoryResolutionPanel.cs: a77980eb09765fe85cd85d4a47964cf2 -> e4e3c9b4bc511687802b504b71016540
  custom:scripting/monoscript/fileName/CanvasPaintToolManipulator.cs: 90647cc400823b41df847a6cbfc29026 -> 
  custom:scripting/monoscript/fileName/DebugUIHandlerUIntField.cs: e7071b0a0284932a823580ea17c74515 -> 
  custom:scripting/monoscript/fileName/EditorUtils.cs: 1e069b0dfe4c0959c3699a830674d9f8 -> 
  custom:scripting/monoscript/fileName/ICloudBackground.cs: 0017a3c3e3896c6649a18e4112750fc0 -> 
  custom:scripting/monoscript/fileName/CloseWindowIfOpened.cs: d820344e932a12600b5fe6fb7e9f1563 -> ce229ef3b7461ff17e2c1af0695a6657
  custom:scripting/monoscript/fileName/PanTool.cs: 092010d74b4d01f9e56f1101c47a9b84 -> 
  custom:scripting/monoscript/fileName/ListBuffer.cs: 7fbe50df4560b7b832567f02372c6c63 -> 
  custom:scripting/monoscript/fileName/CameraUI.Drawers.cs: 62c57f7d7b389bcaceb7784588d4e5a2 -> 
  custom:scripting/monoscript/fileName/ShaderGraphToolbarExtension.cs: 92e3531256833aad58731360c1820f40 -> 
  custom:scripting/monoscript/fileName/SaveAssets.cs: e472a52843752df7d7ad4ca6b2c8da98 -> b56abea3d51c742ac29e4aec958afad6
  custom:scripting/monoscript/fileName/MaterialPreviewSelector.cs: a35e06cc27be4cc3ed1355814c930393 -> 
  custom:scripting/monoscript/fileName/ShaderSubGraphImporter.cs: 29c7ec564f47cfd85fa181f7d020bd1e -> 
  custom:scripting/monoscript/fileName/AppBuilder.cs: b479ec76de0db67e4ff7d691c2123eb7 -> 
  custom:scripting/monoscript/fileName/LightUnitSliderSettings.cs: 4a0e9a3cb6ab785443943c3271b2c3fc -> 
  custom:scripting/monoscript/fileName/AccountController.cs: 600b1a7a9ce1b69d9d5774e277838306 -> 
  custom:scripting/monoscript/fileName/CoreEditorStyles.cs: 965c685586909f768e0ab91ae1fb976d -> 
  custom:scripting/monoscript/fileName/CoreLightEditorUtilities.cs: c542d2bc76088ab6610016b0b3929f43 -> 
  custom:scripting/monoscript/fileName/XRBuiltinShaderConstants.cs: 7a525c353bab93f527868a08305e550a -> 
  custom:scripting/monoscript/fileName/AnchorableBehaviour.cs: a0d727d0d3bc7242e554a632f45fa31f -> 
  custom:scripting/monoscript/fileName/UpscaleImageResponse.cs: 6f238511a27ceba7772b28bdd4ac1387 -> 
  custom:scripting/monoscript/fileName/NoContactHand.cs: f3a3a21c77e146dfc4c369776648caf2 -> 
  custom:scripting/monoscript/fileName/RepositoriesListView.cs: 9f95c83dc460fb03fb0916472f14b8a7 -> 95287f65338ca0073ad04002a16eaaf7
  custom:scripting/monoscript/fileName/Painter.cs: b7249ddca51eb584c36cee36d1671d58 -> 
  custom:scripting/monoscript/fileName/PointerMoveEventExtensionsBridge.cs: 5d7b40b449d6de417258a7b462a82a5f -> 
  custom:scripting/monoscript/fileName/TriangleWaveNode.cs: 0245abb2363fcf6f71cd3e15165195af -> 
  custom:scripting/monoscript/fileName/AssetOperations.cs: 638daf61300bf6ad727538516d4fa3e2 -> 
  custom:scripting/monoscript/fileName/HandleMenuItem.cs: 740e54c5f6dca1acc88cad87af74b744 -> b4ad1ecc5243212c5967125ad5e41b1f
  custom:scripting/monoscript/fileName/LeapServiceProvider.cs: 6209774b58279929c49215448decae42 -> 
  custom:scripting/monoscript/fileName/MaterialEditorExtension.cs: 30b5a0e66ee1166b1c3046c4a276853b -> 
  custom:scripting/monoscript/fileName/SplitTextureTransformNode.cs: 3d220f038a5016425371524d56785c57 -> 
  custom:scripting/monoscript/fileName/ScreenResolution.cs: 5c975132cf4e36dcc261bd0acd604271 -> 7bb7bb5b955671820101b322f0a7bf3d
  custom:scripting/monoscript/fileName/MinimumNode.cs: 00e99bb6a46142058419ee46b41d066b -> 
  custom:scripting/monoscript/fileName/Response.cs: 2e3aea66b1698dc0d3c4a4ad5e1b9726 -> 
  custom:scripting/monoscript/fileName/CoreUnsafeUtils.cs: 218bf1410ffafbc47b09c0a2e4233c8b -> 
  custom:scripting/monoscript/fileName/ApplicationDataPath.cs: 8e4094e28762fb76a1baecfe90c6b65e -> 3e8c4ea8debfda8013fed860ac233d22
  custom:scripting/monoscript/fileName/Vector2PropertyDrawer.cs: 0c95c36ea3b3967cc23d1f1974f764fe -> 
  custom:scripting/monoscript/fileName/ResourceManager.cs: f0686c417ceda3f908c029dad3fbd36d -> 
  custom:scripting/monoscript/fileName/Date.cs: 0beac2edccb92a74058b45406bffc2d9 -> 
  custom:scripting/monoscript/fileName/TangentMaterialSlot.cs: 331116db364665d5c6f22e6742494084 -> 
  custom:scripting/monoscript/fileName/LensFlareDataSRP.cs: d74f03bc3bb215b784c9572cd65ec236 -> 
  custom:scripting/monoscript/fileName/PaintCanvasToolManipulatorUndo.cs: ba006b418a2dd50207a636700202a02f -> 
  custom:video-decoder-ogg-theora: a1e56fd34408186e4bbccfd4996cb3dc -> 
  custom:scripting/monoscript/fileName/ControlToolbar.cs: bce44eb26b05ba932b3ee39eeb4f431f -> 
  custom:scripting/monoscript/fileName/DebugManagerWindowLifetimeAnalytic.cs: 3ce2faf75da314d868bc1c0d02081f42 -> 
  custom:scripting/monoscript/fileName/DebugUIHandlerObjectPopupField.cs: 84f27d8b6feeb5688202c93006a3843b -> 
  custom:scripting/monoscript/fileName/RepaintInspector.cs: f134606300316994850c28a68d0cb5a3 -> 
  custom:scripting/monoscript/fileName/AbstractShaderProperty.cs: 42e575e3955fb1dbdd60d6406a9e54b7 -> 
  custom:scripting/monoscript/fileName/RuntimeGizmoToggle.cs: 8bcf049fc6b3f57243e4d47808afb6ea -> 
  custom:scripting/monoscript/fileName/LockStatusCache.cs: 5e3725e03dc21c716034553589a67eae -> e99b3f34c5cd3eb73ec19439af1f7f80
  custom:scripting/monoscript/fileName/LightAnchor.cs: f1d956c1809689cbbe49b265dc1bd27a -> 
  custom:scripting/monoscript/fileName/ProbeVolumePerSceneData.cs: 0fd442e730c2b418b3169b6f17bce4b8 -> 
  custom:scripting/monoscript/fileName/CommentEditor.cs: 5f01d0194ecf99a1c975227b47dfb9c4 -> 
  custom:scripting/monoscript/fileName/DiffTreeView.cs: 68195907d129ef826aa6b6df7202696d -> 49f46fd2a65ea674a218eead75f27aac
  custom:scripting/monoscript/fileName/DependenciesDialog.cs: 82d30fc8d5e1a73ec0d1ee9acc00fbc2 -> c8902186ab2f4e6471b5dd147afb01b6
  custom:scripting/monoscript/fileName/ChangesetListViewItem.cs: 95a197949f1e777703db60eea8cc21b3 -> d742a4910e302777daa1ccb9c8e92cb9
  custom:scripting/monoscript/fileName/DisableIf.cs: 1fd6e90f57f50d7f74055de8401c65bf -> 
  custom:scripting/monoscript/fileName/StyleTrainerProjectDataEditor.cs: 4bd0ab6b4e085b67e7eb63fe2062e50d -> 
  custom:scripting/monoscript/fileName/LocksViewMenu.cs: fda08381fa9abca53b6eaf3bf55f14f8 -> 186d8514e824865b191ba1829afe4b33
  custom:scripting/monoscript/fileName/MuseShortcuts.cs: 590ae4dc62a6a5b31c7b23b1facd42f8 -> 
  custom:scripting/monoscript/fileName/Searcher.cs: a4f4d5fb16fcfd800008a6d88fde8b99 -> 
  custom:scripting/monoscript/fileName/SRPFilterAttribute.cs: b14802714943f1789bd2326034639ecb -> 
  custom:scripting/monoscript/fileName/TrialExpiredNotificationView.cs: 69e9ef7db1effea284cd0c8b96593c7d -> 
  custom:scripting/monoscript/fileName/GraphConcretization.cs: e2f79c65340ccfe3db9c0a87b99dbfce -> 
  custom:scripting/monoscript/fileName/MenuItems.cs: 02458b03504b169034c7698e9b362ea3 -> 
  custom:scripting/monoscript/fileName/IncomingChangesViewMenu.cs: 832662bce0cd8edd53cba36a0dd96da0 -> 13196979a03411533716f6775c9a624b
  custom:scripting/monoscript/fileName/VolumeComponentProvider.cs: 10db6aa0f51474b761a318e5783b37dd -> 
  custom:scripting/monoscript/fileName/QueryVisualElementsExtensions.cs: 75ea535788abf9c38ba9341c984a6241 -> a49740b6efbb934f55475cc70b864a4c
  custom:scripting/monoscript/fileName/ShaderGroup.cs: 446b571d990051314b1a10a4db8f161f -> 
  custom:scripting/monoscript/fileName/EditorPrefBool.cs: 0eb8256aee55d6197550a4587789436f -> 
  custom:scripting/monoscript/fileName/BuiltInStructFields.cs: 80123e9f6f5c09be06ec818051a93154 -> 
  custom:scripting/monoscript/fileName/SampleRawCubemapNode.cs: 7a00e8c537ab9e661a34a7953398e3fe -> 
  custom:scripting/monoscript/fileName/FactorSliderFloat.cs: 86ac76eaa7f3dd0edd864ea42c120ec3 -> 
  custom:scripting/monoscript/fileName/StructMarshal.cs: 0cdf409b5aa8d4c25876d72b5c6a3b60 -> 
  custom:scripting/monoscript/fileName/DebugUIHandlerCanvas.cs: 31e737ff99425a6ffe83d2ab5fa134b2 -> 
  custom:scripting/monoscript/fileName/ShaderInputViewController.cs: 28fb75e025f29727345eda9ba0968ce5 -> 
  custom:scripting/monoscript/fileName/TextArea.cs: f97569ab8bee09eb0780c3b61b2f31cc -> 
  custom:scripting/monoscript/fileName/Vector1MaterialSlot.cs: b992bf5e19631cddcc420202c95b063c -> 
  custom:scripting/monoscript/fileName/IDataProvider.cs: 5808751ea91fae8ce97496dac34e4cee -> 
  custom:scripting/monoscript/fileName/SampleTexture2DArrayNode.cs: 8898f303e12e1525bb0ea94e8c59c416 -> 
  custom:scripting/monoscript/fileName/OperatorsFactory.cs: 8dca1d83f88c098e2de5647023d24aa3 -> 
  custom:scripting/monoscript/fileName/ValidateTrainingParametersTask.cs: a74328793b334749e97837643fcecde7 -> 
  custom:scripting/monoscript/fileName/GraphValidation.cs: e2f79c65340ccfe3db9c0a87b99dbfce -> 
  custom:scripting/monoscript/fileName/Model.cs: bb54f90838b10d16ae985d74455b30c0 -> 
  custom:scripting/monoscript/fileName/AdditionalCommandDescriptor.cs: f7496a649f992e98133fb753e75675fe -> 
  custom:scripting/monoscript/fileName/HandUtils.cs: 513f6dcab2cfab1908021f0c678b36a4 -> 
  custom:scripting/monoscript/fileName/CodeFunctionNode.cs: 38444eba90d07ddf2880f29697ff4780 -> 
  custom:scripting/monoscript/fileName/CustomInterpolatorUtils.cs: 839e2c51a064a3ca26abcb40c928f777 -> 
  custom:scripting/monoscript/fileName/XRLeapProviderManager.cs: 74e7041480b58fb007ac05a39a73ebbe -> 
  custom:scripting/monoscript/fileName/UIToolkitAppBuilder.cs: 90647cc400823b41df847a6cbfc29026 -> 
  custom:scripting/monoscript/fileName/RawRenderQueue.cs: f3ffd93304d94bf6af6882edf3185a1e -> 
  custom:scripting/monoscript/fileName/ProbeReferenceVolume.Debug.cs: ce7af842f655217bfe1e343b7cb3c40b -> 
  custom:scripting/monoscript/fileName/ColorRGBMaterialSlot.cs: 9c0a536df13dcf6276c2961d9088a844 -> 
  custom:scripting/monoscript/fileName/CustomRenderTextureTarget.cs: ffc3cfb4ff9e382a9f64823f3a67a6b9 -> 
  custom:scripting/monoscript/fileName/ProbeReferenceVolume.cs: f98a78965a2b77c016e6f993be5079a2 -> 
  custom:scripting/monoscript/fileName/SliderNode.cs: 373ccdbe736381561cdadc723643c69a -> 
  custom:scripting/monoscript/fileName/WriteLogConfiguration.cs: 1a8401f47b522f631a3dc005105719f5 -> 1589212d1638ae91a029ea3ddf9999f2
  custom:scripting/monoscript/fileName/WindowsNativePluginImpl.cs: 3ec1c7461d3f4fe1a5b050aae98f717d -> 
  custom:scripting/monoscript/fileName/CameraUI.Rendering.Skin.cs: ea37b571f4b5213ec876c626bae4a6c0 -> 
  custom:scripting/monoscript/fileName/SampleTexture3DNodePropertyDrawer.cs: 785ce8fac288c5de4a7ed5c6aa5a6927 -> 
  custom:scripting/monoscript/fileName/VisualElementUtility.cs: 7d88470305e0bf18eb683ff6709fbdab -> 
  custom:scripting/monoscript/fileName/HdriProvider.cs: 678c4eb3b812942997175170a3436cd5 -> 
  custom:scripting/monoscript/fileName/OperatorOverrideInterface.cs: 13c431eb0d82e5774fdbf6a3366867ea -> 
  custom:scripting/monoscript/fileName/InputLabel.cs: 49b863d615896dcc083798bf3d046079 -> 
  custom:scripting/monoscript/fileName/CoreRenderPipelinePreferences.cs: 261df03ec4a8363d2beb4d8a8686bcae -> 
  custom:scripting/monoscript/fileName/GraphDataPropertyDrawer.cs: 02ed6a1ef125cd5a6a59d73db76e828c -> 
  custom:scripting/monoscript/fileName/XRLayout.cs: 304c64513102d54c76ccaa31ddaef53f -> 
  custom:scripting/monoscript/fileName/Chunk_eXIf.cs: 602f9ba7645d0c2f4c09597b59ee716b -> 
  custom:scripting/monoscript/fileName/GradientMaterialSlot.cs: 594e2d42e89b12ea00965c63dc06cd3e -> 
  custom:scripting/monoscript/fileName/DrawTextBlockWithEndLink.cs: 1cc3e67c46bd397f9508f124a3366994 -> 
  custom:scripting/monoscript/fileName/SceneReadmePingEditor.cs: 9b3c7e16e775002f9f8347887173b54f -> 
  custom:scripting/monoscript/fileName/StyleTrainerProjectEvents.cs: 9ed25d1349c6d954fba97e35011ba51f -> 
  custom:scripting/monoscript/fileName/FileSystemOperation.cs: c31a686e69e66801c204a11be56c950a -> f0ccbe91654279794a85bf6f1c034716
  custom:scripting/monoscript/fileName/IHasCustomDeprecationMessage.cs: 9768b9d067ed58d17066e455fc70a3fc -> 
  custom:scripting/monoscript/fileName/SceneRenderPipeline.cs: d9c9d6e82e7593e0669c18908137e969 -> 
  custom:scripting/monoscript/fileName/FlipbookNode.cs: 477ae09c48175148c8b62a153489d909 -> 
  custom:scripting/monoscript/fileName/CapsuleHandEditor.cs: 83e203519fd97d113728af2fac13955e -> 
  custom:scripting/monoscript/fileName/DropTarget.cs: 90647cc400823b41df847a6cbfc29026 -> 
  custom:scripting/monoscript/fileName/ShaderGeneratorMenu.cs: fb26803cd4e0e59f48750b632e730d5d -> 
  custom:scripting/monoscript/fileName/InverseLerpNode.cs: 3dcd936c6d97165b85188042a88b5049 -> 
  custom:scripting/monoscript/fileName/MigrateCollabProject.cs: af93695e471d9c8e4ad014c4165f2c3c -> 9f3487f03a783b35518405572f20ac9e
  custom:scripting/monoscript/fileName/AnalyticsUtils.cs: de4aa1897372684d3a67ac55d8fc7edf -> 
  custom:scripting/monoscript/fileName/CustomTextureSubTarget.cs: 6c544e28901053c6073bd2140cc5d64a -> 
  custom:scripting/monoscript/fileName/NegativePromptOperator.cs: 815defebcf819975cfdee9c085c7ad50 -> 
  custom:framework-win-MediaFoundation: 216162199b28c13a410421893ffa2e32 -> 
  custom:scripting/monoscript/fileName/HashFNV1A32.cs: e1eafe584e04fd2d8eca3c7d6ce37260 -> 
  custom:scripting/monoscript/fileName/ReorderableTextListView.cs: 90647cc400823b41df847a6cbfc29026 -> 
  custom:scripting/monoscript/fileName/PopupControl.cs: ea84f734416de5354b572e81c8380c24 -> 
  custom:scripting/monoscript/fileName/ProgressControlsForViews.cs: 7d677c6df38ab15cf390062b5b0bb854 -> a8a18a90f46aa63848e1e45d8d7ff9af
  custom:scripting/monoscript/fileName/NormalUnpackNode.cs: 9f4443d72a9358644b32892b5bf99254 -> 
  custom:scripting/monoscript/fileName/VolumesPreferences.cs: e79f4487bbdf3e6d15ac23fcb3663418 -> 
  custom:scripting/monoscript/fileName/BaseVisualElement.cs: 41f13541a96f1482e6b79a5f3f2996be -> 
  custom:scripting/monoscript/fileName/TextContent.cs: e0d2ee591009ed5092e3bd11649e47e0 -> 
  custom:scripting/monoscript/fileName/MultiJsonEntry.cs: 09952a61d6af0c01cb89b491bf9630da -> 
  custom:scripting/monoscript/fileName/StyleTrainerBackend.cs: c5e86cc9357cd629edd6e7f978c853c6 -> 
  custom:scripting/monoscript/fileName/SerializedPropertyExtension.cs: 7e5b8f797752552513c16dcc873748fb -> 
  custom:scripting/monoscript/fileName/VisualElementNotFoundException.cs: fb75b149ee57566da550ff39c6056721 -> 
  custom:scripting/monoscript/fileName/ComparisonNode.cs: 40a113968df3c5bd55837e4b01fcf27f -> 
  custom:scripting/monoscript/fileName/ProjectWindow.cs: c62567a3d71fd74636bc783de5162474 -> 
  custom:scripting/monoscript/fileName/Spacer.cs: 3fac01231831dde4228ef3b592ed0a32 -> 
  custom:scripting/monoscript/fileName/DrawAssetOverlay.cs: 04a46044def089f0abcdafdd281e3646 -> 
  custom:scripting/monoscript/fileName/KeywordCollector.cs: 66e00f4fade8976e4e7f99d3932a55f6 -> 
  custom:scripting/monoscript/fileName/Structs.cs: 4661defcb035e4ae0bd6539bbf7f29ed -> 
  custom:scripting/monoscript/fileName/MultiplyNode.cs: 6e0ca95900a8a046dac52d231151c7f9 -> 
  custom:scripting/monoscript/fileName/ImageArtifact.cs: f7bc8b0448a31df1f755dd0699bb7a5a -> 
  custom:scripting/monoscript/fileName/MergeLinksListView.cs: 826afb5fb5988163105086b4bf5027af -> c9488671ae9b14523680d0c19097baa0
  custom:scripting/monoscript/fileName/DebugUIHandlerVector4.cs: e730343de3ee7ffd5c7a036565d9bcc8 -> 
  custom:scripting/monoscript/fileName/NormalStrengthNode.cs: 99109f8af9ae2d140989247edac67eb3 -> 
  custom:scripting/monoscript/fileName/AbstractMaterialNode.cs: 3c4d685e0bc44f5afe406469148ac3a8 -> 
  custom:scripting/monoscript/fileName/DDXYNode.cs: f36160f249ab10fe09fe07b6620869d3 -> 
  custom:scripting/monoscript/fileName/UIMode.cs: 2415fdbccff4354abf9f31a999cc989f -> 
  custom:scripting/monoscript/fileName/ListViewItem.cs: 326c5eabddf9864b78868a6434ac78ec -> 
  custom:scripting/monoscript/fileName/TextureBrushTool.cs: 0554f06d76ed83bb34131f53ce23a6e8 -> 
  custom:scripting/monoscript/fileName/DebugUIHandlerButton.cs: 61c34d26760a8cefe50db9d4d4ab21ce -> 
  custom:scripting/monoscript/fileName/LightUI.Drawers.cs: 897b0afb82258a548946ddf4a7dc971e -> 
  custom:scripting/monoscript/fileName/DateField.cs: feb77a736081aab70ed63fef69c00497 -> 
  custom:scripting/monoscript/fileName/PBRMasterNode1.cs: 19303b083f3a653f7d58a1189b558540 -> 
  custom:scripting/monoscript/fileName/SizeIntField.cs: 9546cd4aad2707a7147cb9095f6d4998 -> 
  custom:scripting/monoscript/fileName/BuiltinKeywordAttribute.cs: b31a81566d4b9d26acf758abb061d4a6 -> 
  custom:scripting/monoscript/fileName/EditorProgressBar.cs: 7418be9b22aaea32732f8a5f49569d1c -> 08c2f2b90ef64df631d46389f0e22c8e
  custom:scripting/monoscript/fileName/RGBANodeOutput.cs: 1684b9c1a02fc22a5e91d34e3e2845e4 -> 
  custom:scripting/monoscript/fileName/Finger.cs: db7436df299dfbd90ae6aad46e6d2945 -> 
  custom:scripting/monoscript/fileName/SerializableTexture.cs: 681712cf30ac205eead483426b4a1921 -> 
  custom:scripting/monoscript/fileName/VertexColorNode.cs: eb8b72fefc396e9476206c81447fae42 -> 
  custom:scripting/monoscript/fileName/AssetMoveWatcher.cs: 991a20307c8f2e2fd790c7e7090bf607 -> 
  custom:scripting/monoscript/fileName/UnityObjectPicker.cs: 1386fe52bb314421e24752c4dc9a06e5 -> 
  custom:scripting/monoscript/fileName/PhysicalHandsSliderHelper.cs: cbbcf9ad3b2888f20949662a86f7419a -> 
  custom:scripting/monoscript/fileName/Quote.cs: a6081a86d957003ed19b1bd4df965477 -> 
  custom:scripting/monoscript/fileName/TrainingSetModelEvents.cs: aafb6a0b20b0bb274b299bb897da8904 -> 
  custom:scripting/monoscript/fileName/TrainingData.cs: 4cedb5329c658f84d99303ddf63aec13 -> 
  custom:scripting/monoscript/fileName/ArtifactNode.cs: 0f53defbb70ed19f2f61da31385e9b88 -> 
  custom:scripting/monoscript/fileName/RenderGraphResourceComputeBuffer.cs: dd25b3a8a214d271176542c4610b14a2 -> 
  custom:scripting/monoscript/fileName/PropertyNode.cs: 4ae4c00562af71cf9b803fcb674340a3 -> 
  custom:scripting/monoscript/fileName/ColorMaskNode.cs: b0d439257ab9d5bcc65bc5c6cfae8224 -> 
  custom:scripting/monoscript/fileName/MeasureMaxWidth.cs: cd9322680ae61d38397008451b7ed0ed -> 1569e3f1dad91a9b01cba66ab6aa30b0
  custom:scripting/monoscript/fileName/StyleModelList.cs: 925249c69604c6d79a493ec3321430cc -> 
  custom:scripting/monoscript/fileName/Texture2DArrayMaterialSlot.cs: cfd69d4e9ba4e76b2505b371edfe6d4f -> 
  custom:scripting/monoscript/fileName/ReorderableSlotListView.cs: 89c7e28f4ec7056d42ef199e11a6ef08 -> 
  custom:scripting/monoscript/fileName/ISizeableElement.cs: 33d3bde9f881b02e6aaf697c08c974cf -> 
  custom:scripting/monoscript/fileName/MaterialInspectorView.cs: 7e7434fc98bf896d1f7ace0431a14945 -> 
  custom:scripting/monoscript/fileName/SlotValue.cs: 67d58cf72e626fc76649dbd0fe4680b3 -> 
  custom:scripting/monoscript/fileName/ArtifactExtensions.cs: 2f097918603125212876c397b77eb192 -> 
  custom:scripting/monoscript/fileName/UserColors.cs: bf46de9ed288097d88c95c1f06a91caf -> 
  custom:scripting/monoscript/fileName/MousePositionDebug.cs: 5887a423cdfd2ef6af1f8a0932fb76e5 -> 
  custom:scripting/monoscript/fileName/IncludeDescriptor.cs: c88869f9cbc6f2a7f4092c431f3bee5b -> 
  custom:scripting/monoscript/fileName/IconHelper.cs: 468927bb450b54907c4b9ee9e81a083a -> 
  custom:scripting/monoscript/fileName/DebugUIHandlerFloatField.cs: 9a767a578a0218192c6245f5d8d0529a -> 
  custom:scripting/monoscript/fileName/EditorSpritePreferences.cs: 359f2cf230a507ca9eb5308c15a06acd -> 
  custom:scripting/monoscript/fileName/ImageVariationRequest.cs: 5b71d37b4ced9f4fa4aba0e9276a2834 -> 
  custom:scripting/monoscript/fileName/SingleExtensions.cs: c1bddaafd029f15a36d3f848ba08025c -> 
  custom:scripting/monoscript/fileName/KeywordCollection.cs: f7f7ff9c999b98272a701add594b3279 -> 
  custom:scripting/monoscript/fileName/ChangesetsListHeaderState.cs: 69fc4f1a2bc3782d7043ec48961a3616 -> fe1392f9b135da83e13fe8a5e5f39fc2
  custom:scripting/monoscript/fileName/ParentGroupChange.cs: 491de588c01804f87b9ba52123bb50be -> 
  custom:scripting/monoscript/fileName/PopupNotification.cs: 0cdf409b5aa8d4c25876d72b5c6a3b60 -> 
  custom:scripting/monoscript/fileName/MuseWindowTracker.cs: c07147d779a4bd270c651520b5071190 -> 
  custom:scripting/monoscript/fileName/Chunk_iTXt.cs: 92e0ead912a564f05af67238c8ebaffe -> 
  custom:scripting/monoscript/fileName/IMayRequireVertexColor.cs: 39d8dff5fa0b335fbc0de103479d2337 -> 
  custom:scripting/monoscript/fileName/TransformExtensions.cs: dbd2b7cbf5ed3973420ff60a11e58e84 -> 
  custom:scripting/monoscript/fileName/StencilExtensions.cs: a7db36dd290a745e21a258e68ca43f85 -> 
  custom:scripting/monoscript/fileName/NormalFromHeightNode.cs: cd1cc08323a7471dd418cc950a17df96 -> 
  custom:scripting/monoscript/fileName/MaterialHeaderScopeItem.cs: 15e77f97170e40eb9b4f71995e071f91 -> 
  custom:scripting/monoscript/fileName/PreviewElement.cs: ab4d4af569ec2144d51b33b804447d48 -> 
  custom:scripting/monoscript/fileName/TextToImageRequest.cs: 69542aab4ac947b24cf8befbdf3e52bb -> 
  custom:scripting/monoscript/fileName/FullscreenSubTarget.cs: 985b4bbd5425e43e4aa558a58393bbf2 -> 
  custom:scripting/monoscript/fileName/MainThreadDispatcher.cs: 68f6815e06a5ce58c0fb2b6cd99fa995 -> 
  custom:scripting/monoscript/fileName/DebugUIHandlerVector3.cs: cac992505629e655c98c5350599549ae -> 
  custom:scripting/monoscript/fileName/Matrix2Node.cs: e09158c31c4a574f4954e4a7672813f2 -> 
  custom:scripting/monoscript/fileName/ShaderInputPropertyDrawer.cs: 043006f49667f34ff5d1f6470deaed37 -> 
  custom:scripting/monoscript/fileName/EventServices.cs: 6229cafe96280844a3bf907e0592a7f4 -> 
  custom:scripting/monoscript/fileName/PendingChangesTreeHeaderState.cs: 7d278b5569d28437d07554a3bbb56e1b -> 5d7f70d142c9ac67864ec14950523d62
  custom:scripting/monoscript/fileName/ImageVariationSettingsRequest.cs: af7f367068b43933bf21aef2f9a44726 -> 
  custom:scripting/monoscript/fileName/FullscreenData.cs: c0d92c9989b2a53b398dec800cc3605f -> 
  custom:scripting/monoscript/fileName/IESImporter.cs: 6e3da015e76e870a21f7c6dc3efa4155 -> 
  custom:scripting/monoscript/fileName/ProbeBrickIndex.cs: e5b6f03771da821363681716a25ef393 -> 
  custom:scripting/monoscript/fileName/MissingEncryptionPasswordPromptHandler.cs: 7f5831fc8a41e9cadd84fcfd0e885072 -> 5d7b9646eb14a39b6d3d5bab19d266ff
  custom:scripting/monoscript/fileName/ChangelistMenu.cs: ca33bac56b3a337faa90a1b1bba632d6 -> c1bf5aeb760cc5eae584ea3944d6531b
  custom:scripting/monoscript/fileName/TargetUtils.cs: 333a156d0fb186d60e5317c3502637fc -> 
  custom:scripting/monoscript/fileName/NotificationBar.cs: d1a4cf5e8103d80fd25347275f906aa8 -> 50f1a85fa18d94338418def78dcd8543
  custom:scripting/monoscript/fileName/LightAnchorHandles.cs: 264a65bac2dc82b2f379459e789549b4 -> 
  custom:scripting/monoscript/fileName/UnityThreadWaiter.cs: dbd556f2802baab90a20da38c288d36c -> 99333406d92d10003984b4d1920de2f9
  custom:scripting/monoscript/fileName/BranchOnInputConnection.cs: 75397a9a4371077ce03aac03529f97dd -> 
  custom:scripting/monoscript/fileName/Matrix3ShaderProperty.cs: c1fd621c053452425644c809b69b5c6e -> 
  custom:scripting/monoscript/fileName/SquareBoxHandler.cs: f51b387b421e24615d4af4bc4c1614bb -> 
  custom:scripting/monoscript/fileName/VectorHand.cs: d4f424284308160a4d17d97836c59cdd -> 
  custom:scripting/monoscript/fileName/Matrix2MaterialSlot.cs: 93b6e87bdd33a71b4bfbaff3294fb80f -> 
  custom:scripting/monoscript/fileName/EditorWindowWithHelpButton.cs: 7615512044a09ac0b22677cf7e6564f0 -> 
  custom:scripting/monoscript/fileName/CredentialsDialog.cs: 179b5e49656a1623c2e79d838f0f5876 -> c785d5e40f8d66b7ef7ba04ee7c324e0
  custom:scripting/monoscript/fileName/TimedScope.cs: bf3d0d298d67ce31c0947db19da9f0f8 -> 
  custom:scripting/monoscript/fileName/SphereMaskNode.cs: d90ce48cae4e046a7a54d828910e4908 -> 
  custom:scripting/monoscript/fileName/AnchorPopupUtils.cs: a0584789c81f7f2d245326e3bebfa472 -> 
  custom:scripting/monoscript/fileName/DebugManagerWidgetUsedAnalytic.cs: cec7972a73f91023c3a95d5af1eaa641 -> 
  custom:scripting/monoscript/fileName/BaseArtifactCache.cs: 78ba67a07741bdd99c65c4dee258c39d -> 
  custom:scripting/monoscript/fileName/ExportHandler.cs: 1f8c2e2b9a25519d9a16ef0717256c8c -> 
  custom:scripting/monoscript/fileName/StringConstants.cs: 4dc223908517d89f5568f1bf4e9cfb06 -> 
  custom:scripting/monoscript/fileName/GetRestorePathDialog.cs: e21eb9983f0b989125951478cd5e9b35 -> 353d1126ca2d2063d5bdbd06806ffc08
  custom:scripting/monoscript/fileName/LightUI.Skin.cs: 570418b2eb18fb38d3dac62948c1bfd4 -> 
  custom:scripting/monoscript/fileName/IRectInterface.cs: aacdf0e3bc448efc0f435560577b612e -> 
  custom:scripting/monoscript/fileName/SGBlackboardField.cs: 585eb38cee0b6df385dc0300f8cc79a9 -> 
  custom:scripting/monoscript/fileName/UpdateReportListHeaderState.cs: 64a5bf775d221ad9a5ff8c78a1e0e1fa -> d6cbe54be2898ed2c96c2e79572c2e08
  custom:scripting/monoscript/fileName/SceneReadmePing.cs: 9b25e02b0229f3334982b3412c6ce1c6 -> 
  custom:scripting/monoscript/fileName/LocksListView.cs: 8c6202774eebcf67be9c3b5a2926cc7c -> 7aa51ff93bcc98aa05dec8b46ec200c4
  custom:scripting/monoscript/fileName/DownloadAndInstallOperation.cs: b043b8d5921892e87f4566e00162cff6 -> 4f4065aeafda2af0ec272a3c228e27b2
  custom:scripting/monoscript/fileName/OrNode.cs: 9782dc69ee68d31eed954cde967b1bf7 -> 
  custom:scripting/monoscript/fileName/DayPicker.cs: 3336c9057b1563f28e3d9c3a4250f8bf -> 
  custom:scripting/monoscript/fileName/ShaderDebugPrintManager.cs: 878035d2af0e822a777c15ace5361f02 -> 
  custom:scripting/monoscript/fileName/MigrationDialog.cs: 1a69d399f9c8aa816a053d285dd8bc5d -> 
  custom:scripting/monoscript/fileName/Anchor.cs: 92f81ef618fb83f66175ae6260a523e9 -> 
  custom:scripting/monoscript/fileName/ToggleControl.cs: 60d144dcba51798d3da8dbb18341ad2f -> 
  custom:scripting/monoscript/fileName/StartTrialResponse.cs: 4f89ea955d5f973884b90522d0e795e0 -> 
  custom:scripting/monoscript/fileName/ArtifactDragAndDropHandler.cs: e66449520ec138bdd53eec7634b6963c -> 
  custom:scripting/monoscript/fileName/Units.cs: 38daa0ea7a5f2c380de6e7a7c609ae24 -> 37c4edb88e9b56be5f2707f3667ee057
  custom:scripting/monoscript/fileName/BrushTool.cs: 0cdf409b5aa8d4c25876d72b5c6a3b60 -> 
  custom:scripting/monoscript/fileName/AsyncUtils.cs: 155ba1bf93fd0ef84c4a81a74ec7e9fb -> 
  custom:scripting/monoscript/fileName/GrabHelper.cs: 4541a9df053956b2156bf72af65deb25 -> 
  custom:scripting/monoscript/fileName/BookmarkManager.cs: d9e8641b6dd9d08743ab96743bebf8d2 -> 
  custom:scripting/monoscript/fileName/AssetsList.cs: 31d86d36f93c653f8720ba0424fb6e4f -> 
  custom:scripting/monoscript/fileName/DiffTreeViewMenu.cs: 3e62bfc69ca7486976988e151b88922e -> 8039fc4ecf68b3e966e1f4822789e7fa
  custom:scripting/monoscript/fileName/GradientEdge.cs: 81e0534ed426d5a7efc8cc1833300e37 -> 
  custom:scripting/monoscript/fileName/XRView.cs: 373d34f7d23b6980b61aef09e1a9d67d -> 
  custom:scripting/monoscript/fileName/ProfilingScope.cs: fe7bbf733eb633d739d6b231e7c0e0b5 -> faccdf064a44a2daaa0f0119bf865d8d
  custom:scripting/monoscript/fileName/GenerateLowerCaseStrings.cs: 8d64f621c9e8b7007dcbb267e8c822be -> 
  custom:scripting/monoscript/fileName/HandPoseValidator.cs: 372fe3f32029580835d71f4e57b03502 -> 
  custom:scripting/monoscript/fileName/UnityStyles.cs: 3baa02211be39820dbbec2a866a726db -> a77bf4c43409620cb9527bf40c7b31b2
  custom:scripting/monoscript/fileName/AssetVersion.cs: c0262ae848b4c268583fe7440af325ce -> 
  custom:scripting/monoscript/fileName/ColorMaterialSlot.cs: c9974e996e7b25a81a49eaea165db696 -> 
  custom:scripting/monoscript/fileName/SubTarget.cs: a3f994b931efdcf3d37d6bc087efae58 -> 
  custom:scripting/monoscript/fileName/CeilingNode.cs: c744213b34f40b0c63d08f9a48fefa53 -> 
  custom:scripting/monoscript/fileName/SerializationExtensions.cs: 0d0c499c61411a162f3c0b79e534e231 -> 
  custom:scripting/monoscript/fileName/SquareRootNode.cs: ae648ece4ec71d20cdc21077ea5ced73 -> 
  custom:scripting/monoscript/fileName/DebugManager.Actions.cs: 0a375f34ff2eff4c9a9b30e2b9c4fa38 -> 
  custom:scripting/monoscript/fileName/StructFields.cs: 873a2608dbe2a294cabca147bc1e6474 -> 
  custom:scripting/monoscript/fileName/HistoryTab.cs: 4d086984813cd90d6be245dd8e03a2ba -> d57f000c65fde42a2228c7a105a836e5
  custom:scripting/monoscript/fileName/HandModelManager.cs: cad9fb17855602ba5bd682b9d87f4527 -> 
  custom:scripting/monoscript/fileName/AnchorableBehaviourEditor.cs: ba3a76d98b8b36c320be49422caf1552 -> 
  custom:scripting/monoscript/fileName/RenderGraphResourcePool.cs: 341f54b84e13cb5332e31a59be8091d8 -> 
  custom:scripting/monoscript/fileName/ColorspaceConversion.cs: 3ac52b3dfff7b30791c4288e39cb54da -> 
  custom:scripting/monoscript/fileName/InstancingOptions.cs: da60cc1507ef72fc2fa9aa05bed3e83f -> 
  custom:scripting/monoscript/fileName/HistorySelection.cs: 7c3afcf345a55e8b77ea41ca0f570218 -> 3d07a3d1241e204b5420d71f1137eba4
  custom:scripting/monoscript/fileName/SGController.cs: 6ac971b1d1ee160f9776e5a9b10b35da -> 
  custom:scripting/monoscript/fileName/ShowWindow.cs: c731454122754eec192bc3c53fac3d95 -> a6bb1d20733c178256b38974418d7450
  custom:scripting/monoscript/fileName/CreateWorkspace.cs: 7b3086384e5ddcd73cd5064a3ce31cd2 -> 5256205b5cf0570b6f698c7abe518f5a
  custom:scripting/monoscript/fileName/AccountDropdownContent.cs: 4eee64192f1486edf0f7c526c4614d1a -> 
  custom:scripting/monoscript/fileName/LocksListHeaderState.cs: b80c5f044f18764adef2e9dbea5f0fb1 -> c7fe4d3b5f954615048f8e79925d29e3
  custom:scripting/monoscript/fileName/Artifact.cs: f9b3ce1896376c81c396ae4c652fdc60 -> 
  custom:scripting/monoscript/fileName/TrainingRoundsContent.cs: 541d8113a84b8e005f2a6624d5989a8f -> 
  custom:scripting/monoscript/fileName/PrecisionColors.cs: e3cfd602324c789797e01ffb5d67bc55 -> 
  custom:scripting/monoscript/fileName/SVSquare.cs: 1b432deb87fac92f80a0fe99a56c4ff8 -> 
  custom:scripting/monoscript/fileName/IncludeCollection.cs: 1c038cd7cb4bcef079611fca79cf38ce -> 
  custom:scripting/monoscript/fileName/CreateRepositoryDialog.cs: 1e1c5399cf3d0b071c7982c565a710ce -> 5cec3e66b09e0dbe1f805953c5c64af9
  custom:scripting/monoscript/fileName/SpritePreferences.cs: 60cded6df0fe684b8a08905a3ac238ff -> 
  custom:scripting/monoscript/fileName/ProgressControlsForMigration.cs: dafc8442bdd0dcb5e871e398f32473ec -> 
  custom:scripting/monoscript/fileName/RenameBranchDialog.cs: a3111a345c6451ee64cd16f1989c2313 -> e5c89c05c87517babb3730e87196a494
  custom:scripting/monoscript/fileName/ContactHand.cs: 11e4bbb850dcbbca2b105b2ade06f336 -> 
  custom:scripting/monoscript/fileName/ReflectionProbeNode.cs: 182d55271fe9b97a41f0167ca7e2fb89 -> 
  custom:scripting/monoscript/fileName/SimpleImageArtifact.cs: 03f41fbc7b8afabc190bf9bab6e49edc -> 
  custom:scripting/monoscript/fileName/Swizzle.cs: 0b3a0210a7cc34ae62cac85a59c9c8cc -> 
  custom:scripting/monoscript/fileName/Texture2DArrayInputMaterialSlot.cs: 3357b5df35fb9e2858362c78d19c544d -> 
  custom:scripting/monoscript/fileName/KeyCodeExtensions.cs: bc64d91ab9eab30889fb6bcd41dad5d0 -> 
  custom:scripting/monoscript/fileName/AddNode.cs: 99a7d5a15d18be29ef0817e1cc4abf40 -> 
  custom:scripting/monoscript/fileName/EncryptionConfigurationDialog.cs: 6423045767c07e6360ff314ec741c601 -> 19e9c54aff6ffc68d60fe11f80578947
  custom:scripting/monoscript/fileName/DielectricSpecularNode.cs: fa592a1c315a9037d8b23600c4338708 -> 
  custom:scripting/monoscript/fileName/IApp.cs: 67d80403cf6549b9afa9c4656bcee33d -> 
  custom:scripting/monoscript/fileName/OutputMetadata.cs: 3ff85b993b3bd129934f2a951181d982 -> 
  custom:scripting/monoscript/fileName/AbstractMaterialNode0.cs: c1380a255463575644bce9bc9f459bfc -> 
  custom:scripting/monoscript/fileName/MuseModeAsset.cs: b9a420f824c31b3edcda0befabdedc15 -> 
  custom:scripting/monoscript/fileName/Logging.cs: dd3d661ffaebba62958d74f71aff62b2 -> 
  custom:scripting/monoscript/fileName/SubscriptionExpiredNotificationView.cs: a3fd2efc2c58564ef6bad16f60c918dd -> 
  custom:scripting/monoscript/fileName/BlackboardCategoryController.cs: 3eb54254a3b9bee318b1b43744f0e832 -> 
  custom:scripting/monoscript/fileName/VolumeParameter.cs: 005432ce47891dd47f1826e5449dafc6 -> 
  custom:scripting/monoscript/fileName/ChangingEvent.cs: 52294d215f73118153766794d56d2473 -> 
  custom:scripting/monoscript/fileName/SimpleNoiseNode.cs: faad7eaafa61b443ff96be8eb718c485 -> 
  custom:scripting/monoscript/fileName/GraphData0.cs: 4e5874440c7e3df8ae6441d1bfc7d8db -> 
  custom:scripting/monoscript/fileName/EnumPropertyDrawer.cs: ab52acf746d4ae1e3c1dbf50d9edd711 -> 
  custom:scripting/monoscript/fileName/Texture2DAtlasDynamic.cs: 31643daeb9958a0a8cdbf55cdb90144f -> 
  custom:scripting/monoscript/fileName/RefDataEnumerable.cs: 0cdf409b5aa8d4c25876d72b5c6a3b60 -> 
  custom:scripting/monoscript/fileName/CheckinProgress.cs: 298ac58365579798eb3b4defc181ccaf -> 75b93dbc5ef307111f0647f735640420
  custom:scripting/monoscript/fileName/RenderPipelineUtils.cs: 360f0663fcb7d100aa69df48bf3c9c97 -> 
  custom:scripting/monoscript/fileName/MaterialRefineView.cs: f4b4052fae6377f28d7dc0c4cab6e5b4 -> 
  custom:scripting/monoscript/fileName/IMusePreferences.cs: abae60b8cbff56f74d04b9e75189e040 -> 
  custom:scripting/monoscript/fileName/Toggle.cs: 017904334519ba6715a1a15f6aaaacc0 -> fc59b554e8aca13c5f78dc9bb5f2dcbb
  custom:scripting/monoscript/fileName/BlackboardViewModel.cs: d569dd3e5950f2026366f406ef038587 -> 
  custom:scripting/monoscript/fileName/GenerateOperatorUI.cs: 8b7f80ad8efd8c599e6417e8b8454481 -> 
  custom:scripting/monoscript/fileName/ProbeVolumePositioning.cs: c1e4bbbf7b8a1ee4380c4c0893d787c8 -> 
  custom:scripting/monoscript/fileName/PageView.cs: b6575a0cd18fba497277a29259801e70 -> 
  custom:scripting/monoscript/fileName/PbrMapGeneratorJob.cs: 92a94fefd1ad1a6b5d3d66339fe8e9bb -> 
  custom:scripting/monoscript/fileName/TouchSliderFloat.cs: 3e57afb4e5b2b34607b95cbe35359ce8 -> 
  custom:scripting/monoscript/fileName/Modal.cs: ac4f1ddb04edb0dd87aee595e7480a25 -> 
  custom:scripting/monoscript/fileName/PositionMaterialSlot.cs: 5afb2c710415cb30297af7a2f2c03aa4 -> 
  custom:scripting/monoscript/fileName/AdditionalPropertiesPreferences.cs: 3198283b161ec5304674eb4bc14c27c6 -> 
  custom:scripting/monoscript/fileName/DegreesToRadiansNode.cs: fe4aa751b90507ff58846f4f3a07181d -> 
  custom:scripting/monoscript/fileName/PendingChangesSelection.cs: 766664749a54eea9ecce5dff917430ef -> 1721ad72d074757364587c71b49d9382
  custom:scripting/monoscript/fileName/MaterialPreviewSceneHandler.cs: 6e6d28ddcc566d62837ba66db20879fd -> 
  custom:scripting/monoscript/fileName/TextureSamplerState.cs: fa032aa80d2b589cd23cc43cf2d3df49 -> 
  custom:scripting/monoscript/fileName/ProbeVolumeEditor.cs: 22592b55d4ac0e101bb581b172a6eba4 -> 
  custom:scripting/monoscript/fileName/ArtifactData.cs: 2b8227e2d001a0449d584e15a3844f28 -> 
  custom:scripting/monoscript/fileName/Vector2Field.cs: 6b17e9437443e0cbb2f04b30e343c6d5 -> 
  custom:scripting/monoscript/fileName/SampleTexture2DLODNode.cs: b90e79ac0535e770229358ec9dd0b24d -> 
  custom:scripting/monoscript/fileName/StackPool.cs: 90647cc400823b41df847a6cbfc29026 -> 
  custom:scripting/monoscript/fileName/FieldDependency.cs: 016807e5ad00ead7a39b332a06dfb49a -> 
  custom:scripting/monoscript/fileName/Handler.cs: 37a2fd607c6ff4883384408b7183ae79 -> 
  custom:scripting/monoscript/fileName/StyleModelEditorUIEvents.cs: 3c685096cfeb812484068abc2178cceb -> 
  custom:scripting/monoscript/fileName/CanvasManipulator.cs: 51c58ff48bcc2da62ab8258b844bf1e9 -> 
  custom:scripting/monoscript/fileName/PhysicalHandEventsEditor.cs: b1ba163e06c3f526400417b60ab91aea -> 
  custom:scripting/monoscript/fileName/MaterialGeneratorUtils.Jobs.cs: e051205dad2cfdcbc65a83de5cdb81ab -> 
  custom:scripting/monoscript/fileName/DebugManager.cs: b5b6c6e0a3a5071aac556c096ee98154 -> 
  custom:scripting/monoscript/fileName/MultiIntegerSlotControlView.cs: c5970743598a387d4bf9d88c87de6154 -> 
  custom:scripting/monoscript/fileName/MuseModeImporter.cs: 056ea6e19325cb40b7a8ce2d477ebdbd -> 
  custom:scripting/monoscript/fileName/MetalReflectanceNode.cs: a291dc3bbf72397a92ee33543879e80d -> 
  custom:scripting/monoscript/fileName/DebugUIHandlerPersistentCanvas.cs: 881cb6da0581e458cc1d1b1032615074 -> 
  custom:scripting/monoscript/fileName/Utils.cs: bc1e2299af153b91ed82798eb25359d1 -> 40c528c300bfc0733192292a788cb076
  custom:scripting/monoscript/fileName/ShaderStrippingWatcher.cs: d0483b6d92c8f2a1338f54ef985e87c0 -> 
  custom:scripting/monoscript/fileName/ShaderSubGraphImporterEditor.cs: 06566c8d3e116836ac6e23527398c9da -> 
  custom:scripting/monoscript/fileName/LongField.cs: e1e7f73a20df11b5b5836a08d4ef0814 -> 
  custom:scripting/monoscript/fileName/TextAreaCount.cs: 246c29ebce272a035a405afe611bd2d8 -> 
  custom:scripting/monoscript/fileName/HierarchicalSphere.cs: 33dd18c9974f4503485d40564984db28 -> 
  custom:scripting/monoscript/fileName/CreateShaderGraph.cs: 165435789e1010305b59dbe9987d16f9 -> 
  custom:scripting/monoscript/fileName/HandBinderData.cs: b6f8be1fc9e9d40611d6bc7395dd34b1 -> 
  custom:scripting/monoscript/fileName/GenerationAPIAttribute.cs: fca5e4c4754178ef8c2272b3502b7966 -> 
  custom:scripting/monoscript/fileName/MaterialQuality.cs: 3003f4dff6b765b397e8ebcb0d3b0b85 -> 
  custom:scripting/monoscript/fileName/AOCache.cs: b4fceafc116b9c9cdaec3ad8e7b592ef -> 
  custom:scripting/monoscript/fileName/LoadAsset.cs: 9042eb334fc462cf466672445be1d4c2 -> 5e4e082aa5b21c13b80eb237fe94d00b
  custom:scripting/monoscript/fileName/ProbeTouchupVolume.cs: 7d25ed5e4fbf70734e71aa6ded08ab86 -> 
  custom:scripting/monoscript/fileName/AsyncRelayCommand{T}.cs: a78b7dd3235f68e176b91d4ce37350d3 -> 
  custom:scripting/monoscript/fileName/VolumeAdditionalGizmo.cs: f9ee2381d7eba89616f0b6172a4f1461 -> 
  custom:scripting/monoscript/fileName/ExponentialNode.cs: 6ef769ab4df38ec70175dc27d2fb2300 -> 
  custom:scripting/monoscript/fileName/Images.cs: 0b0c14141950fed99e3ef33199b3b4c9 -> fbdd1e600315d249327f3effde045c9d
  custom:scripting/monoscript/fileName/DrawLocksListViewItem.cs: ce3a3d64ec2d84c3556ffd4141efc4f7 -> 6201c4d50383e970d554210505562d37
  custom:scripting/monoscript/fileName/SpriteRefinerBackend.cs: 84bf89c12de06aee628b7f464eca7a0f -> 
  custom:scripting/monoscript/fileName/ResizeSideHandle.cs: c628b98303f6122a4cf4c38b9ce4270a -> 
  custom:scripting/monoscript/fileName/DrawProgressForOperations.cs: ea9179848be98ee7719316b39339ef29 -> b544f18e6532ba53bbd1b691fa5cd571
  custom:scripting/monoscript/fileName/TrackpadGestureManipulator.cs: 58b1136f367f60be8c53e52c844a3d03 -> 
  custom:scripting/monoscript/fileName/ProbeVolumeUI.Drawer.cs: 87e9c7910750af1fd635a31a863f013b -> 
  custom:scripting/monoscript/fileName/RenderGraphResources.cs: 37061c2f5f7894143beb9c0e77e39e55 -> 
  custom:scripting/monoscript/fileName/ClientDeprecatedNotificationView.cs: 353ae66bc3f592131011ced583c4dee0 -> 
  custom:scripting/monoscript/fileName/GradientControl.cs: 323bfe3fc3fc416107ea053b9a7c8b0c -> 
  custom:scripting/monoscript/fileName/SubtractNode.cs: 6ffd21b973bc26a88645a8d6bb37479c -> 
  custom:scripting/monoscript/fileName/SerializableMesh.cs: 33a42fba66be740a4dd92deeb80ba186 -> 
  custom:scripting/monoscript/fileName/SliderInt.cs: 15d5dd9c532a4e4102831f3b424ae31e -> 
  custom:scripting/monoscript/fileName/GraphObject.cs: 495846df814ac129cd979629710b945d -> 
  custom:scripting/monoscript/fileName/CategoryColors.cs: d938da63573f09f3a227826d72f06942 -> 
  custom:scripting/monoscript/fileName/ViewSwitcher.cs: 4df4bf16a6790d08087362d43c346234 -> dd1f6d6bc6ad5beda69b13cdb560799f
  custom:scripting/monoscript/fileName/SpriteGeneratorBackend.cs: 6bf3da9ab2fc01add511d63ba5dc7c5e -> 
  custom:scripting/monoscript/fileName/RepositoryListViewItem.cs: 2f16ba7694ec7934685021093e722c4e -> 3cabcd81911a2500dcd9e2b6ffae3f00
  custom:scripting/monoscript/fileName/InspectorAssetSelection.cs: 71ba78e42827a9b22a9a6016733d756f -> 4b3c1ae4c44d88205aef26229acfe022
  custom:scripting/monoscript/fileName/LengthNode.cs: a498f3332cd1fd8e9ab8769b7fc090ec -> 
  custom:scripting/monoscript/fileName/RenderGraphLogger.cs: 1f7cedd928b1794552eeaf5ac375607b -> 
  custom:scripting/monoscript/fileName/LensFlareEditor.cs: 7141c522ebf9958bfe3c3bbc28b1f213 -> 
  custom:scripting/monoscript/fileName/ISelectableElement.cs: 550dbbfaa6f508cb3e546e5270ea56a9 -> 
  custom:scripting/monoscript/fileName/DefaultControl.cs: 9cb08b21926893ba69a3ff12dad8fa5b -> 
  custom:scripting/monoscript/fileName/StickyNoteData0.cs: a54c1a2c1fbfd6cc4737a0e8c187342f -> 
  custom:scripting/monoscript/fileName/UVCPackageVersion.cs: c4d95cb84d9d8dff4727eba6b0a64378 -> 
  custom:scripting/monoscript/fileName/IncomingChangesTreeHeaderState.cs: 67923e7c73743bbc0577bc7d884f3ba2 -> 9fcb97ef2da44c66332f5c6800c2e6ed
  custom:scripting/monoscript/fileName/TextureArraySlotControlView.cs: 9daed598b0443ebcf7a9613203390d04 -> 
  custom:scripting/monoscript/fileName/DefaultShaderIncludes.cs: c799633db67ccea2f71847c02d7df1ba -> 
  custom:scripting/monoscript/fileName/TextureXR.cs: b45ac17e1af7c719bc92462d9967f047 -> 
  custom:scripting/monoscript/fileName/RenderPipelineGlobalSettingsUI.Drawers.cs: 0679449e826e891c094dc0e864842b41 -> 
  custom:scripting/monoscript/fileName/Vector4ParameterDrawer.cs: 56131359163895f44318af914b8db51e -> 
  custom:scripting/monoscript/fileName/TimeUtils.cs: 969b6b65df9eb2062c5034c63a4433d1 -> 
  custom:scripting/monoscript/fileName/HDROutputUtils.cs: 9438361ffa1f27efae2239670b2b02ee -> 
  custom:scripting/monoscript/fileName/KeywordDescriptor.cs: 3ead088fab00afaf0f68e50aba69dac0 -> 
  custom:scripting/monoscript/fileName/RemoveRange.Extensions.cs: 449327d926c8242df000be9a6e08887a -> 
  custom:scripting/monoscript/fileName/CalculateLevelOfDetailTexture2DNode.cs: 1ffe1e8f01a5e3959b126f2583bad30d -> 
  custom:scripting/monoscript/fileName/KeyboardFocusController.cs: 2c23b93e7effc67939cfc047dfc68ea9 -> 
  custom:scripting/monoscript/fileName/WorkspaceOperationsMonitor.cs: 5f05751fd4d94e02e79a5bf200f98f9a -> 43dcc435c252a54bdaaf4d6588b7d66e
  custom:scripting/monoscript/fileName/BaseTextElement.cs: f0acf0cb60299ab3ab5a2958d337d80c -> 
  custom:scripting/precompiled-assembly-types:Unity.RenderPipelines.ShaderGraph.ShaderGraphLibrary: 2b0f70078629f68eaf72bd5c996d479d -> 
  custom:scripting/monoscript/fileName/KernelCollection.cs: 2603acf0598cc6c46703f1cf5241be85 -> 
  custom:CustomObjectIndexerAttribute: 9a22284fe3817be447336de3de66b15e -> 
  custom:scripting/monoscript/fileName/DummyShaderGraphLibrary.cs: 41e966b44a323280b81a439303fbb896 -> 
  custom:scripting/monoscript/fileName/SubscriptionCallout.cs: 29787b3c50c2d1c4bbad7bcf14f95252 -> 
  custom:scripting/monoscript/fileName/NodeUtils.cs: c3de1fa7d415926ee4d17872fe450873 -> 
  custom:scripting/monoscript/fileName/DebugUIDrawer.cs: 6461ca30604cde9cde36cda6949bc070 -> 
  custom:scripting/monoscript/fileName/SceneDepthNode.cs: d395d2146c43caf5e9e45a338894cc77 -> 
  custom:scripting/monoscript/fileName/DateRangeField.cs: 18a3081d423f9dd00074bdd2a1decfde -> 
  custom:scripting/monoscript/fileName/SampleOutputData.cs: 22897aa19694a789bc4585e82c2b289b -> 
  custom:scripting/monoscript/fileName/BaseShaderGUI.cs: 027bf8702e8a7b80538a4cde9cffdb8f -> 
  custom:scripting/monoscript/fileName/RedirectNode.cs: 934b52eba3c628494b9b5a702aded844 -> 
  custom:scripting/monoscript/fileName/PhysicalHandsAnchorable.cs: b508847e6a3b5efea365c3da3ebe2939 -> 
  custom:scripting/monoscript/fileName/ResizeBorderFrame.cs: 7a774684061922ae2fd242db9638ef4b -> 
  custom:scripting/monoscript/fileName/VolumeComponentListEditor.cs: 886928832cf33ebbc49a67caf6e72f85 -> 
  custom:scripting/monoscript/fileName/MatrixTransposeNode.cs: 7049d8a94c05248ea66e6c5ff6e5825b -> 
  custom:scripting/monoscript/fileName/SessionStatusTracker.cs: d1bd15b3f52d6a967c41a0ae6696be12 -> 
  custom:scripting/monoscript/fileName/SingleLayerEditor.cs: ccbe7a0e77f891393bc795657f3ca081 -> 
  custom:scripting/monoscript/fileName/Matrix3MaterialSlot.cs: 5aba613fcb2fdcd132d5da0335ed1d08 -> 
  custom:scripting/monoscript/fileName/CustomFunctionNodePropertyDrawer.cs: 29b64018b4eda097929f22dbdbc34699 -> 
  custom:scripting/monoscript/fileName/ArcsineNode.cs: ae07d633f0d3dad04d3ecf95a8371211 -> 
  custom:scripting/monoscript/fileName/AvatarGroup.cs: 856ba944e1220d5eccc32d6f44f5fce6 -> 
  custom:scripting/monoscript/fileName/DebugUIHandlerIndirectFloatField.cs: 95b277ed711fe70eace7b31293d272cb -> 
  custom:scripting/monoscript/fileName/TextureSlotControlView.cs: 2c9e551b84d00e25927276b05e64d7ef -> 
  custom:scripting/monoscript/fileName/IRequiresData.cs: 90647cc400823b41df847a6cbfc29026 -> 
  custom:scripting/monoscript/fileName/GraphEditorView.cs: 7ed274a5604e03394582f9448c4a4094 -> 
  custom:scripting/monoscript/fileName/BackgroundExtensions.cs: 386ca0ce48d2373077577e9f234c43b8 -> 
  custom:scripting/monoscript/fileName/DivideNode.cs: f5b5aa8a7cdce7f5896a2240e43a17b6 -> 
  custom:scripting/monoscript/fileName/FocusControllerExtensions.cs: 3e28bd997a1bd462eec9a663b45883e4 -> 
  custom:scripting/monoscript/fileName/SpriteMuseArtifact.cs: 169af3c16476726535ea090295f9f19c -> 
  custom:scripting/monoscript/fileName/ObservableList.cs: 0cdf409b5aa8d4c25876d72b5c6a3b60 -> 
  custom:scripting/monoscript/fileName/GestureRecognizer.cs: 69c54d4064c4fac5398cdf6a7d82738d -> 
  custom:scripting/monoscript/fileName/GenericShaderGraphMaterialGUI.cs: 707be86a803c27f435ceb3f2f8849d44 -> 
  custom:scripting/monoscript/fileName/ContextualMenuDispatcher.cs: 66b714e105ffefc8223b1d698dd7d8c1 -> 
  custom:scripting/monoscript/fileName/UIToolkitHost.cs: 5ddc88fbbd5f6c588fe3a6491f51af09 -> 
  custom:scripting/monoscript/fileName/UndoCommand.cs: 84bd278cfab2b81c7d20ce863ce8a773 -> 
  custom:scripting/monoscript/fileName/MacOSConfigWorkaround.cs: 8634a542fc5c45ea8cd9a8244bf2c871 -> 9fe61e763da506601651f6c451cecb0a
  custom:scripting/monoscript/fileName/IncomingChangesSelection.cs: 281fe0b171b5382d8cd906c4490e5804 -> d86f9f4463e6f9d99bb815e1f018ccf1
  custom:scripting/precompiled-assembly-types:Unity.RenderPipelines.Core.ShaderLibrary: 3c0b64ed630330ed2a6537a9f18dabb5 -> 
  custom:scripting/monoscript/fileName/Edge.cs: 270eeb3545dc302af543cef48dee1505 -> 
  custom:scripting/monoscript/fileName/AccountStatus.cs: a31543dc3392e6c786f25ead659fdd93 -> 
  custom:scripting/precompiled-assembly-types:Unity.Muse.AppUI.Undo: 90c4760754dea85555fa42533ea09da1 -> 
  custom:scripting/monoscript/fileName/DistanceNode.cs: 7f1bfda7e5fbd4cffc73b57bee9199d9 -> 
  custom:scripting/monoscript/fileName/SerializedHashSet.cs: 90647cc400823b41df847a6cbfc29026 -> 
  custom:scripting/monoscript/fileName/HandTrackingHintManager.cs: 0c0570d9d14436d342247485eb9d5364 -> 
  custom:scripting/monoscript/fileName/Text.cs: 1b125045ab42deab9337829e89569121 -> f3cd2527cc0cf233b21b58a0a7d6ebc9
  custom:scripting/monoscript/fileName/ModuloNode.cs: 0005d8d462be0bcb49c3fc662377c4c3 -> 
  custom:scripting/monoscript/fileName/InspectorViewModel.cs: 0888ac1596555ddb96e64fa2d9a41c78 -> 
  custom:scripting/monoscript/fileName/ICache.cs: 90647cc400823b41df847a6cbfc29026 -> 
  custom:scripting/monoscript/fileName/DefaultTextureExporter.cs: 6e9bc6f59a9b59ee880ee1fb7a5cce7c -> 
  custom:scripting/monoscript/fileName/BlackboardUtils.cs: e07f7d9c186311962d0e94dadff7125b -> 
  custom:scripting/monoscript/fileName/ValueUtilities.cs: 2583410ddc8a2b51c717f97370293c59 -> 
  custom:scripting/monoscript/fileName/SampleOutputPromptExample.cs: a795a77ce31794a73cb2faffe136be7b -> 
  custom:scripting/monoscript/fileName/TaskExtensions.cs: e5efce602ba92c639819dd2bae61750f -> 
  custom:scripting/monoscript/fileName/IVolumeDebugSettings.cs: d284003db842de1e393a4d587b979d0e -> 
  custom:scripting/monoscript/fileName/Optional.cs: 5e2ab9cfe81e04de31d18dbafae66b8c -> 
  custom:scripting/monoscript/fileName/PlasticProjectSettingsProvider.cs: cef4f9742a881d06eb679f9d361242a3 -> 8c4ae1aeb34c51d2a5a8924265075ff2
  custom:scripting/monoscript/fileName/CapsuleHand.cs: 9643c85e715d551bf04a8ccb7f75485d -> 
  custom:scripting/monoscript/fileName/SoftContactParent.cs: 4bfc6cc255dd07ba23a36e5ca3c3618c -> 
  custom:scripting/monoscript/fileName/SerializedProbeTouchupVolume.cs: 6e1625e5cf9e6147fb34d8f08a426bc5 -> 
  custom:scripting/monoscript/fileName/AssetMenuItems.cs: 9ce81cedb8e568c6b7b646aa6263645b -> 
  custom:scripting/monoscript/fileName/AnchorPopup.cs: 44ef4c6c726e4a1804f6d0c83e493e3e -> 
  custom:scripting/monoscript/fileName/RTHandles.cs: f8bd5612a2e588042e75c94d0f90f684 -> 
  custom:scripting/monoscript/fileName/MessageManager.cs: 18a22eb4f1ab146e49f583363b8f7aba -> 
  custom:scripting/monoscript/fileName/ArrayExtensions.cs: 586f3d775bf9cb769bdcc142d72eecd8 -> 
  custom:scripting/monoscript/fileName/ToolConstants.cs: a088b027c7b0922429c756f12b0507ea -> 3b0d2490617bc7f94a0bdab65a399e1d
  custom:scripting/monoscript/fileName/UVNode.cs: cbb7266edd5ca5b6a2c047332ffaf56b -> 
  custom:scripting/monoscript/fileName/BooleanMaterialSlot.cs: 032e657665a7a3e2d5edda2698c926fe -> 
  custom:scripting/monoscript/fileName/AbstractSelfRefreshingCacheWrapper.cs: 90647cc400823b41df847a6cbfc29026 -> 
  custom:scripting/monoscript/fileName/UsageResponse.cs: c0592b045a5c3e090f870b45c3f76b9b -> 
  custom:scripting/monoscript/fileName/ShaderTypeGeneration.cs: c77a77319aa341b6da7db8c134cae8ef -> 
  custom:scripting/monoscript/fileName/RemapNode.cs: 570ae176f7e563dd4b3ade9aa62c5a4d -> 
  custom:scripting/monoscript/fileName/ShowArm.cs: 5bfbe67de8a9e84623a626c5757d22ca -> 
  custom:scripting/monoscript/fileName/FieldCollection.cs: 6c9bbaa11690f91d9836da5ff0a30618 -> 
  custom:scripting/monoscript/fileName/ColorSwatch.cs: d6d756065a06eb0db3d1f414d0f5f0f2 -> 
  custom:scripting/monoscript/fileName/Platform.cs: d5901f8152568d72ce4278c2421275e0 -> 
  custom:scripting/monoscript/fileName/ConditionalField.cs: c564f8a3a018d0a0828ffed4b4b01fa4 -> 
  custom:scripting/monoscript/fileName/GetSelectedPaths.cs: 02423a81496d6c63598b5cdc203f4354 -> be35dd49dddd53fc840b9febf21b4d0d
  custom:scripting/monoscript/fileName/TokenExchangeResponse.cs: 0dd9138dbeab6f132711a5b608de5c13 -> f20183d4cf939766d3c1e15cc3bec2e3
  custom:scripting/monoscript/fileName/InspectorView.cs: 6dbb9e353e62a56cce5e9afd9e78aecc -> 
  custom:scripting/monoscript/fileName/ExperimentalProgramChangedTracker.cs: 4598bec9764a10141ec9916b6d4b787c -> 
  custom:scripting/monoscript/fileName/ChangesetsTab_Operations.cs: eca44847b108faefa69f8c525242c965 -> 3290c4c0cd248666e01a08ee6d621249
  custom:scripting/monoscript/fileName/Tooltip.cs: 02ca485cb24f1d508c09d3d0ff6a5982 -> efbd10c978725fde614599dc839eb715
  custom:scripting/monoscript/fileName/LeapImageRetriever.cs: c184e471d5e849cfae351dc71b82aa05 -> 
  custom:scripting/monoscript/fileName/OverlayRect.cs: 59d6887e4803f8a44ffaa0409470e410 -> 
  custom:scripting/monoscript/fileName/ConfigurePartialWorkspace.cs: 309d4276b0164b05348aedbd51cc0b2f -> 10fcc6b6d43dd5ed36c43c6f7b5906c4
  custom:scripting/monoscript/fileName/DebugUIHandlerValue.cs: e17a49bd7d7afcbd1140aa8f466d0c60 -> 
  custom:scripting/monoscript/fileName/IESEngine.cs: d4367da80063ba1b79cde6213e76034a -> 
  custom:scripting/monoscript/fileName/VisualElementExtensionsBridge.cs: ec369d36c6468c97e130328c90e933ce -> 
  custom:scripting/monoscript/fileName/ValidRepositoryName.cs: 43c262be3f66a970816e3d3a3ee8872a -> 56bcf92a3678f6ad6215cae2e4914cfd
  custom:scripting/monoscript/fileName/ActionDetector.cs: 844f06a6b8ee11ba11ab9057f085cff1 -> 
  custom:scripting/monoscript/fileName/Vector3Field.cs: 09c662da12b61f0e60a1a72c1ad65484 -> 
  custom:scripting/monoscript/fileName/Arm.cs: 010ea98d3323a185f2519303e59c455c -> 
  custom:scripting/monoscript/fileName/GraphCode.cs: 2f3a13dd45adf62515a891644f26050b -> 
  custom:scripting/monoscript/fileName/SerializedBitArray.cs: 3124f9ab59b458ae8b8667ef2d167f46 -> 
  custom:scripting/monoscript/fileName/SpriteGeneratorSettingsOperator.cs: 6e3ddac79652e84170610f2a2e0c4d5e -> 
  custom:scripting/monoscript/fileName/TouchSliderInt.cs: 8342ec31db7f867f98fe73e71fb25340 -> 
  custom:scripting/monoscript/fileName/PanelExtensionsBridge.cs: 5ae73243ab5212c82fc6c5c257483cd7 -> 
  custom:container-demuxer-webm: 4f35f7cbe854078d1ac9338744f61a02 -> 
  custom:scripting/monoscript/fileName/CategoryData.cs: a952e7360f78e5e6228dbe2661e68e40 -> 
  custom:scripting/monoscript/fileName/UndoStack.cs: f2a7a896a3eb43f16c36c3ace5ee0903 -> 
  custom:scripting/monoscript/fileName/VoronoiNode.cs: 664cc8054b20c3b2197e59e6d4d687f0 -> 
  custom:scripting/monoscript/fileName/VolumeComponentEditor.cs: e713fb5ef22374f3d1d0fd6d90d25c83 -> 
  custom:scripting/monoscript/fileName/AccountUtility.cs: 4a5fe01e813df741308fab2fbbeb902f -> 
  custom:scripting/monoscript/fileName/VolumeProfileUsageAnalytic.cs: c303191e0589f049d0401b7828e41445 -> 
  custom:scripting/monoscript/fileName/QuaternionPropertyDrawer.cs: 16041442e75d4d955aa971c3c1eeadba -> 
  custom:scripting/monoscript/fileName/GetPlasticShortcut.cs: 2a84c035152261f00e7e66eb44cd0ffa -> 5c2b7bf07ddd2284efc64b09ef0f1f72
  custom:scripting/monoscript/fileName/TextureStackNode.cs: 5577248ad493b8eb80830f7800809157 -> 
  custom:scripting/monoscript/fileName/VersionCheckTask.cs: c676fa93c50f9db1805f03cebbaa3105 -> 
  custom:scripting/monoscript/fileName/KeywordEntry.cs: bb057a1b8ea36a0cfa9fefa32dca8f9e -> 
  custom:scripting/monoscript/fileName/CSharpToHLSL.cs: 38b06233807f54c46b18038446e5b273 -> 
  custom:scripting/monoscript/fileName/RuntimeGizmoManager.cs: 62abafbfec9821801e1846f63ba7b148 -> 
  custom:scripting/monoscript/fileName/ShaderGraphRequirementsPerKeyword.cs: 33081336a47a3f3aab4dc88f78e77c53 -> 
  custom:scripting/monoscript/fileName/LensFlareCommonSRP.cs: e040bda547003d870feb49f4a812737a -> 
  custom:scripting/monoscript/fileName/GuiEnabled.cs: 1b1658fd7715b5cc664c10a130c6b629 -> 7bb13fcc8d8cbd392e00f7232841f086
  custom:scripting/monoscript/fileName/FeedbackManager.cs: 1ebd3b7a4415ad0d311cd77eac0e15c1 -> 
  custom:scripting/monoscript/fileName/Drawers.cs: c785ed4942098e751ced76453e8d4c1f -> 
  custom:scripting/monoscript/fileName/BuildPathDictionary.cs: 943911b84162d26cea47f964f9a0a399 -> 9fabc7cc73fcfc50b8a3307c6aa6ec4d
  custom:scripting/monoscript/fileName/FindEditorWindow.cs: 2bb64182aef631315344623cf583c78a -> 8c3c78bb7e82ac5008f8a2b8a0d68cff
  custom:scripting/monoscript/fileName/DebugWindow.cs: 8c578d72b05b0ea4a8def6cd7527fca9 -> 
  custom:scripting/monoscript/fileName/ObjectUtils.cs: 4fd3929bdf9a1e1e0030f700f0e79eb8 -> 
  custom:scripting/monoscript/fileName/SampleVirtualTextureNode.cs: 0253cf198849574bc8dd18038cec5517 -> 
  custom:scripting/monoscript/fileName/BuiltInTarget.cs: d1a419093fcce99b9bc3407874041f3f -> 
  custom:scripting/monoscript/fileName/FractionNode.cs: bcf3e78bb51847c69f139a8174d77938 -> 
  custom:scripting/monoscript/fileName/DrawProgressForViews.cs: c153245b67af73b7ee03f693a1127796 -> 068a172cb549ad77d9873d721698bd0d
  custom:scripting/monoscript/fileName/Texture2DExtensions.cs: 2bf942fe70866dac1f9e913650fab5b1 -> 
  custom:scripting/monoscript/fileName/SearcherTreeUtility.cs: 1c1dde25a990554df40195be39ea9474 -> 
  custom:scripting/monoscript/fileName/SampleOutputVersionRow.cs: 298873222f83390232355adadae7e1be -> 
  custom:scripting/monoscript/fileName/MultiFloatSlotControlView.cs: 2c3d24e60c902415ec2784ac0d2a1bc7 -> 
  custom:scripting/monoscript/fileName/StartTrialRequest.cs: 6b8cb74dbc4afb801e1fa00cf68fbdb6 -> 
  custom:scripting/monoscript/fileName/IOperatorAddHandler.cs: dc8103e14f76aadee5a0ebb8a7464f73 -> 
  custom:scripting/monoscript/fileName/SerializableEnum.cs: b94fa8ae7a3d143cd17fa4f38c0d1da4 -> 
  custom:scripting/monoscript/fileName/UpdateReportDialog.cs: 706e7e86547c339cdb3a4462e3f7a54d -> 087837d8f73228f1a817d0de82c77260
  custom:scripting/monoscript/fileName/SaturateNode.cs: 699472c06e43bbf995782a88e4317d65 -> 
  custom:scripting/monoscript/fileName/EnumEventTableEditor.cs: d2dcdb7de2ae719813f4704638229579 -> 
  custom:scripting/monoscript/fileName/SampleVirtualTextureNodePropertyDrawer.cs: ba35fb91682dfcd143a224ae6f509126 -> 
  custom:scripting/monoscript/fileName/HistoryListView.cs: 527da2d093462f1c4a278d6957e7d5ac -> 7b2d1d2c12ab43d9d244e35197127919
  custom:scripting/monoscript/fileName/RetrieveDefaultStyleTask.cs: 7ccfecca194d13e5f9362b45aead0523 -> 
  custom:scripting/monoscript/fileName/AssetTargetField.cs: b0f499b9caf1456ffbe3eb6bf0f204c0 -> 
  custom:scripting/monoscript/fileName/IAdditionalData.cs: 810db5327ffb9880a04f2a783a99459a -> 
  custom:scripting/monoscript/fileName/ChangeTreeViewItem.cs: e3d78a2bee9cc81382a4cb8578dc4fb0 -> b0a38ce0a620643c776a3db4fd91bc4c
  custom:scripting/monoscript/fileName/RenderPipelineResourcesEditor.cs: da12466a77e8246247437b56706dcc8e -> 
  custom:scripting/monoscript/fileName/ColorNode.cs: dc3b622ead159f9b1dbd4b336a7ed5df -> 
  custom:scripting/monoscript/fileName/CreateBatchPbrMapJob.cs: 43020fbfd59750908682950f09216659 -> 
  custom:scripting/monoscript/fileName/DateRangePicker.cs: 8d5e43f6351a5491058c70c73c6e5764 -> 
  custom:scripting/monoscript/fileName/LightmappingShaderProperties.cs: 693fbd896015807765d3c0420fada953 -> 
  custom:scripting/monoscript/fileName/SGBlackboardCategory.cs: 1f33298b31cd20c215c4b754296d5230 -> 
  custom:scripting/monoscript/fileName/BaseSlider.cs: 0cdf409b5aa8d4c25876d72b5c6a3b60 -> 
  custom:scripting/monoscript/fileName/CubemapSlotControlView.cs: 1b9ebba3af004db687146fae7ff22318 -> 
  custom:scripting/monoscript/fileName/EnvironmentLibrary.cs: 81bfe315836a7746628030a8a000f64e -> 
  custom:scripting/monoscript/fileName/PinchDetector.cs: dbf14b640955b5cfc3e469d098350aa9 -> 
  custom:scripting/monoscript/fileName/ClientStatusRequest.cs: d7116851b0af3916e0de23bee73945f9 -> 
  custom:scripting/monoscript/fileName/DrawState.cs: fcfb22c9164866a2ea462c65383188f7 -> 
  custom:scripting/monoscript/fileName/PhysicalHandsSettingsPopup.cs: 81a31fde36163116b1cc550c9025efe6 -> 
  custom:scripting/monoscript/fileName/GlobalPreferences.cs: f1f6286dcc811ce5819558867abf8414 -> 
  custom:scripting/monoscript/fileName/AccountInfo.cs: a6eecfd9eb4ce59620bf9573a08812ac -> 
  custom:scripting/monoscript/fileName/ControlNetGenerateRequest.cs: c1242a9adc4f69f0a5c367461591d60a -> 
  custom:scripting/monoscript/fileName/VolumeProfileFactory.cs: 07cba80e1acee59cfc91e9a2ae5de351 -> 
  custom:scripting/monoscript/fileName/ContextView.cs: 894de9edad232a906733dbe0604ff311 -> 
  custom:scripting/monoscript/fileName/CreateLitShaderGraph.cs: 401711b3796d8d79ee08a6a26df4ba52 -> 
  custom:scripting/monoscript/fileName/BringWindowToFront.cs: 88b20f2a2881db6a013f54923d68cdee -> a30c7c1ba746c6d277a5aedd3057d15e
  custom:scripting/monoscript/fileName/ServerConfig.cs: 007537d1aaca1dea14b2594125e38207 -> 
  custom:scripting/monoscript/fileName/PhysicalHandsButtonEditor.cs: ffbf990c9bf4e06868cf9305dbb44772 -> 
  custom:scripting/monoscript/fileName/SplitViewPaneCollapsedEvent.cs: 48a706f8d96743963653e5f96f4a2489 -> 
  custom:scripting/precompiled-assembly-types:Unity.RenderPipelines.Core.Editor: f8860ff5929cb85b004a64116af8e0c7 -> 
  custom:scripting/monoscript/fileName/ProbeVolume.Migration.cs: 90647cc400823b41df847a6cbfc29026 -> 
  custom:scripting/monoscript/fileName/RectField.cs: d14c37cd497b121aa9c60eb568c940cd -> 
  custom:scripting/monoscript/fileName/PowerNode.cs: e140ed63a07306e1605770c1307a3854 -> 
  custom:scripting/monoscript/fileName/ElementResizer.cs: 89881509c81716ab7ffc0211e63b240a -> 
  custom:scripting/monoscript/fileName/DebugUIHandlerProgressBar.cs: 5c9de320a5b26c78920d45e64e640bd3 -> 
  custom:scripting/monoscript/fileName/Chunk_tEXt.cs: 35e653231bbafc7536c57eb63ecb05cd -> 
  custom:scripting/monoscript/fileName/LaunchCheckinConflictsDialog.cs: 4417eba1591eccb2221bfdce0106c1e0 -> e2c1e3f8f4e14a62e4363fe6259adbc2
  custom:scripting/monoscript/fileName/BlockFields.cs: 009858767e9ac588e945745ac4bb7993 -> 
  custom:scripting/monoscript/fileName/Panel.cs: e7d27ab93edbfa2b8581c2361506daff -> 
  custom:scripting/monoscript/fileName/UnityObject.cs: 508786b4d8395f87febfd22c86f8828d -> 
  custom:scripting/monoscript/fileName/ParseArguments.cs: 03c1a4d7e357164ca313a0019713c3db -> ae915d9f5fe287ced40627c9ca8bfafd
  custom:scripting/monoscript/fileName/PropertyNodeView.cs: 1f85a7f6237ebd36b9e03a330244de0d -> 
  custom:scripting/monoscript/fileName/DropdownEntry.cs: db5289b6277aa5d447d21aff046b3d05 -> 
  custom:scripting/monoscript/fileName/ExternalLink.cs: 7eb9650651b43fb98c07816e49275ba9 -> a8ff952d8c27d10f226ab92b7aa83b69
  custom:scripting/monoscript/fileName/WaitingSignInPanel.cs: 247680fcfc6a176b9fa28a3df600a754 -> 7585e1c7111b6b900784e6d1c9454258
  custom:scripting/monoscript/fileName/ProbeReferenceVolumeProfile.cs: 21d07430f4ea5ffdd88994079a001e9a -> 
  custom:scripting/monoscript/fileName/LensFlareEditorUtils.cs: 19d9ebbefdcfdbabdd8e3ef723a9db75 -> 
  custom:scripting/monoscript/fileName/ICanvasTool.cs: 012b86214b80934bb2b9ce7a93591b32 -> 
  custom:scripting/monoscript/fileName/IMaySupportVFX.cs: 3166db1a8a7d1f64edbeb3ab405f11c4 -> 
  custom:scripting/monoscript/fileName/AmbientNode.cs: e05c8e9760550c6a36e7c15781fa5170 -> 
  custom:scripting/monoscript/fileName/TypeMapper.cs: 7f16345aafb00d4f5b0a96b0ad05718b -> 
  custom:scripting/precompiled-assembly-types:Unity.Muse.Texture.Editor: 992181d0f240a02e75b9dde4132ba528 -> 
  custom:scripting/monoscript/fileName/TestingHelpData.cs: 0d1f98ae9b6fa0253523889fad413adb -> 
  custom:scripting/monoscript/fileName/OperationProgressData.cs: 0db72349eeecbe9449a517b1d79cc760 -> 15f68712baaea535af36d9e0333c0a6e
  custom:scripting/monoscript/fileName/Identifier.cs: 623cfbd28a15ebbc5052c092af66ed56 -> 
  custom:scripting/monoscript/fileName/ExternalLinkMenuItem.cs: 23530011005c4434a25ddf2167e5b34a -> 
  custom:scripting/monoscript/fileName/IMayRequireTime.cs: ad507264604dd04184c0529a3756b5bc -> 
  custom:scripting/monoscript/fileName/DebugState.cs: 08c6f080780f0e58ab66c0a3e8c209e4 -> 
  custom:scripting/monoscript/fileName/ProbeVolumeGIContributor.cs: a8ecca381c7fd8254ce6d9180ba95af5 -> 
  custom:scripting/monoscript/fileName/XRGraphicsAutomatedTests.cs: eae85d88de55e6520580ddb15f4f529f -> 
  custom:scripting/monoscript/fileName/IControlAttribute.cs: ef027089ea9ebc99b4a09681ebaffb5e -> 
  custom:scripting/monoscript/fileName/ServicesCollectionExtensions.cs: d177dd596a6cfe0290b20f9cf6b22d0a -> 
  custom:scripting/monoscript/fileName/PinchGesture.cs: cdd2d4ea9ed0a448dc676e483f74e33c -> 
  custom:scripting/monoscript/fileName/UIFoldoutEditor.cs: d40e3e7b47c78d373d8e78599c52a994 -> 
  custom:scripting/monoscript/fileName/CSharpExtensions.cs: 85106955723467757fce4c5c47b96afc -> 
  custom:scripting/monoscript/fileName/PhysicalHandsButton.cs: a310cd191f4f4a1dde9f1da68490aabc -> 
  custom:scripting/monoscript/fileName/RepositoriesListHeaderState.cs: c0353a1af15ae4fd3d5a2a3cac816423 -> fb71b961ab7c924511a6b0e8680b60ee
  custom:scripting/monoscript/fileName/DebugUIHandlerObjectList.cs: a475d22ce8f16edbf16eeb7f9ade8601 -> 
  custom:scripting/monoscript/fileName/HandBinderAutoBinder.cs: edb82f8ce8c83a0eee563dac58b30740 -> 
  custom:scripting/monoscript/fileName/DebugUIHandlerToggle.cs: 740a014288b306e4dea1a34b1032b829 -> 
  custom:scripting/monoscript/fileName/PropertyUtil.cs: 77e9d16978431b3c694e883dcf23240a -> 
  custom:scripting/monoscript/fileName/TextToImageItemRequest.cs: f6d3179c46f42b42a71ae0053f7f72d0 -> 
  custom:scripting/monoscript/fileName/StackIndicator.cs: f711fef9166a824dc71a6e80a46ef66a -> 
  custom:scripting/monoscript/fileName/ClientDiffTreeViewItem.cs: 56be9d3aa410e770e75de2d8b93be89d -> 43bdd7aa5bf1aa039a5b572c119c38d0
  custom:scripting/monoscript/fileName/Blitter.cs: e1b76b0af1a215217f8675b505b84f93 -> 
  custom:scripting/monoscript/fileName/ClientStatus.cs: 9056ded828cbe92c0cb28adadd2c0606 -> 
  custom:scripting/monoscript/fileName/InspectorName.cs: a645d37531a0c2b48fd054600f314a8a -> 
  custom:scripting/monoscript/fileName/ILegacyTarget.cs: 923f47aa4547412e5de6f4b3c4999997 -> 
  custom:scripting/monoscript/fileName/CreateWorkspaceView.cs: c40bc4c8524ef3e2374ef997beb2e4a6 -> 9ae2295080d141c0f12d02a71014e11c
  custom:scripting/monoscript/fileName/CommandLineArguments.cs: 0d20ca25f94249586a7c1484c469d8a2 -> 48a62ad3f817c0269ea7fc4a53799594
  custom:scripting/monoscript/fileName/NetworkNotificationView.cs: ff7afcebb6c381a93c69345000c49c8e -> 
  custom:scripting/monoscript/fileName/PrimitiveObjectsProvider.cs: 3285e9119ddddcd1007b2cc368a47b1e -> 
  custom:scripting/monoscript/fileName/DownloadRepository.cs: 46fc68d9cc4da8e8ed765ff28b2dd438 -> 5bad8d3f76a3fcb41a94637e37c11ab0
  custom:scripting/monoscript/fileName/SampleTexture3DNode.cs: 9c49d9ef8f525311c7d3367fb2236654 -> 
  custom:scripting/precompiled-assembly-types:UltraLiteDB: a4536179d4e722c80ce4b464dccf6a50 -> 
  custom:scripting/monoscript/fileName/ObjectPools.cs: bd9b03fedf47069fb35d83319d7bb848 -> 
  custom:scripting/monoscript/fileName/ParentWindow.cs: 2476d8a6ba9c3055f984ac9792cae61a -> d6aa079e592e01701c5baa3ab98898bc
  custom:scripting/monoscript/fileName/OperationParams.cs: 091a140b35535b91c773ddf98925322d -> 3312c7a4424a66ffbf2f88f056f329aa
  custom:scripting/monoscript/fileName/TextFieldExtensions.cs: 7efb6ce12656100110538ee0fafe2876 -> 
  custom:scripting/monoscript/fileName/IControl.cs: 28bf27fcbc3918495f7363c219f5d509 -> 
  custom:scripting/monoscript/fileName/IMaterialSlotHasValue.cs: 90647cc400823b41df847a6cbfc29026 -> 
  custom:scripting/monoscript/fileName/DebugUIHandlerIntField.cs: 086f57d3c5f4df925fc8a9793bf5b625 -> 
  custom:scripting/monoscript/fileName/PortInputView.cs: d7994c9c42fe213110eabe96af4b2caa -> 
  custom:scripting/monoscript/fileName/ProbeVolumeBakingProcessSettingsDrawer.cs: a732d4179f45764caa1691bb55cefa57 -> 
  custom:scripting/precompiled-assembly-types:Unity.Muse.Sprite.Common: 8eebeddf6e23be20804381c76d824c3d -> 
  custom:scripting/monoscript/fileName/Heading.cs: a16c68fa00c01f804b13f9452b287284 -> 
  custom:scripting/monoscript/fileName/ImageOverride.cs: 879be216ecf9cf4cec0fe9f1c19b0302 -> 
  custom:scripting/monoscript/fileName/FresnelEffectNode.cs: d1c618e4224796ea6c2f366b433bca6d -> 
  custom:scripting/monoscript/fileName/RenderGraphViewer.cs: 26a9115bcc21e5c36ba722be1441e8d1 -> 
  custom:scripting/monoscript/fileName/SimpleAnchorFeedback.cs: 3665e1889154e3af3c5d796e5c582816 -> 
  custom:scripting/monoscript/fileName/SerializedProbeVolume.cs: 659d623ae1f3fa20040907491cb7a084 -> 
  custom:scripting/monoscript/fileName/Comment.cs: 25347c85bea1c4f7f81ef2e7e846a724 -> 
  custom:scripting/monoscript/fileName/IAnalyticsData.cs: cd0ff3d6b4d339cb6972d1eb5be477c9 -> 
  custom:scripting/monoscript/fileName/SignInWithEmailPanel.cs: a5823728eb62cf6dbd8c933c1cb26f53 -> 6e8957c0ed7609303e68389067e72d72
  custom:scripting/monoscript/fileName/BufferedRTHandleSystem.cs: b3c5d78351e9fd8c620ba35efb81184c -> 
  custom:scripting/monoscript/fileName/VolumeMenuItems.cs: d8525aaf2535cbc3e22aa5153cbfd864 -> 
  custom:scripting/monoscript/fileName/ContextChangedEvent.cs: 90647cc400823b41df847a6cbfc29026 -> 
  custom:scripting/monoscript/fileName/SliderBase.cs: 0cdf409b5aa8d4c25876d72b5c6a3b60 -> 
  custom:scripting/monoscript/fileName/DebugUIHandlerField.cs: 90647cc400823b41df847a6cbfc29026 -> 
  custom:scripting/monoscript/fileName/ProbeSubdivisionResult.cs: d41dab42f8f0f436ef0f7c95a7754191 -> 
  custom:scripting/monoscript/fileName/HardContactBone.cs: 6ca47938be8a18501277992230753ea0 -> 
  custom:scripting/monoscript/fileName/Utilities.cs: 09f0e0edaa1a2a592528d4ee11740803 -> 
  custom:scripting/monoscript/fileName/NumericalField.cs: 0cdf409b5aa8d4c25876d72b5c6a3b60 -> 
  custom:scripting/monoscript/fileName/GenerateAnalyticsData.cs: 3d522ceb9078c3a62566f2acd66d0805 -> 
  custom:scripting/monoscript/fileName/VolumeParameterDrawer.cs: 4f7ed0dd5606800b0584aa45570acd09 -> 
  custom:scripting/monoscript/fileName/EditorTexturePreferences.cs: cbc8839c662ae888b3cb91fc8d5c773e -> 
  custom:scripting/monoscript/fileName/Matrix4ShaderProperty.cs: ff58c6654172fcb3f2bad12ed5e02a31 -> 
  custom:scripting/monoscript/fileName/ArtifactComparer.cs: 50988d3e62d0157bb981f1848f3d6cb1 -> 
  custom:scripting/monoscript/fileName/VolumeDebugSettings.cs: 90647cc400823b41df847a6cbfc29026 -> 
  custom:scripting/monoscript/fileName/ColorShaderProperty.cs: 85812e83c056d2832dd294fd38221d6f -> 
  custom:scripting/monoscript/fileName/LaunchInstaller.cs: f9b7c99441bc32980ce9b95be066824b -> b75efdf5909b501e06cacd9c66f75981
  custom:scripting/monoscript/fileName/PngMetadata.cs: 3648d1d1b8822c750e60d6d9f7b6437a -> 
  custom:scripting/monoscript/fileName/DisplayWindow.DebugSidePanel.cs: fdc76af93c95796253fa211c3d9c79fa -> 
  custom:scripting/monoscript/fileName/AvatarImages.cs: ea6dca998cf0ec5122553a9e010ef687 -> 3aa8c25a350843151ec4070c820c411a
  custom:scripting/monoscript/fileName/AsyncThunkActionCreator{T,U}.cs: 90647cc400823b41df847a6cbfc29026 -> 
  custom:scripting/monoscript/fileName/ServiceDescriptor.cs: 2586fb8ba53c7794e33a539f04b7ecb0 -> 
  custom:scripting/precompiled-assembly-types:Unity.ShaderGraph.Editor: c1525a57fcc0975bebd8e69021b1ccd9 -> 
  custom:scripting/monoscript/fileName/PhysicalHandsSettings.cs: d0f455c53af84dccb014c620669fe864 -> 
  custom:scripting/monoscript/fileName/LookDev.cs: 081eaeba7abf519152f4b806040014ac -> 
  custom:scripting/monoscript/fileName/Breadcrumbs.cs: b9a221ac08089146c355402840a63981 -> 
  custom:scripting/monoscript/fileName/BooleanNode.cs: 1d8422a441c52773972a805fe68bbf97 -> 
  custom:scripting/monoscript/fileName/DrawHelpPanel.cs: 58c832ce9ea1a11e2724de5dd46ca0cb -> 
  custom:scripting/monoscript/fileName/BuiltInStructs.cs: d8cfc2348442544723b6903c1220b3fe -> 
  custom:scripting/monoscript/fileName/CameraUI.Skin.cs: 6b931c755be6b8c07068541044964215 -> 
  custom:scripting/monoscript/fileName/ShaderGraphVfxAsset.cs: 6262928fe123b0b018ee700d7453cf36 -> 
  custom:scripting/monoscript/fileName/DrawUserIcon.cs: 2f65feb9bed897237f97fbf9c5479092 -> 7d5385bf780ae84e648a8b49f8fe0825
  custom:scripting/monoscript/fileName/ExploreWindow.cs: 9c0beea6d7c242ec9c43321ff5d0cf44 -> 
  custom:scripting/monoscript/fileName/ColorPropertyDrawer.cs: f299dbde1ed48058d7c3a657e2baaace -> 
  custom:scripting/monoscript/fileName/ProbeGIBaking.Dilate.cs: 330e56460745b2173b246e880ce62600 -> 
  custom:scripting/monoscript/fileName/MuseProjectSettings.cs: f6bfc58722c0bef559f10b25da829363 -> 
  custom:scripting/monoscript/fileName/ProbeVolumeUI.Skin.cs: 7801e9e2c1b1a7b2a9bdb93331590558 -> 
  custom:scripting/monoscript/fileName/AssetStatus.cs: b9ea657347f2c22e8e401cdb256c516c -> e017010009bdb28bcb0d7d8ef05e7dd9
  custom:scripting/monoscript/fileName/FloatPropertyDrawer.cs: 7cae5c87d04fa44fe05c3c5f9c4c3327 -> 
  custom:scripting/monoscript/fileName/StringBuilderExtensions.cs: 9c3fe87dfb0e6e574f80d909898312d9 -> 14a3bca92eed52569c50d58813f48a9b
  custom:scripting/monoscript/fileName/BranchesListView.cs: 334a3fb302f855f71fb71520fb442a71 -> 3f5ed9fe5a1bca512014ae1600ee1666
  custom:scripting/monoscript/fileName/DrawGuiModeSwitcher.cs: 363adc150c5f1c5059a678f179906090 -> d3be34a3134d3fe80ef6b14d0d519128
  custom:scripting/monoscript/fileName/IInpaintArtifact.cs: 71710b84521c09da603d6f610d632e8f -> 
  custom:scripting/monoscript/fileName/DefaultStyleData.cs: f107dc8d7d955fb03d1c0c3f0e07ea88 -> 
  custom:scripting/monoscript/fileName/ViewDirectionMaterialSlot.cs: 7f2e086f1f2545af02d9e066e7521d2b -> 
  custom:scripting/monoscript/fileName/PostProcessProvider.cs: 5dc671b1ce468d0ceaa22040b0b96cae -> 
  custom:scripting/monoscript/fileName/PropertyCollector.cs: 5aec76e46f924ccaca627d25d35b649a -> 6105c04b1425b941f8345268630cb955
  custom:scripting/monoscript/fileName/Pressable.cs: ecc7fce147591205ea46c279670392ed -> 
  custom:scripting/monoscript/fileName/SearcherHighlighter.cs: 96b2a76d470d934733c63af4ac6c5753 -> 
  custom:scripting/monoscript/fileName/TexturePreferences.cs: 9e9eeb28a9e9254f0670ad9fd580d6f4 -> 
  custom:scripting/monoscript/fileName/ServiceProvider.cs: 585a79ab47dd4bdc2641355277c4bb84 -> 
  custom:scripting/monoscript/fileName/FrameTimeBottleneck.cs: d01d47bf3e1bc0a82ba4d22b88f163af -> 
  custom:scripting/monoscript/fileName/SceneReadme.cs: 837784e580c2b09dc3be74ed25e121f9 -> 
  custom:scripting/monoscript/fileName/AllNode.cs: 83b94838bda7348905391e55c215aa61 -> 
  custom:scripting/monoscript/fileName/MaterialGeneratorUtils.cs: 264156a956160884654db046ba84c385 -> 
  custom:scripting/monoscript/fileName/UnityMenuItem.cs: 5f445176ad3735e69769d93250663be7 -> 73f3c859f1b5092ad362c09e23b3a922
  custom:scripting/monoscript/fileName/WebRestApiClient.cs: c0bdde7ff9e25b1ad06e078e6d9b2fe0 -> 746756fd499dddd02a4e7ccdbac48be3
  custom:scripting/monoscript/fileName/GenericLoader.cs: e1fa4e0d631497395ff28f361b27ae1f -> 
  custom:scripting/monoscript/fileName/VectorControl.cs: fec38ebbffeaceffe3a426e14dc05343 -> 
  custom:scripting/monoscript/fileName/ISGViewModel.cs: 6d5f55b34620b5e6e80de89953ea7619 -> 
  custom:scripting/monoscript/fileName/RenderSettingsData.cs: 69aff330f4c2053056bb8a1a13ade9e5 -> 
  custom:scripting/monoscript/fileName/TextField.cs: 27b8e2d765b2a044de50e0789c8d472f -> 
  custom:scripting/monoscript/fileName/RTHandleSystem.cs: 5daf6630b1cf6890990a3fe2d5894f57 -> 
  custom:scripting/monoscript/fileName/PooledHashSet.cs: 90647cc400823b41df847a6cbfc29026 -> 
  custom:scripting/monoscript/fileName/GrabBall.cs: 5cb523a35a193328aa0d3569ba6d3ae4 -> 
  custom:scripting/monoscript/fileName/ArtifactCache.cs: b88f9181a4477b01f1fabac4cee659a5 -> 
  custom:scripting/monoscript/fileName/TextureUtils.cs: 96c52c9335cfe3a7c581206bf4bd5190 -> 
  custom:scripting/monoscript/fileName/ChannelMixerNode.cs: f8fa57c5899bfd5b3c064a5e50084c10 -> 
  custom:scripting/monoscript/fileName/VisualEffectMasterNode1.cs: 3167e4ed8c337d21ef1f60ad900e1ed1 -> 
  custom:scripting/monoscript/fileName/EditorFactoryRegister.cs: 0baddd38abcf103706b8f94fddb3e44d -> 
  custom:scripting/monoscript/fileName/DebugUpdater.cs: 9f45699e51aad71e72798c0917e036ec -> 
  custom:scripting/monoscript/fileName/Progress.cs: 7fd32468eca0fb3d9196b2ee9ce33d83 -> 
  custom:scripting/monoscript/fileName/Config.cs: 6db961422a9eb4ebb513fcaebf633aea -> 
  custom:scripting/monoscript/fileName/IUIToolkitHost.cs: 86bb7925232ce352b3beae83884edafe -> 
  custom:scripting/monoscript/fileName/Link.cs: a604654c6a55510100b9ec850d60965b -> 
  custom:scripting/monoscript/fileName/VolumeGizmoDrawer.cs: 8dbc4f9ac43bd980d2e6c851ff7abb4c -> 
  custom:scripting/monoscript/fileName/GradientSlotControlView.cs: 6aa8c827bcb9730efaf8c4c543b8a406 -> 
  custom:scripting/monoscript/fileName/PrefabCreateMenu.cs: 824eef5039ecb1c3a2ba97f088b746a2 -> 
  custom:scripting/monoscript/fileName/Connection.cs: 2ee471f900f6cc4109915e5da51dc329 -> 
  custom:scripting/monoscript/fileName/RefValueEnumerable.cs: 0cdf409b5aa8d4c25876d72b5c6a3b60 -> 
  custom:scripting/monoscript/fileName/IncomingChangesTreeView.cs: 78411a54601a32b278de0dd7d80f8670 -> 96479648d4498738733254eb4e4c6fb5
  custom:scripting/monoscript/fileName/GenericProgress.cs: 11287c7d038c487f32d0c8edc476a32d -> 8492ec26f01fc248d3eb3c2f5b3b6c0f
  custom:scripting/monoscript/fileName/ContactUtils.cs: 80ef19b742cfd55f5cd608ad4b75ec54 -> 
  custom:scripting/monoscript/fileName/ThirdPartyDialog.cs: b9fd89df3c96090c2136db7f708a4926 -> 
  custom:scripting/monoscript/fileName/DebugConfig.cs: 911a8027ed6925e28ba42c6639aeed57 -> 
  custom:scripting/monoscript/fileName/CanvasBackground.cs: 1a5e02a5093a6b0acb21a1340832dd51 -> 
  custom:scripting/monoscript/fileName/SpriteTextureDropManipulator.cs: 65dd243619523b490574e56c0a7688f3 -> 
  custom:scripting/monoscript/fileName/MergeCategoryTreeViewItem.cs: c1ecd9dc0cd73eb7eb129994dedc1a91 -> 6bd59fcbfeafe06987a54631991d755b
  custom:scripting/monoscript/fileName/UpscaleOperator.cs: c8f680caca627842632169b5226ea2c2 -> 
  custom:scripting/monoscript/fileName/CheckinDialog.cs: 1709b78fae1329cc05fd4f39334b25f5 -> 702fdb8d0a3b4bfcb9ba109e71325cad
  custom:scripting/monoscript/fileName/HandBinder.cs: 96338de9f44e9b767ff7f165eab3e092 -> 
  custom:scripting/monoscript/fileName/PositionNodePropertyDrawer.cs: d861897e7dc6e5354efb456bec1b85e2 -> 
  custom:scripting/monoscript/fileName/ProcessCommand.cs: 2cc3b6e2a763c7f353b474b6904b45a6 -> 
  custom:scripting/monoscript/fileName/NeededCoordinateSpace.cs: c0fa3569cde4bce581e19d224b878525 -> 
  custom:scripting/monoscript/fileName/StyleTrainerConfig.cs: 478a647c1b8f7e7cab6b229b88339ed8 -> 
  custom:scripting/monoscript/fileName/INodeModificationListener.cs: 049764a02981c89e0f2136f3b74968d0 -> 
  custom:scripting/monoscript/fileName/BlendNode.cs: b4b4f143c52d64a21519d88e8be249aa -> 
  custom:scripting/monoscript/fileName/SignInController.cs: 28bdc22b3b4ee913c93e5c55da9130db -> 
  custom:scripting/monoscript/fileName/SortOrderComparer.cs: 8f6297df34271fdb1ce2d9607ec6261d -> 90647cc400823b41df847a6cbfc29026
  custom:scripting/monoscript/fileName/Hammersley.cs: 339155ffee6a61a50f127221824effe3 -> 
  custom:scripting/monoscript/fileName/ProbeVolumeBakingWindow.cs: 6398185119c24ed7ab727bbfaaa97955 -> 
  custom:scripting/monoscript/fileName/TrackingMarkerObject.cs: 6a486067d52d517689e002cc07ffa479 -> 
  custom:scripting/monoscript/fileName/MuseToolbar.cs: 1e77ae6d5a9783d0ad66e76460888b2a -> 
  custom:scripting/monoscript/fileName/GUIActionRunner.cs: 69af7de0762ed6d085feb4cc4b5101b3 -> 4a0608de635b0d82868d57923d68eff7
  custom:scripting/monoscript/fileName/TitleAttribute.cs: 6053f45d1ef3cb2403c076ab952fed60 -> 
  custom:scripting/monoscript/fileName/EditorPrefBoolFlags.cs: 90647cc400823b41df847a6cbfc29026 -> 
  custom:scripting/monoscript/fileName/PlasticMenuItem.cs: 30c3a785b4c2607e2ae9aad693d5f604 -> 
  custom:scripting/monoscript/fileName/KeywordUtil.cs: c019dfc0d535a55189103208d163ebfb -> 
  custom:scripting/monoscript/fileName/MemoryManager.cs: 2338971ab50b15cd7d4fd5181ba63ee3 -> 
  custom:scripting/monoscript/fileName/FieldDescriptor.cs: 4d97f5765ff9e60faa7a5a5be9ac1c1e -> 
  custom:scripting/monoscript/fileName/NoContactBone.cs: 3d44afd15265c0e48526a039f91b96db -> 
  custom:scripting/monoscript/fileName/CameraUI.Output.Skin.cs: ea37b571f4b5213ec876c626bae4a6c0 -> 
  custom:scripting/monoscript/fileName/StructCollection.cs: b4d030c45ad297d13f89c52edd7c257b -> 
  custom:scripting/monoscript/fileName/Chunk.cs: cca47b98fd785b592b1c7cd06ff9c138 -> 
  custom:scripting/monoscript/fileName/Toast.cs: 2a5099e05a183c4d8fec79a577fc0ba1 -> 
  custom:scripting/monoscript/fileName/RoundedRectangleNode.cs: e50705491f4f9a5d728ba9e7ecb91ffc -> 
  custom:scripting/monoscript/fileName/ShaderGraphImporter.cs: 73b5f0538c43ad6850fb45b79c67b42e -> 
  custom:scripting/monoscript/fileName/DebugUIHandlerColor.cs: cff0ea2688fdd62ca8e6bff81367f8c8 -> 
  custom:scripting/monoscript/fileName/HandModel.cs: 3cb2a336b2e301d300cf2101e3cae087 -> 
  custom:scripting/monoscript/fileName/StyleModelInfoEditorContent.cs: bb13f71cff2203d3e54ac5161860cfad -> 
  custom:scripting/monoscript/fileName/PendingChangesTreeView.cs: f3722f38014385705913f17dbe0f90c1 -> 17142d220a0a50a3f3d184c4718a0da7
  custom:scripting/monoscript/fileName/XRMirrorView.cs: 4157fb6dd9301a412a4aa8c3f9744bb0 -> 
  custom:scripting/monoscript/fileName/TextControl.cs: bf8d9deebeade1d35f8af0460f483b70 -> 
  custom:scripting/monoscript/fileName/AsyncThunkAPI.cs: 90647cc400823b41df847a6cbfc29026 -> 
  custom:scripting/monoscript/fileName/VCSPlugin.cs: 69c1b7249af35f35848ae707bd5e7113 -> 
  custom:scripting/precompiled-assembly-types:Unity.Muse.Common: 559ec084372ffb0950c1bd63a9dfa69b -> 
  custom:scripting/monoscript/fileName/VisualFOV.cs: aa99e0705033069550030b30ee500d4e -> 
  custom:scripting/monoscript/fileName/GetClientDiffInfos.cs: 4ae14b15e2cf5177a84735548a44cdc9 -> f8db8e637ded2d5e935a953a13b85ebe
  custom:scripting/monoscript/fileName/DebugUI.Fields.cs: 7956bd0a0c7f1cc9d2a32c1bd9fd25ad -> 
  custom:scripting/monoscript/fileName/DrawActionButtonWithMenu.cs: d7f31944358aed2f3ed3982246fca039 -> 8d4f5edd02a1dd0f38c4f2baf5ee8a33
  custom:scripting/monoscript/fileName/ErrorListViewItem.cs: a9f229dd6829be37e3d3d11493cd30e3 -> 509edc26860f8be303ec97d68aabc30d
  custom:scripting/monoscript/fileName/CoreUtils.cs: a766f7394c434d4d7f520bfa9dc4645e -> 
  custom:scripting/monoscript/fileName/PaintingManipulator.cs: 8629e97bbeada2ad9ff6af39fa4c2fe3 -> 
  custom:scripting/monoscript/fileName/RefineAssetView.cs: fb91b173b042104d8014e62834376cc9 -> 
  custom:scripting/precompiled-assembly-types:Unity.Muse.AppUI.Redux: 85e2c978c7ce0b0575f4da810cbdbcd4 -> 
  custom:scripting/monoscript/fileName/StatusResponse.cs: e54c13d0ac064896784dae66ff9ae6da -> 
  custom:scripting/monoscript/fileName/IMuseEditorPreferencesView.cs: a6a18b547ffb714d29188fb3f80a933c -> 
  custom:container-muxer-webm: aa71ff27fc2769a1b78a27578f13a17b -> 
  custom:scripting/monoscript/fileName/NormalVectorNode.cs: 8c26b3f4d92270aa40e7b1f481a272f1 -> 
  custom:scripting/monoscript/fileName/TextureArrayControl.cs: 1dc184796033ffea0942ca3c7551ab61 -> 
  custom:scripting/monoscript/fileName/Vector2MaterialSlot.cs: 768efe5fe99a019959a928f37f2ae4ea -> 
  custom:scripting/monoscript/fileName/JsonData.cs: 90647cc400823b41df847a6cbfc29026 -> 
  custom:scripting/monoscript/fileName/EditorProgressControls.cs: b1f133fa38afd918d537a72574fc93a0 -> 2e606eb01a6e6a567f3de9a0379ed3ae
  custom:scripting/monoscript/fileName/ColorUtils.cs: aba8d09519b8ffb0c53574f67251e4d5 -> 
  custom:scripting/monoscript/fileName/ActionTriggeredEvent.cs: e821cdcaeb920d67ed7e723f7e777fd1 -> 
  custom:scripting/monoscript/fileName/Tray.cs: 7a711dd19bb9244677b132d499910d5d -> 
  custom:scripting/monoscript/fileName/ServerConfigEditor.cs: 027019688d54fdf90089cfa95b215a10 -> 
  custom:scripting/monoscript/fileName/BooleanSlotControlView.cs: 553aeada05a3af377a0f1ae2dcdf6079 -> 
  custom:scripting/monoscript/fileName/BranchesListHeaderState.cs: d47f1164fa7093137db851c4c16ffba3 -> 82eab21603f4efc696334ee80641c2c9
  custom:scripting/monoscript/fileName/App.cs: 212c2c32b36ffbd7fb64014716abc66c -> 
  custom:scripting/monoscript/fileName/DrawSearchField.cs: b11b864a92c7d76f85d4ec87d6faf61c -> 3de70beba9f4447205d50241d95b066a
  custom:scripting/monoscript/fileName/PendingChangesTab.cs: c99065f3c85ec85c85ece2a1a30665af -> 15ae6787065f4af65778e981f418a60b
  custom:scripting/monoscript/fileName/NodeClassCache.cs: 2201850454163165f2c7bb2d7ed05b65 -> 
  custom:scripting/monoscript/fileName/HelpPanel.cs: 625fbcc6029d5fe5cf4aa833f68adb0c -> 
  custom:scripting/monoscript/fileName/ArtifactExporterFactory.cs: 9b2965a9f912ed2b720f5d5088dd546a -> 
  custom:scripting/monoscript/fileName/PhysicalHandsManager.cs: 4a1f07fa289dd8cd046e0c545018c745 -> 
  custom:scripting/monoscript/fileName/DebugUIHandlerEnumField.cs: dfe34fa077fcc7109ecd793749f36832 -> 
  custom:scripting/monoscript/fileName/SampleOutputUIEvents.cs: 546fe1a3fe8c6ef519d4713fe345afaa -> 
  custom:scripting/monoscript/fileName/BuildGetEventExtraInfoFunction.cs: 1308a6936e8051866a117b3b7c2c7b77 -> 74bfc8c01f931108a3c2b127aa04cc8d
  custom:scripting/monoscript/fileName/LoraOperator.cs: 0bafeef1415bae1ead90bec092cc3c55 -> 
  custom:scripting/monoscript/fileName/GraphSubWindow.cs: 8f7e7a23862edf1b0150f178eeacaed9 -> 
  custom:scripting/monoscript/fileName/IMayRequireScreenPosition.cs: 968f9c93acd804ac34f4c24b410d370e -> 
  custom:scripting/monoscript/fileName/DragAndDropFactory.cs: 8362683d86540d73627ba60688706621 -> 
  custom:scripting/monoscript/fileName/Pane.cs: 4c634aa9bd3c3f5304f33e132dab44bd -> 
  custom:scripting/precompiled-assembly-types:Ultraleap.Tracking.Hands: 2701cd555a22c1adbcb40f02306e7c1d -> 
  custom:scripting/monoscript/fileName/RenderStateCollection.cs: 1a7b6cf13f7ac8e2de3adf4f48b74b17 -> 
  custom:scripting/monoscript/fileName/StickyNote.cs: 79e9e9828b38cf99efe5fe8524d51b63 -> 40ced788af8eb44078f25e5a73c3b765
  custom:scripting/monoscript/fileName/RejectionNode.cs: dd3c55d1df44fa382db0832289dc2a86 -> 
  custom:scripting/monoscript/fileName/ScreenNode.cs: 120bbfb9661c3b1045af17ed7d1bc4cf -> 
  custom:scripting/monoscript/fileName/AnchorGroup.cs: d0a3536476ae4e6c1345dac24c1971af -> 
  custom:scripting/monoscript/fileName/Button.cs: b2931094fcc1603d87a3a21fd937e886 -> 18874d3cd8f6e3668320e6beabdb6cbc
  custom:scripting/monoscript/fileName/SpriteLitMasterNode1.cs: 2232a4e080eefdf31b8c76f113fc4b5a -> 
  custom:scripting/monoscript/fileName/SGPropertyDrawerAttribute.cs: 206a382a66ae66362e302edecd31dc1f -> 
  custom:scripting/monoscript/fileName/GrabBallEditor.cs: 9a200c1ebb74802551702ccd2492a739 -> 
  custom:scripting/monoscript/fileName/TangentVectorNode.cs: 86ad40264752662271de7715b278b324 -> 
  custom:scripting/monoscript/fileName/OneMinusNode.cs: cdcdbdc299c6d4956e1ea37aa564f72e -> 
  custom:scripting/monoscript/fileName/ShaderPreprocessor.cs: df7d717f84f92c365d5736fad98dc68e -> 
  custom:scripting/precompiled-assembly-types:Unity.Muse.AppUI.InternalAPIBridge: cfd5be5885e69da966b269ba8c733bf2 -> 
  custom:scripting/monoscript/fileName/SoftContactHand.cs: e283dcc4c0929329fe8295ff95a845ed -> 
  custom:scripting/monoscript/fileName/ShaderStage.cs: ea8e6b55f20bd649909b7334f2235038 -> 
  custom:scripting/monoscript/fileName/BuildValidation.cs: 73732fc82347556a9bf8c64b797d6d49 -> 
  custom:video-decoder-webm-vp8: 9c59270c3fd7afecdb556c50c9e8de78 -> 
  custom:scripting/monoscript/fileName/WelcomeView.cs: 07e35bfe1faa2c52c049eb30958acd54 -> f06c185659ea2f4a75f9397861dc6096
  custom:scripting/monoscript/fileName/PhysicalHandsSlider.cs: ba9e4bac8445554ebfc616ff4d2b9361 -> 
  custom:scripting/monoscript/fileName/BoolPropertyDrawer.cs: 9586634d3ceef80c3fe1376f95d9bdb0 -> 
  custom:scripting/monoscript/fileName/StepNode.cs: 0cf1fe76415b9b4855057e268b1ff98c -> 
  custom:scripting/monoscript/fileName/RenderGraphPass.cs: 0afbd3891b59f7d87ba5a17dba9cdc11 -> 
  custom:scripting/monoscript/fileName/HueNode.cs: ae8c443fd25348be4c046eebd095956b -> 
  custom:scripting/monoscript/fileName/DebugUIHandlerBitField.cs: be9771bd1a0b74dd596578dd9d2623f5 -> 
  custom:scripting/monoscript/fileName/FailedDeviceList.cs: fef2af07eb00ca06cb57960ef688bad4 -> 
  custom:scripting/monoscript/fileName/GenerationService.cs: 66114e6dfe3a7248c98daf662898681b -> 
  custom:scripting/monoscript/fileName/IUpscaleArtifact.cs: 8cb81b592ecad799f262821a092a0542 -> 
  custom:scripting/monoscript/fileName/CustomEditorBase.cs: 1caa3c35d1cc670959067530eb851299 -> 
  custom:scripting/monoscript/fileName/LensFlareDataSRPEditor.cs: ae260090d157cf61fee0bb22c85ca6d6 -> 
  custom:scripting/monoscript/fileName/IsNanNode.cs: c613c46dbf6e562629aeeabce6a6413f -> 
  custom:scripting/monoscript/fileName/DebugUIHandlerFoldout.cs: 6434777e9242f358a264c2e1a166d5b7 -> 
  custom:scripting/monoscript/fileName/PbrArtifactDragAndDropHandler.cs: 57e78cf5e18e9e1296d4846b3fbf6c11 -> 
  custom:scripting/monoscript/fileName/CombinablePropertyAttribute.cs: 77ed71d32a70730e2c41a270fe514e9b -> 
  custom:scripting/monoscript/fileName/IGroupItem.cs: bbab023933cb52d4a75f616bb9d89811 -> 
  custom:scripting/monoscript/fileName/DebugUIHandlerHBox.cs: 490343c5e0670c38540ab21dbc03d0a7 -> 
  custom:scripting/monoscript/fileName/CameraCaptureBridge.cs: 3a8109537ef2226ecde8bacab43d1c91 -> 
  custom:scripting/monoscript/fileName/CopyFromLeapCExtensions.cs: 855f10755e2efaa6caaa1c89ac6f9a2d -> 
  custom:scripting/monoscript/fileName/FieldLabel.cs: b472c6903c090bce756588b81f72fefd -> 
  custom:scripting/monoscript/fileName/HelpFormat.cs: 92b36f6584b3d7ccdc99b0ae4e152c53 -> 
  custom:scripting/monoscript/fileName/ResourceReloader.cs: 7f0140f7643d9055d7a5650d5bf7f9a0 -> 
  custom:scripting/monoscript/fileName/AsyncThunkOptions.cs: 0839f0fab552382e336c9612735c5dc8 -> 
  custom:scripting/monoscript/fileName/Matrix2ShaderProperty.cs: cc12977346773b822ad2151aacd198d8 -> 
  custom:scripting/monoscript/fileName/PrecisionUtil.cs: 3a2f515e7232454cb9ff582b0dece139 -> 
  custom:scripting/monoscript/fileName/PolarCoordinatesNode.cs: 78e97cdb8a59c7af369c858253ef0fe9 -> 
  custom:scripting/monoscript/fileName/EnumerableExtensions.cs: 5151b56054fbd041e477fa284e69380c -> 
  custom:scripting/monoscript/fileName/NormalBlendNode.cs: e6f7c25e39b1d3d371ed0a0c4d1fc933 -> 
  custom:scripting/monoscript/fileName/ShaderGraphAssetPostProcessor.cs: 9a73e58e20756e83279de86d8db019b3 -> 
  custom:scripting/monoscript/fileName/PlasticApp.cs: c440a0fb380601a77ad475d6c15d4fa1 -> c57de230d90beac7b586f10b9c7c6cb5
  custom:scripting/monoscript/fileName/SearchWindowAdapter.cs: 02a2b676782025564e6f7cf72c15eaa0 -> 
  custom:scripting/monoscript/fileName/ChangesetsTab.cs: ef408d8aaf89e01b17643ed0c836680d -> 46dde8f7856048792ad2e75490bb8c5e
  custom:scripting/monoscript/fileName/SampleTexture2DNode.cs: f768cec6b51716c5f96da423e9aea9ab -> 
  custom:scripting/monoscript/fileName/CopyPasteGraph.cs: 7dedce59d5bdae0e185b87d4717d9da2 -> 
  custom:scripting/monoscript/fileName/IRemoveBackgroundArtifact.cs: 6b63c5b153f97ace3d36fc38006ba3a0 -> 
  custom:scripting/monoscript/fileName/DrawProgressForMigration.cs: 0390721ecd322e9ab47db03bd0f98a12 -> 
  custom:scripting/monoscript/fileName/IDebugDisplaySettingsQuery.cs: e6ce1eb5d4950f0433c0947a0f3a6a5c -> 
  custom:scripting/monoscript/fileName/DeleteBranchDialog.cs: efbbc070bfeda2b746e8b15a4380cb26 -> 8549b0fc52962c89115fd78724fee578
  custom:scripting/monoscript/fileName/IncomingChangesNotification.cs: 5d73d1f1a99af71ddd954044bdf322d2 -> caa8ea2c7336b9227381f0971759e01a
  custom:scripting/monoscript/fileName/DebugUIHandlerObject.cs: 51493b926f53831f9d389a586ddf409e -> 
  custom:scripting/monoscript/fileName/Vector3MaterialSlot.cs: b7b3026f1ff7f4e22246cf818d8c1782 -> 
  custom:scripting/monoscript/fileName/SplitNode.cs: bb7b8924fe83f6464adcf8b446b9ace9 -> 
  custom:scripting/monoscript/fileName/SampleGradientNode.cs: f6195a43d695f0d8a48fc09c30d29819 -> 
  custom:scripting/monoscript/fileName/DrawTreeViewEmptyState.cs: d4c16fd6aad8161eda7d99fd74cbb08e -> 
  custom:scripting/monoscript/fileName/LeapXRServiceProvider.cs: 983045dd0cd5c40746d8d58ec66cd4b2 -> 
  custom:scripting/monoscript/fileName/PhysicalHandUtils.cs: 6f4928e83261f9b48cc2e44886c65142 -> 
  custom:scripting/monoscript/fileName/ProbeReferenceVolume.Streaming.cs: 14ec65114600d0196c6247bfcb9633f8 -> 
  custom:scripting/monoscript/fileName/OperatorRegistration.cs: a25ffafbc25d2314cc88ac8cef29cd79 -> 
  custom:scripting/monoscript/fileName/ErrorsListView.cs: 7cfd18bb17e557401eb4aa1ca93dbfd5 -> cd35171982f17897dd5148dda46e0956
  custom:scripting/monoscript/fileName/Vector3ShaderProperty.cs: 70cec1a3276ebe99d07902a792996d37 -> 
  custom:scripting/monoscript/fileName/SlotValueTypeUtil.cs: 9b31e56e95c09433b974dd519589f877 -> 
  custom:scripting/monoscript/fileName/BitangentMaterialSlot.cs: d7f69008fda1e8f29eb9e6df0b7d5cfb -> 
  custom:scripting/monoscript/fileName/HardContactParent.cs: 4b87a1e60c9d586d6eba7d4cc7a42968 -> 
  custom:scripting/monoscript/fileName/UnityPendingChangesTree.cs: fd6f0a038401268983bd9328d10dec93 -> f391d9a00dc9e202cee4d4ebcf6d21c0
  custom:scripting/monoscript/fileName/BaseArtifact.cs: e1000af842861c85a9c19ee1cfd234fc -> 
  custom:scripting/monoscript/fileName/LoadingTask.cs: 0c30658e9d080b52264eb809847462ed -> 
  custom:scripting/monoscript/fileName/DebugDisplaySettingsUI.cs: 89cbd60af687477caa5cd25059d8b863 -> 
  custom:scripting/monoscript/fileName/Vector4Node.cs: efd729cfe207fda5317fd0959074259f -> 
  custom:scripting/monoscript/fileName/ShadowCascadeGUI.cs: 2cb2120b36a52e12a237aae9e91e22fb -> 
  custom:scripting/monoscript/fileName/StyleModelListItem.cs: 813f0d88f020b50344146e7911e292ef -> 
  custom:scripting/monoscript/fileName/ShaderKeyword.cs: 7e10fa48e788f2a9ca448e838d41eae4 -> 
  custom:scripting/monoscript/fileName/DummyShaderLibrary.cs: 118dd4b5a671cac351149718bd315413 -> 
  custom:scripting/monoscript/fileName/SearcherWindow.cs: 31f518e88f1895987c6e40bce9b59292 -> 
  custom:scripting/monoscript/fileName/MenuSection.cs: 1a583c84b39a86fac1bcda305190bc57 -> 
  custom:scripting/monoscript/fileName/PreviewNode.cs: 008ca8a2ae13b0f0e523f96153a22a22 -> 
  custom:scripting/monoscript/fileName/Texture3DControl.cs: 89f268dcf2a94db5cc16a9061d576c8e -> 
  custom:scripting/monoscript/fileName/FunctionRegistry.cs: 16dc0bee02f47cca70519103460e3bf2 -> 
  custom:scripting/monoscript/fileName/JsonRef.cs: 90647cc400823b41df847a6cbfc29026 -> 
  custom:scripting/monoscript/fileName/DebugUI.Panel.cs: 8cd4a9cf945a66d68bf3f9f0a9c51f8e -> 
  custom:scripting/monoscript/fileName/Drawer.cs: 5c66ca509fb82aae8c8846febc112182 -> 
  custom:scripting/monoscript/fileName/TransformationMatrixNode.cs: 3baaeba44bf124e0b9c641d3a312f5a5 -> 
  custom:scripting/monoscript/fileName/RangeSliderInt.cs: 4b8a618f6055514ee9d7eb7e0e73a6b4 -> 
  custom:scripting/monoscript/fileName/RadiansToDegreesNode.cs: bf70ef254edbb32d62812077822559d8 -> 
  custom:scripting/monoscript/fileName/ISerializedRenderPipelineGlobalSettings.cs: c1d921b345606d4e846443d4a5f46d14 -> 
  custom:scripting/monoscript/fileName/VirtualTextureShaderProperty.cs: 71af8808a119d95417372c6deb7f6e61 -> 
  custom:scripting/monoscript/fileName/ServiceCollection.cs: b8e5a595d699aff8877f7359456008d7 -> 
  custom:scripting/monoscript/fileName/HyperbolicTangentNode.cs: ccabf3f8104a9abaef6874c12878bb74 -> 
  custom:scripting/monoscript/fileName/EmptyCheckinMessageDialog.cs: e95636a2119dec4d0c1f323f7ba65603 -> 
  custom:scripting/monoscript/fileName/IMayRequireTangent.cs: fbb60974ce22980a4a05a95a247ef085 -> 
  custom:scripting/precompiled-assembly-types:Unity.Searcher.Editor: 6e08cc58a0d3846aad56b26936b9a264 -> 
  custom:scripting/monoscript/fileName/IntField.cs: d093d2abc62bd9a6506506f5e9f94e9b -> 
  custom:scripting/monoscript/fileName/PlasticDialog.cs: b0aae1bf1889af041741f324070b7b84 -> 63a17a2b696bc2a13c9046aa16f8cea4
  custom:scripting/monoscript/fileName/SearchBar.cs: 0200d9dbae6250c7ba578b5902232c7a -> 
  custom:scripting/monoscript/fileName/MemoryUtils.cs: c0a8b93219c4b1948c28fd1fbb532b45 -> 
  custom:scripting/monoscript/fileName/MenuTrigger.cs: 04c9fa66d7546b7535e0c372e7119d1c -> 
  custom:scripting/monoscript/fileName/GuidItemRequest.cs: 3315912074e8dd573d76e15943eee263 -> 
  custom:scripting/monoscript/fileName/ShaderGraphShortcuts.cs: be7c12b303f610fb77161cd72cdb58e0 -> 
  custom:scripting/monoscript/fileName/InpaintingItemRequest.cs: 07ff3afdd00f75bc58a717365b431abd -> 
  custom:SearchIndexIgnoredProperties: e643bd26f0fe6173181afceb89e7c659 -> 
  custom:scripting/monoscript/fileName/ColorRGBSlotControlView.cs: 47393949a40491ebca7d66fbe2be1130 -> 
  custom:scripting/monoscript/fileName/DoodlePadManipulator.cs: bf192b20c0e301c9915176d623ed122d -> 
  custom:scripting/monoscript/fileName/ShaderStrippingReport.cs: 5542a9defb85f2a681dfb801f868d80e -> 
  custom:scripting/monoscript/fileName/KeyImageUndo.cs: b36b70070aeaa7f5ad98f0f705aaafc4 -> 
  custom:scripting/monoscript/fileName/SystemEvents.cs: c99afc5f2ad2c14a86a75ee0646a3b57 -> 
  custom:scripting/monoscript/fileName/AutoRefresh.cs: 9d30d5d3f0e8985355be1ab597da1dbb -> 0a8afde180a876655ad16caa14493409
  custom:scripting/monoscript/fileName/Stepper.cs: ef3429fdb0e6ddc754bcbb2729969f38 -> 
  custom:scripting/monoscript/fileName/ColorField.cs: 31872cfea295c7b3d4114e1df0d1c3fa -> 
  custom:scripting/monoscript/fileName/Texture2DDropManipulator.cs: faaf0fbf0602f32ab2e566f5fcf8db60 -> 
  custom:scripting/monoscript/fileName/MatrixDeterminantNode.cs: fc20b2fb1b0d0945b7e4fa5ab032e685 -> 
  custom:scripting/monoscript/fileName/MeshGizmo.cs: 1367e325c4b3122f5e0c59a2898707b3 -> 
  custom:scripting/monoscript/fileName/PlasticPluginIsEnabledPreference.cs: 7953272c37f4a828a3d1096e7479f346 -> 
  custom:scripting/monoscript/fileName/ToolRegistration.cs: 05eec62e9ed0e5b68abed1743f542d4a -> 
  custom:scripting/monoscript/fileName/UIModeRegistration.cs: 7cce35454b243ea4cf8c577787a356a0 -> 
  custom:scripting/monoscript/fileName/Logger.cs: f57b8addf9045964dedbc9b035a52780 -> 
  custom:scripting/monoscript/fileName/HelpData.cs: 9293e68e835820b452391937547d1531 -> 
  custom:scripting/monoscript/fileName/Texture3DShaderProperty.cs: fe2e7085475a591b2d8a7a0478e2404d -> 
  custom:scripting/monoscript/fileName/Frame.cs: ba75f25d179d1e97e330c8bc437b6b99 -> 
  custom:scripting/monoscript/fileName/GetRelativePath.cs: 9b16eb2de9e98b392077181cc34243c1 -> ab04ae5e0cafb93ebf5c96148bb52df0
  custom:scripting/monoscript/fileName/UnityEvents.cs: 253411328de37811883aded592b97268 -> c830e584565fcd66ca0d5a23ad8b9bd6
  custom:scripting/monoscript/fileName/Dragger.cs: 182e8f02e8857de32f667d13d420a072 -> 
  custom:scripting/monoscript/fileName/OrganizationDropdown.cs: 3c95d1500889f53ae9c954f0b8de08e6 -> 
  custom:scripting/monoscript/fileName/WindowMenuItem.cs: 7d88111db83c32af70af04b746df2361 -> 
  custom:AudioImporter_EditorPlatform: d09bf68614088b80899f8185d706f6e7 -> 
  custom:scripting/monoscript/fileName/NormalReconstructZNode.cs: 1ec75dc5dde4ca1e4699da923bba6306 -> 
  custom:scripting/monoscript/fileName/SampleOutputTrainedView.cs: 937eb13f12dbcea012d0859e7cd71714 -> 
  custom:scripting/monoscript/fileName/HlslFunctionView.cs: 91fe4fc2572601d51314d48c648308df -> 
  custom:scripting/monoscript/fileName/FieldCondition.cs: 68c14bb711f90162091b8d00dc18ac08 -> 
  custom:scripting/precompiled-assembly-types:Unity.Muse.StyleTrainer: 8d66a6457d5265a2b7e7982f809c02f3 -> 
  custom:scripting/monoscript/fileName/PhysicalHandsManagerEditor.cs: 2b804dd5f97e228333eed7e0cecbbeee -> 
  custom:scripting/monoscript/fileName/ColorPicker.cs: 45940f1accfa39b8fb55ad9d157ce6eb -> 
  custom:scripting/monoscript/fileName/AccountDropdownWindow.cs: a33f56b937fd0adc97b5ff1c4ffeb000 -> 
  custom:scripting/monoscript/fileName/DockEditorWindow.cs: 581124d5e19667105f2446d6dfbf7982 -> a9e5e467234133af999283610b6e84e6
  custom:scripting/monoscript/fileName/Scrollable.cs: b42d32cbdb0d0e84f707c5311b3fb0e7 -> 
  custom:scripting/monoscript/fileName/ColorToolbar.cs: 96923e6da6120f579a224f7246cab420 -> 
  custom:scripting/monoscript/fileName/HandModelManagerEditor.cs: 9ea110736aa9ec9b9412b11ae9a16995 -> 
  custom:scripting/monoscript/fileName/Avatar.cs: 8a016dcb257e2d72937135a10fec2330 -> 
  custom:scripting/monoscript/fileName/EnumControl.cs: a155ea2049bcc4b730fdb35a04228a60 -> 
  custom:scripting/monoscript/fileName/ReadonlyHashSet.cs: 90647cc400823b41df847a6cbfc29026 -> 
  custom:scripting/monoscript/fileName/DataOpInDialog.cs: 69f4fb06f82ae1e2636cc50964feb500 -> 
  custom:scripting/monoscript/fileName/CloudContextFactory.cs: c7ad3d18b1424fd8a57623e4962b184a -> 
  custom:scripting/monoscript/fileName/MaterialGraphEditWindow.cs: 22b7af5f54d64dd16e9b45a307a0001b -> 
  custom:scripting/monoscript/fileName/PreviewProperty.cs: d93fac191c27dba0152ab509a218a801 -> 
  custom:scripting/monoscript/fileName/RectangleNode.cs: 2af038361905b60eb5a622cc97d1e5bc -> 
  custom:scripting/precompiled-assembly-types:Unity.Muse.Texture: 48bcd1e6f20b15aad6cd18e738dcd98c -> 
  custom:scripting/monoscript/fileName/TrainingSetUIEvents.cs: 8a91337b896321c8b9deb4926749f2e0 -> 
  custom:scripting/monoscript/fileName/MatrixNames.cs: ae8a14b06d41d79868ce214701267a70 -> 
  custom:scripting/monoscript/fileName/MultiArtifactDragAndDropHandler.cs: c3a93436904503a08bc378a513458658 -> 
  custom:scripting/monoscript/fileName/IShaderPropertyDrawer.cs: 8016b3468bea062c187693dbe94fc480 -> 
  custom:scripting/monoscript/fileName/IMayRequireVertexID.cs: 3aba08464f87293afb55f26eaeebf2b7 -> 
  custom:scripting/monoscript/fileName/BranchesSelection.cs: 7eb1fcb556f0fad697e4ec9d989be099 -> 33b36e7b03910960966036894ec90c7c
  custom:scripting/monoscript/fileName/XRSupportUtil.cs: 3df47f32fc6cd322ee462c54faf6c76a -> 
  custom:scripting/monoscript/fileName/AdditionalPropertiesState.cs: 90647cc400823b41df847a6cbfc29026 -> 
  custom:scripting/monoscript/fileName/VirtualTextureInputMaterialSlot.cs: e41c02373c08cd0f91a0b28b252af957 -> 
  custom:scripting/monoscript/fileName/TileLayoutUtils.cs: defa2e88135c81d660ccde9eb7e02db6 -> 
  custom:scripting/monoscript/fileName/NormalFromTextureNode.cs: a2846d748b3c243ec56c2c82bfd47b94 -> 
  custom:scripting/monoscript/fileName/Builder.cs: 0cdf409b5aa8d4c25876d72b5c6a3b60 -> 
  custom:scripting/monoscript/fileName/AsyncThunkOptions{T}.cs: 0839f0fab552382e336c9612735c5dc8 -> 
  custom:scripting/monoscript/fileName/CameraUI.Environment.Drawers.cs: 6b931c755be6b8c07068541044964215 -> 
  custom:scripting/monoscript/fileName/AlertDialog.cs: f53159e52163caa1ddbe8d7e2c95f739 -> 
  custom:scripting/monoscript/fileName/TrialNotificationView.cs: 88113aa24d5443fe73350b54dd735614 -> 
  custom:scripting/monoscript/fileName/SaveAction.cs: b68fbb4319dbb368959c40781b39fdf8 -> 27c387bb58f3a69b0c9ff60d2209e18f
  custom:scripting/monoscript/fileName/AutoConfig.cs: 6c4e7f9dc55323aa1299debfe9723aa6 -> bf4bbd2f2e752464ef51dbf102faed17
  custom:scripting/monoscript/fileName/CompatibilityExtensions.cs: bcd4366262f2aa1ee3d32a6a84b15d03 -> 
  custom:scripting/monoscript/fileName/PositionNode.cs: bc54121527f459f91c14738c0deabade -> 
  custom:scripting/monoscript/fileName/ProbeGIBaking.VirtualOffset.cs: 330e56460745b2173b246e880ce62600 -> 
  custom:scripting/monoscript/fileName/MaterialExporter.cs: fe88532e546858432754970c783248c0 -> 
  custom:scripting/monoscript/fileName/ChannelEnumMaskControl.cs: 45fe80850185e23820380f2640f38e98 -> 
  custom:scripting/monoscript/fileName/GraphUtil.cs: 466dfa1fb6f876d5fc9f40e8fca7e0d0 -> 
  custom:scripting/monoscript/fileName/AttachmentPointFlags.cs: 7946c220ea61e71c1186a2444fc7ddbd -> 
  custom:scripting/monoscript/fileName/CustomFunctionNode.cs: 915a68c03d05916b943b7723817f1168 -> 
  custom:scripting/monoscript/fileName/DitherNode.cs: 42349e7f980412e319f98011c21241d0 -> 
  custom:scripting/monoscript/fileName/Preloader.cs: cbd9d8c98c6031c24a87ace9273a7387 -> 
  custom:scripting/monoscript/fileName/CheckpointData.cs: c08ccf8c887ea2030f37db29afc3fd95 -> 
  custom:scripting/monoscript/fileName/FlipNode.cs: 48bb1c008fa02da183e45f28086a00a6 -> 
  custom:scripting/monoscript/fileName/UploadResponse.cs: 273fbc12b343e8d95f607b71c0aa3dd7 -> 
  custom:scripting/monoscript/fileName/DebugUIHandlerRow.cs: 5aa34c839041921a8bb4782962dd40d0 -> 
  custom:scripting/monoscript/fileName/ProbeVolumeAsset.cs: a5e0c9ed947690b267844429bc5fb834 -> 
  custom:scripting/monoscript/fileName/ChannelMixerControl.cs: 477ffb2c13d59c3bbff0aa9446c183ef -> 
  custom:scripting/monoscript/fileName/ObjectNode.cs: 1764c6f0687197738dd4af7ad53537b8 -> 
  custom:scripting/monoscript/fileName/SelfRefreshingGenesisAccessTokenCacheWrapper.cs: 37f614fb8744ff46e79f0265574aa077 -> 
  custom:scripting/monoscript/fileName/Vector4PropertyDrawer.cs: 5dae06f12781d463895f20a2573fe3a0 -> 
  custom:scripting/monoscript/fileName/EditorCloudContext.cs: afcc104cf3a31ce52b4bd196744aacf9 -> 
  custom:scripting/monoscript/fileName/ServerStatus.cs: f08fb735d27cf26f7ef0bfd900a7a6fc -> 
  custom:scripting/monoscript/fileName/IDebugDisplaySettingsPanel.cs: 268c0fea34c9d6cdb0a803b95b28efce -> 
  custom:scripting/monoscript/fileName/DiffPanel.cs: 02288a38bd14cc2b52a25b302a6f154e -> 210366dab3631628227b9406f87a9b7f
  custom:scripting/monoscript/fileName/RangeSliderFloat.cs: 7df532bf94e2a0387f1941318d126699 -> 
  custom:scripting/monoscript/fileName/GraphDataUtils.cs: e2f79c65340ccfe3db9c0a87b99dbfce -> 
  custom:scripting/monoscript/fileName/ShaderGraphRequirements.cs: 6c90d639187e7a2cb4ef2011d914257b -> 
  custom:scripting/monoscript/fileName/PaintingElement.cs: 503ed1b98bf9acbbdd394fc8e09e5b3b -> 
  custom:scripting/monoscript/fileName/PlasticAssetsProcessor.cs: ff731c8aacf4a537dc74c7cf9eaeaed0 -> 
  custom:scripting/monoscript/fileName/YearPicker.cs: f1a57f3cc536b55b3a1d0bdd82d97e36 -> 
  custom:scripting/monoscript/fileName/DrawActionToolbar.cs: 52293cb82089e0370f52e257f41c0869 -> e05748a99799f26304c1bbafd90f703b
  custom:scripting/monoscript/fileName/IHost.cs: 43ae4f944ec024b2fb54e61a1decbf1d -> 
  custom:scripting/monoscript/fileName/ExperimentalProgram.cs: a1dabe1dec19a9640d4b6f6ee86bb915 -> 
  custom:scripting/monoscript/fileName/EditorVersion.cs: 70953c9eccf7726f70c672a9a51619e9 -> 698aba075b19a52a056d67a7b809d179
  custom:scripting/monoscript/fileName/TeamEditionConfigurationWindow.cs: d06f049421c16e5927ec29f770917e09 -> e53b1ca5561894aaeff930afb696d001
  custom:scripting/monoscript/fileName/TreeViewItemIds.cs: 7d654a2b5b3a10da3e7d8472196e96d1 -> 0cdf409b5aa8d4c25876d72b5c6a3b60
  custom:scripting/monoscript/fileName/CubemapAssetNode.cs: aed46f7168590ce85b34679df34e78ae -> 
  custom:scripting/monoscript/fileName/ShaderGraphNodeValidationExtension.cs: 68e3c95119bf1bf0a35f08ff22cf2563 -> 
  custom:scripting/monoscript/fileName/AnchorEditor.cs: f49dab896fcefdae8e0d77a18ee1044d -> 
  custom:scripting/precompiled-assembly-types:Unity.Muse.Sprite: 12e9a6f0fb9e0a016ab5c2ca49b2912a -> 
  custom:scripting/monoscript/fileName/RangeSlider.cs: 0cdf409b5aa8d4c25876d72b5c6a3b60 -> 
  custom:scripting/monoscript/fileName/DebugDisplaySettingsVolumes.cs: 980ceb204a68987a079e7c3766607f32 -> 
  custom:scripting/monoscript/fileName/Styles.cs: d574ed300700f2732b97aec39cdfef36 -> 1728aa377394bacc23133c7e998f0fa5
  custom:scripting/monoscript/fileName/ProgressOperationHandler.cs: 5fbb4e0f656dcfaa4498bd2e492e4710 -> ec62666c0ca1649dd33cc6bc6834c6f7
  custom:scripting/monoscript/fileName/UnityPlasticTimer.cs: 961fdb6492c99b4a3eadbed28e78c4b0 -> 6c887e722e951c2964523825cad70c4c
  custom:scripting/monoscript/fileName/TreeHeaderColumns.cs: 9fc4a0396a421346b8aa3b7788860851 -> 316e5ea62e66b20fd6e687a6b9e5958e
  custom:scripting/monoscript/fileName/TilingAndOffsetNode.cs: 5f8c418d189cdb22adc1dc1014866312 -> 
  custom:scripting/monoscript/fileName/IProxyOperator.cs: c813baa04a9219aea825a899390cc4eb -> 
  custom:scripting/monoscript/fileName/SpriteAnalyticsManager.cs: 7e8f0b697c5d72ceac35085b114b8bd8 -> 
  custom:scripting/monoscript/fileName/Toolbar.cs: 26e6ba8304be5dedc8f3aa32863259d8 -> 
  custom:scripting/monoscript/fileName/Vector2Node.cs: 27a5f70bf425f3e4ecab79166cac2f10 -> 
  custom:scripting/monoscript/fileName/PngMetadataEncoder.cs: 91f4d0f4e2a47289312053d7e56b5fa1 -> 
  custom:scripting/monoscript/fileName/SubShaderDescriptor.cs: c46bf66e7269673486bde05407331190 -> 
  custom:scripting/monoscript/fileName/TargetSetupContext.cs: 8f890170e86629e5cf1de773fa1c4c00 -> 
  custom:scripting/monoscript/fileName/SubscriptionResponse.cs: ddcdb33a250e9f08098b9585cca7859a -> 
  custom:scripting/monoscript/fileName/IESObject.cs: 44f389ed9102ee4b311260e8a2ba5b10 -> 
  custom:scripting/monoscript/fileName/ActionButton.cs: da9cf9c1593674e12e8c4fbf1511f25f -> 
  custom:scripting/monoscript/fileName/ProbePlacement.cs: 96cb1cde9d2502ce2fedd6b29bccd394 -> 
  custom:scripting/monoscript/fileName/SearcherDatabaseBase.cs: 1176fb177f3ee60ce859aada50e71de2 -> 
  custom:scripting/monoscript/fileName/AssetFilesFilterPatternsMenuBuilder.cs: 8fe5de6e5dc3d42fb7e95de2aaedbf5a -> 0d99e7514c6a33cda8314deed8f34bc5
  custom:scripting/monoscript/fileName/VolumeProfileOverridesAnalytic.cs: 3eda3a3105bc4bd130cf1060d6d35f83 -> 
  custom:scripting/monoscript/fileName/Stage.cs: 8207a8497643b50b80f8ad65c6b0c3a3 -> 
  custom:scripting/monoscript/fileName/PlasticNotification.cs: 3629fdff9f054b2013702f5b131b2c47 -> 
  custom:scripting/monoscript/fileName/GrabDetector.cs: 5eace2d0fa35d4ac304dfa6329831428 -> 
  custom:scripting/monoscript/fileName/SearcherItem.cs: 1109dbb77f9f1b0162720b68baa17e53 -> 
  custom:scripting/monoscript/fileName/ConfirmContinueWithPendingChangesDialog.cs: c0e147ff008a0b77c9337132a3ea70af -> 77462b1904ad8f6fee2f8da4523d59fe
  custom:scripting/monoscript/fileName/GradientNoiseNode.cs: 134baa69ccf721841d0d43b5e023da45 -> 
  custom:scripting/monoscript/fileName/BasicImageOperatorView.cs: 29aa753068149595cccdc0bffe34cabb -> 
  custom:scripting/monoscript/fileName/NoContactParent.cs: 0f218c5ab34af7dc58b851960a65d11d -> 
  custom:scripting/monoscript/fileName/UsageTracker.cs: 8553928dd34c9ea8481d5e26ef42bae7 -> 
  custom:scripting/monoscript/fileName/Context.cs: 9f2868ee92231bc7f785cc05a1299416 -> 
  custom:scripting/monoscript/fileName/MultiJson.cs: 1369d60f528f78fbf4d963f80f73ed13 -> 
  custom:scripting/monoscript/fileName/Picker.cs: 794c2431b2e9ff63ff6cfae36a1169a7 -> 
  custom:scripting/monoscript/fileName/OperatorOverridePublishers.cs: cb39dec6744bb0b3b1058a9a8737a634 -> 
  custom:scripting/monoscript/fileName/Events.cs: 883e19962c501e1b26a1623169b062e1 -> 5e6fd182c984e3c981a7ddda9fb543ef
  custom:scripting/monoscript/fileName/ChangelistTreeViewItem.cs: a4a6f6169cdb3afe249e104e2b7b1a2c -> 87f69636be8bd1a264ec4eac1bffa701
  custom:scripting/monoscript/fileName/Divider.cs: 677c824aea886dad636a71302437f2ed -> 
  custom:scripting/monoscript/fileName/MaximumNode.cs: 3d81206fda4110b751cae570cdd9e099 -> 
  custom:scripting/monoscript/fileName/LeapImageRetrieverEditor.cs: 3c1d7874a20c026a88bf02a5b7f87045 -> 
  custom:scripting/monoscript/fileName/HandModelBase.cs: 24637bd004e2255ddefdde887c3b2214 -> 
  custom:scripting/monoscript/fileName/ColorManager.cs: 42d9b52a0f5738e13965fe5213a0eece -> 
  custom:scripting/monoscript/fileName/IServiceCollection.cs: 29439a3a80f03a2ece062845045838b2 -> 
  custom:scripting/monoscript/fileName/CollabPlugin.cs: bda741ff77a19affbf276298e29313ec -> ca276d65e7cd77c5c99d9f119ffdb215
  custom:scripting/monoscript/fileName/TabButton.cs: 209224933ef150b047623939760d7928 -> 
  custom:scripting/monoscript/fileName/LaunchTool.cs: 3ac53c8af1f56365aad9e1ae5366d98d -> 60773d78646dc188d4b2caca77f20b17
  custom:scripting/monoscript/fileName/ParallaxMappingNode.cs: 2d5d21ef3cc884ce2d0f39560fdb108a -> 
  custom:scripting/monoscript/fileName/CameraUI.PhysicalCamera.Skin.cs: ea37b571f4b5213ec876c626bae4a6c0 -> 
  custom:scripting/monoscript/fileName/ISGControlledElement.cs: c98ab0f8fa2c364fe9d6f134861565e6 -> 
  custom:scripting/monoscript/fileName/DebugUIHandlerEnumHistory.cs: 45d0932c2171072f0ab05fc6dbe0c326 -> 
  custom:scripting/monoscript/fileName/RunModal.cs: 33b931100ee477e6812324eabaa2e837 -> c83ee2ef642c5d8b8dfd32f033bfc438
  custom:scripting/monoscript/fileName/MaskOperator.cs: 96a09c8859eb978cd98bcf5b0abca0ed -> 
  custom:scripting/monoscript/fileName/BuiltInMetadata.cs: b758f793a906b752ebe574d6ace8ba11 -> 
  custom:scripting/monoscript/fileName/ShaderSpliceUtil.cs: 296a64ad3e8dd4ca6d3fee43f5f88197 -> 
  custom:scripting/monoscript/fileName/EditTimeOnly.cs: 0f597af6ca67f1d1e3456daa299a48b2 -> 
  custom:scripting/monoscript/fileName/DynamicVectorMaterialSlot.cs: 2b2bf75e6117850f940e772416b441ea -> 
  custom:scripting/monoscript/fileName/Vector1Node.cs: 0e338eccfb56abdbd9ec69df71e8d08a -> 
  custom:scripting/monoscript/fileName/BranchListViewItem.cs: 8fdaa5aa842f5a70237affa304b9d506 -> 55028f4aef24d6227589aaa95582b2ff
  custom:scripting/monoscript/fileName/CubemapInputMaterialSlot.cs: 879b4a2537adb12fea356ac2bff015ac -> 
  custom:scripting/monoscript/fileName/SignInUtility.cs: 237c491af772bb4290257375eabafa53 -> 
  custom:scripting/monoscript/fileName/CacheWrapper.cs: 90647cc400823b41df847a6cbfc29026 -> 
  custom:scripting/monoscript/fileName/IInspectable.cs: 5245f36409879a59996fa0e3f92ab12a -> 
  custom:scripting/monoscript/fileName/RotateAboutAxisNode.cs: 062bed844de8e017e255f954c505ade0 -> 
  custom:scripting/monoscript/fileName/ClampNode.cs: a7c78cfaad14a6e898c8ec2cd969b01e -> 
  custom:scripting/monoscript/fileName/IMayRequireMeshUV.cs: a0bceafe344f99e5a953d06e3b2ba490 -> 
  custom:scripting/monoscript/fileName/DropArea.cs: e5297c892c4f377561567d7e5c07eddb -> 
  custom:scripting/monoscript/fileName/PbrDatabaseObject.cs: 5bb5d8492c56a5366519c7e5046b605c -> 
  custom:scripting/monoscript/fileName/SerializableGuid.cs: 00ccf160b58b099b7c9658b3c5a164ed -> 
  custom:scripting/monoscript/fileName/AssertHelpers.cs: 71a7e432bbb25adbd741880130af5059 -> 
  custom:scripting/monoscript/fileName/ProbeGIBaking.Invalidation.cs: 6175994ec88bb43d2596e758da499508 -> 
  custom:scripting/monoscript/fileName/GetAvatar.cs: 07c98163f75f0b7c672bd453fc82bf61 -> 04ffae2a9e5a4c32a119f93144f558d2
  custom:scripting/monoscript/fileName/ShaderModel.cs: 5cf9d74447b1e6f5e3bacc8044d3fc92 -> 
  custom:scripting/monoscript/fileName/SerializableTextureArray.cs: 0bee458622d49ab0111b7d692c545e6d -> 
  custom:scripting/monoscript/fileName/ListUtilities.cs: e91fcc1a4b3a626aa6fbbd13c79048a5 -> 
  custom:scripting/monoscript/fileName/BoundsField.cs: 0c2df330476f58f563ac988dc83afe1b -> 
  custom:scripting/monoscript/fileName/HaltonSequence.cs: a3239711e10942cbbdb76cce3d18fd36 -> 
  custom:scripting/monoscript/fileName/StringExtensions.cs: 4c240168765d5302d695805d8bd7c2c3 -> 
  custom:scripting/monoscript/fileName/BaseDatePicker.cs: daaed6be3b79fdc4ec588f4fbd150e0a -> 
  custom:scripting/monoscript/fileName/PostProcessProviderEditor.cs: 0e0ee0ba5e6dc18d75d242c20f7e8783 -> 
  custom:scripting/monoscript/fileName/PreviewSceneResources.cs: 6b86b2dd532cefcde875061b2937c098 -> 
  custom:scripting/monoscript/fileName/IUIToolkitApp.cs: 26a879251d13fd00c4f8d49b79ad5876 -> 
  custom:scripting/monoscript/fileName/IGenerateArtifact.cs: 36119dce8383c466df276e192fc13f68 -> 
  custom:scripting/monoscript/fileName/FindTool.cs: fc3b0710b24078288fe829d0bb041dd0 -> 2f9d82566cfb01fb68fc30111fb47624
  custom:scripting/monoscript/fileName/DebugUIDrawer.Builtins.cs: 5d0037884c83169940102660bf529305 -> 
  custom:scripting/monoscript/fileName/CoreAttributes.cs: f03c6ad4dde63ffbf55cfeca716c4c07 -> 
  custom:scripting/monoscript/fileName/FogNode.cs: b9ee0398f36530ca5ee705d172cd0d96 -> 
  custom:scripting/monoscript/fileName/ComparisonGizmoState.cs: 207e057ba229ffc960362d8a8a5b7ffc -> 
  custom:scripting/monoscript/fileName/ChannelCertificateUiImpl.cs: 75d7831ab5da75cc0082e28863abb142 -> cefccf1e13b7bcf15e3c9f2dd4cd2fc8
  custom:scripting/monoscript/fileName/Preferences.cs: a7fa3b38f30bcef78c8fba009e2a6ef1 -> 
  custom:scripting/monoscript/fileName/PinchGestureRecognizer.cs: a6897e88e6eb02500523261de9af742c -> 
  custom:scripting/monoscript/fileName/ApplyCircleMask.cs: 02eb67e485278e7c9b719fee5ff90f4a -> b955b378d261fdcbd6272fe8711d1e4f
  custom:scripting/monoscript/fileName/IPropertyDrawer.cs: 14aea0f1675ba1be97bef2c03e191c86 -> 
  custom:scripting/monoscript/fileName/CameraUI.Output.Drawers.cs: 6b931c755be6b8c07068541044964215 -> 
  custom:scripting/monoscript/fileName/MenuItem.cs: a1a7148e573c53a3e72776ec916010b4 -> 
  custom:scripting/monoscript/fileName/DotProductNode.cs: 3d6927e8fbe6749097ac731eb476aa51 -> 
  custom:scripting/monoscript/fileName/SearchWindowProvider.cs: 3218e4fbbc11b3551df91fd1d225696f -> 
  custom:scripting/monoscript/fileName/IVolumetricCloud.cs: a109cf95a5821af8228689d7851a2e81 -> 
  custom:scripting/monoscript/fileName/IArtifactDragAndDropHandler.cs: f23a950e15cad74e58bb7efcc2cb10cb -> 
  custom:scripting/monoscript/fileName/MainThreadDispatcherComponent.cs: 1cd04b806c6c2db2c168f3df414334b2 -> 
  custom:scripting/monoscript/fileName/EditorSpritePreferencesView.cs: 89dd60a3002166802af3f6bf33960631 -> 
  custom:scripting/monoscript/fileName/ReciprocalSquareRootNode.cs: 9ce1a8760dec6764ce4024f8be1d92b4 -> 
  custom:scripting/monoscript/fileName/AssetMenuOperations.cs: e8e4dc7e916ba19764d008f240e56b46 -> ebcce67603e288b4a84d49287db6ef5a
  custom:scripting/monoscript/fileName/VisualElementExtensions.cs: 0c10367c202cd70af709bd8f5980ade2 -> 0aad2728225c469038631668406aebb3
  custom:scripting/monoscript/fileName/MinValue.cs: 85cd723464b27a78ca606c47d2808519 -> 
  custom:scripting/monoscript/fileName/NotificationManager.cs: 8dd284e0067a494fd4fa7648075e1110 -> 
  custom:scripting/monoscript/fileName/DebugUIHandlerValueTuple.cs: d634df7643b5297902d49f55d38b9a4f -> 
  custom:scripting/precompiled-assembly-types:Unity.Muse.AppUI.Editor: 8860f0a6cae26e6bbb198641f18e3dd4 -> 
  custom:scripting/monoscript/fileName/Vector1ShaderProperty.cs: 3c299809aa353f8aa1854626005411f2 -> 
  custom:scripting/monoscript/fileName/SamplerStateNode.cs: 6bc38490f4dee89097730d6d317a8160 -> 
  custom:scripting/monoscript/fileName/SaveTextureData.cs: 82d1d28f25e2a0668ab22305fcc26017 -> 
  custom:scripting/monoscript/fileName/MatrixShaderProperty.cs: 6920f4f73b447d579d242531bf79ea6b -> 
  custom:scripting/monoscript/fileName/EditorPreferences.cs: 6c90fc90f1fd9ef6e09cb84d55de425f -> 
  custom:scripting/monoscript/fileName/CameraEditorUtils.cs: 9ecb09c6e5e1f3cd8796a420e0060e54 -> 
  custom:scripting/monoscript/fileName/ColorPickerExtensionsBridge.cs: 3c61624512e9132c7340f48db90d47e1 -> 
  custom:scripting/monoscript/fileName/TypeMapping.cs: e578f25795269fbf07606248925e8d5c -> 
  custom:scripting/monoscript/fileName/Texture3DAssetNode.cs: e9f924e349ed9ec8670f4117105fb2dc -> 
  custom:scripting/monoscript/fileName/MaterialUtils.cs: 05c1be0b707be95100719839807c37a3 -> 
  custom:scripting/monoscript/fileName/ToggleDataPropertyDrawer.cs: ad2994fdbff12e703f206902ddbe1ec7 -> 
  custom:scripting/monoscript/fileName/BatchPbrResponse.cs: 5cdcfb29dfd3fc7a009e7a69edf59e27 -> 
  custom:scripting/monoscript/fileName/BlackbodyNode.cs: 2cbb0202adc8852dde784ba72daffc7b -> 
  custom:scripting/monoscript/fileName/LensFlareComponentSRPEditor.cs: 29c085a3f3fe95ceca1a486a408cee06 -> 
  custom:scripting/monoscript/fileName/LocksSelector.cs: 70b046a562568fd78d093736e68a3a58 -> 7b0f4fc5552c1d92ba7f4648526ceb21
  custom:scripting/monoscript/fileName/NeverAllowedByTargetAttribute.cs: 5e23c9c64cd39b78ee55dec681b9bdc7 -> 
  custom:scripting/monoscript/fileName/ListViewItemIds.cs: 8f6297df34271fdb1ce2d9607ec6261d -> 90647cc400823b41df847a6cbfc29026
  custom:scripting/monoscript/fileName/ArccosineNode.cs: a35e27d63b8a0b87495f9dc3cd2385c9 -> 
  custom:scripting/monoscript/fileName/Chip.cs: a905f48c629f79ad5565fe0f337d81b9 -> 
  custom:scripting/monoscript/fileName/CreateWorkspaceViewState.cs: 1deb37b3c17c224d9a7dca9c990ea191 -> 0fe23b7cca9336b31a27790c714de652
  custom:scripting/monoscript/fileName/FullscreenMetaData.cs: 2dd8128f018fb0776bd5c2867e8e930a -> 
  custom:scripting/monoscript/fileName/PhysicalHandsAnchorableEditor.cs: 14687722aaa2f12cee19966ae3f404f0 -> 
  custom:scripting/monoscript/fileName/Texture3DSlotControlView.cs: 7ea95dd24830f5d8af189e4e6bc7c100 -> 
  custom:scripting/monoscript/fileName/MergeLinkListViewItem.cs: ebc1e6f9e3a3005d8f4c51a794adfdaa -> 3fa407d29597803190dd374d88ed170d
  custom:scripting/monoscript/fileName/MaterialNodeView.cs: cb2ca08d17b9e6ae4f1ad4c4faf5b1c4 -> 
  custom:scripting/monoscript/fileName/InputRegistering.cs: cb47d0b372583ed4212bfacf4d681feb -> 
  custom:scripting/monoscript/fileName/DependencyCollection.cs: 5643c35ae77cc5e66d1b11ef7126e706 -> 
  custom:scripting/monoscript/fileName/ContactBone.cs: 0d186963a9a811721bce8e06a300bc24 -> 
  custom:scripting/monoscript/fileName/ShaderGraphMaterialsUpdater.cs: c70ed0aeeed4e1073c0cfbdb252e088b -> 
  custom:scripting/monoscript/fileName/StyleTrainerProjectData.cs: d7352c51275132cbb32cef880d02e819 -> 
  custom:scripting/monoscript/fileName/DrawCommentTextArea.cs: ad5449f632fd412ac0f7ba0d171fd453 -> c58c26552f95f108a8d9610eaf001fbc
  custom:scripting/monoscript/fileName/Environment.cs: 88ed5c5b879a17136454598d4f1afab4 -> 
  custom:scripting/monoscript/fileName/BuiltInFields.cs: 55bdce375a9e879aa17c40288c131a68 -> 
  custom:scripting/monoscript/fileName/SpriteMiscBackend.cs: 866cc4fefcfc3ffe5f19421303f67c38 -> 
  custom:scripting/monoscript/fileName/GatherTexture2DNode.cs: 14267b6db3c1045c368a2ee1372601ac -> 
  custom:scripting/monoscript/fileName/ErrorsListHeaderState.cs: f366e16fac061f262479ccab9ff07a93 -> b961336a4a43551eb826f97c57673007
  custom:scripting/monoscript/fileName/TextureControl.cs: 52e7f4648e3f53963b9180a4a76cecf3 -> 
  custom:scripting/monoscript/fileName/SerializedDictionary.cs: a53f96815da50de15010b1c479bc70cf -> 
  custom:scripting/monoscript/fileName/StoreExtensions.cs: 7f3a8c80d98df63f5d80dc116828fc6a -> 
  custom:scripting/monoscript/fileName/RefreshAsset.cs: 4479d2949a66a97f66d1e550067f3767 -> 5a15c606785f1f54a697bb0d0d846dfb
  custom:scripting/monoscript/fileName/SawtoothWaveNode.cs: a04767749f4068d8d2ea1dd9fe867d31 -> 
  custom:scripting/monoscript/fileName/BuiltInUnlitSubTarget.cs: cd934080f7c805b6bbd061db48b93788 -> 
  custom:scripting/monoscript/fileName/NullableColorField.cs: a45894631a2c70c7e9441a31822142a1 -> 
  custom:scripting/monoscript/fileName/StackView.cs: 07df23718393071a6be17c735336a856 -> 
  custom:scripting/monoscript/fileName/HelpText.cs: ae17a9903119c6c4b47752757faca430 -> 
  custom:scripting/monoscript/fileName/PreviewImage.cs: 2d3cdead3ad53b71b25bee2a396e8de6 -> 
  custom:scripting/monoscript/fileName/Target.cs: 4d59880ea1d71addf2977271f44dbb24 -> 
  custom:scripting/monoscript/fileName/CameraController.cs: 90f26c7c63924735c23c826b8a781463 -> 
  custom:scripting/monoscript/fileName/Preference.cs: dcffa4837428e139966556d1521dfd24 -> 
  custom:scripting/monoscript/fileName/KeyImageOperator.cs: 6e51d56f993ccbe0ad5601d3c03b0a03 -> 
  custom:scripting/monoscript/fileName/RemoveAdditionalDataUtils.cs: aa9656d15f0c27d99401c03a7ce23b81 -> 
  custom:scripting/monoscript/fileName/BoolSetting.cs: d67f952c3a5976591f3e9a9e7356bbab -> 12bf039ccd38b0f4ccfffbec3cbbf108
  custom:scripting/monoscript/fileName/RuntimePreferences.cs: c7d13a8c28292fb800de1ea70001ac2c -> 
  custom:scripting/monoscript/fileName/SceneDepthDifferenceNode.cs: 8b4af65ee125e4459f757cffcf74b7ec -> 
  custom:scripting/monoscript/fileName/AccordionItemValueChangedEvent.cs: 7ee7139f28cbc268764faa7bb88ee7d9 -> 
  custom:scripting/monoscript/fileName/NotificationView.cs: aecaeebffcc647dfa00092e8648c00ac -> 
  custom:scripting/monoscript/fileName/Texture2DInputMaterialSlot.cs: f095c115703cb7bc1c3247deb706bacb -> 
  custom:scripting/monoscript/fileName/CustomTextureSelf.cs: f53ae610c96d8cd316112a71827058f1 -> 
  custom:scripting/monoscript/fileName/ActionBar.cs: 37f8c49690121e371b81aec172b548e6 -> 
  custom:scripting/monoscript/fileName/IMayRequireCameraOpaqueTexture.cs: 12bfffea18266b1a23ce102521eca097 -> 
  custom:scripting/monoscript/fileName/SamplerStateNodePropertyDrawer.cs: 044a23d9afc5313cf8ba9462f9fb3fc3 -> 
  custom:scripting/monoscript/fileName/TouchSlider.cs: 0cdf409b5aa8d4c25876d72b5c6a3b60 -> 
  custom:scripting/monoscript/fileName/IGraphDataAction.cs: 2bbf15ec78509ab836a9f8c43a9c727f -> 
  custom:scripting/monoscript/fileName/BlockNode.cs: a6e6423167f3cb487458ab4384bcca3b -> 
  custom:scripting/monoscript/fileName/AttachmentHands.cs: 13e261712a7db22f75fd298aaf539307 -> 
  custom:scripting/monoscript/fileName/NotNode.cs: f931cfeed3a6ce3f983d1a7764b0aee4 -> 
  custom:scripting/monoscript/fileName/StickyNoteData.cs: 50de03a5593c3db20c79d821fbf50dfd -> 
  custom:scripting/monoscript/fileName/InvertColorsNode.cs: 21e5001b17acc89ec931712bf2a25ed9 -> 
  custom:scripting/monoscript/fileName/SessionStatusNotifications.cs: 43355689a6519fa83f3785618409d53c -> 
  custom:scripting/monoscript/fileName/CubemapPropertyDrawer.cs: 2c78f71715ce4f50ca396b15a55c428a -> 
  custom:scripting/monoscript/fileName/DoodlePad.cs: 83192d03aa89fc2731d76ee96670d63b -> 
  custom:scripting/monoscript/fileName/INode.cs: e23b655906be2b9889b714c3007781bb -> 
  custom:scripting/monoscript/fileName/Vector4MaterialSlot.cs: 5513e99cb99efc729655c724300102cf -> 
  custom:scripting/monoscript/fileName/SchedulerGameObject.cs: 86df6e41a1de752cf01437ee305ca040 -> 
  custom:scripting/monoscript/fileName/HandPoseRecorder.cs: 68cf5aa99438127367c6d376c03e77f7 -> 
  custom:scripting/monoscript/fileName/MaterialPreviewer.cs: a7a351f3991c9727472adeb45a6b764e -> 
  custom:scripting/monoscript/fileName/RadioGroup.cs: 2c55c1c3945f76b4b30af88bb9c0fef3 -> 
  custom:scripting/monoscript/fileName/CreateChangelistDialog.cs: 774371d4233cc1d394d98dc80507a1f8 -> 386b03e27c951c5f1d63daf7aae486ca
  custom:scripting/monoscript/fileName/VertexIDNode.cs: 278b4af0e1d263c7a6a8330120e8ef67 -> 
  custom:scripting/monoscript/fileName/PosterizeNode.cs: 22eec0de0b0ff2be25b885d81fc10f30 -> 
  custom:scripting/monoscript/fileName/KeywordNode.cs: 69447c6571188bb1a4378849842e6c36 -> 
  custom:scripting/monoscript/fileName/HandBinderEditor.cs: 48b63a6af107a556e7182b3a9649133e -> 
  custom:scripting/monoscript/fileName/Pose.cs: d68bd6c291084079d3bfee3332e2edfd -> 
  custom:scripting/monoscript/fileName/FakeJsonObject.cs: ebe0642e955ceece6f734ed7a2ecdaa9 -> 
  custom:scripting/monoscript/fileName/RTHandle.cs: 198beeada0783b102b5de49eaf76743d -> 
  custom:scripting/monoscript/fileName/DialogTrigger.cs: 26f7d6a3b9923b6f3c104f73661ca70d -> 
  custom:scripting/monoscript/fileName/TimeNode.cs: 228ce4766a99f0761289608e6ed4f9d5 -> 
  custom:scripting/monoscript/fileName/HistoryListViewMenu.cs: 15a489e494f04a7ea37a587c7601070e -> 29770348599c8d5473b78d72e5741b40
  custom:scripting/monoscript/fileName/ShaderGraphDataExtension.cs: a45ecda2d2e7082aa4a437a8997966ae -> 
  custom:scripting/monoscript/fileName/StyleModelController.cs: 90cde35f55beff4d4bc01ad6ed4e8670 -> 
  custom:scripting/monoscript/fileName/AccountDialog.cs: eb758620b10e7bc03deac3fbb715ff61 -> 
  custom:scripting/monoscript/fileName/ExperimentalProgramNotifications.cs: b9eaf0e2ed8629abee2bbd33fccc71ef -> 
  custom:scripting/monoscript/fileName/DropZone.cs: 393981527a8d8276e9be4b7751b7985a -> 
  custom:scripting/monoscript/fileName/CoreEditorDrawers.cs: 2510b50dc7159cd7832baf63ade3e6bf -> 
  custom:scripting/monoscript/fileName/CommandBufferPool.cs: 35881b26195c08fe29d91784b3493017 -> 
  custom:scripting/monoscript/fileName/TabItem.cs: d0e1f1498924ec418de97bc614378027 -> 
  custom:scripting/monoscript/fileName/FilterRulesConfirmationDialog.cs: 5186d89f21d03764f0cca01c2a0122d7 -> 9c91c6c91f20e6d013a753f32343b327
  custom:scripting/monoscript/fileName/ExporterHelpers.cs: fa331b7e968c869e9c634ead5c71e4b9 -> 
  custom:scripting/monoscript/fileName/LegacyUnknownTypeNode.cs: 6bce94b33b90a7d08d9d8065ebc0bdb4 -> 
  custom:scripting/monoscript/fileName/ShaderGraphAnalytics.cs: cd0d162bc6048dda7cc300c26b687cc0 -> 
  custom:scripting/monoscript/fileName/FingerModel.cs: 865652628f08e8ae95483bc7a3ac7ccd -> 
  custom:scripting/monoscript/fileName/Store.cs: fd55b3abf8197d7fcd3a0103b24e0c2e -> 
  custom:scripting/monoscript/fileName/LegalConsentRequest.cs: 9f74b331b036daa157f4824aa8d095b5 -> 
  custom:scripting/monoscript/fileName/SlotReference.cs: 7f27af84058579befc37c5d31958d340 -> 
  custom:scripting/monoscript/fileName/AccountEditorInternals.cs: a5cfd6ff5afffe7586eaf35aad71b58d -> 
  custom:scripting/monoscript/fileName/Controller.cs: bdc9ac143787ad03b0d1b9c100065c1c -> 
  custom:scripting/monoscript/fileName/TextureAnalyticsManager.cs: ac4941f2a13b64880e168242830b234b -> 
  custom:scripting/monoscript/fileName/ClientUpdateNotificationView.cs: b98252b27eaee9ea6667d9067006fb73 -> 
  custom:scripting/monoscript/fileName/HandPoseEditorScripts.cs: 7213512f83c243993dcb47a64c3d3bf1 -> 
  custom:scripting/monoscript/fileName/ChangesetsSelection.cs: d154d1782ed752b83834c54a0bde3df9 -> 8b9d539af9f7e269bac4e3d79e9ffab8
  custom:scripting/monoscript/fileName/BuiltInLitSubTarget.cs: aac3359589a4029dcae0bd2454bbaa85 -> 
  custom:scripting/monoscript/fileName/DistortionData.cs: 7b00a94fc06e3d65689e0e1132c45f25 -> 
  custom:scripting/monoscript/fileName/ContextProviderAttribute.cs: 9cbbd4f58287dd6e1dca437a5ae3f559 -> 
  custom:scripting/monoscript/fileName/AppUIManagerBehaviour.cs: 2853b7be127102594acb89f16109c52b -> 
  custom:scripting/monoscript/fileName/ShaderUtils.cs: 5b8b7d1bc60c052a1c695eafacbd98f7 -> 
  custom:scripting/monoscript/fileName/HandPoseEditor.cs: 9fd059b11f6d73a1461d2b5362188199 -> 
  custom:scripting/monoscript/fileName/AppUISettings.cs: f35e4421c274cb6f375d98e2c7c678e5 -> 
  custom:scripting/monoscript/fileName/AssetPostprocessor.cs: 96208057b904410715a8df295ba4f8f4 -> 
  custom:scripting/monoscript/fileName/FileUtilities.cs: 771f43e67585e5fce72a68dee6f48c42 -> 
  custom:scripting/monoscript/fileName/TestHandFactory.cs: 248a6b0a9bf7938e3cebf4c763f81dc1 -> 
  custom:scripting/monoscript/fileName/FSRUtils.cs: cc5a2350cf3d51f8c4e95d114b305009 -> 
  custom:scripting/monoscript/fileName/IsResolved.cs: 12b1cb46be3341613a9d03a0fb32ccfc -> f54a3e2c5134aa4306f9ad150b1911a9
  custom:scripting/monoscript/fileName/DebugUIHandlerToggleHistory.cs: 0efb67cbdca69bd93c6e89c840b7dddd -> 
  custom:scripting/monoscript/fileName/BlackboardInputInfo.cs: a25dfa010eeafa1bd76fb146177a2385 -> 
  custom:scripting/monoscript/fileName/LocalStatusCache.cs: a558fcf5f34357bab4cfc7b75e2bb356 -> 30974ea30517fbfd1b93153f6c849a76
  custom:scripting/monoscript/fileName/SampleOutputPromptRow.cs: 947988e2f88c44ae518771fe2d4de2e0 -> 
  custom:scripting/monoscript/fileName/DebugUIHandlerMessageBox.cs: eae216b4275440e05f67b5fc8b459028 -> 
  custom:scripting/monoscript/fileName/IColorProvider.cs: db28d082041ca082dcdcb6bea551bbba -> 
  custom:scripting/monoscript/fileName/DropManipulator.cs: 90647cc400823b41df847a6cbfc29026 -> 
  custom:scripting/monoscript/fileName/ProbeSubdivisionContext.cs: 77380e81d520bb85c1b4f94c4b1458b8 -> 
  custom:scripting/monoscript/fileName/KeywordDependentCollection.cs: f0fb22e265a5f87d0185dc115b033693 -> 
  custom:scripting/monoscript/fileName/RepositoryExplorerDialog.cs: 143e7416b576681e1f2ea71288e530e6 -> eea34924da79ad7254f3e141a891c78d
  custom:scripting/monoscript/fileName/StyleTrainerWindow.cs: 99960aef40c7fc855db5a231d0da3022 -> 
  custom:scripting/monoscript/fileName/SubscriptionStartedDialog.cs: 9bb7b4ee78a1cf4b161e17d8f8de66e0 -> 
  custom:scripting/monoscript/fileName/EventBaseExtensionsBridge.cs: ce3de20bb7dce215ea4b3e10328d42d6 -> 
  custom:scripting/monoscript/fileName/GraphViewActions.cs: ca8d2c30bf20be877033840cbfefd483 -> 
  custom:scripting/monoscript/fileName/TrainingItemGridItem.cs: 39b148c71e2c4466fc6e71f386cf4161 -> 
  custom:scripting/monoscript/fileName/ProbeBrickPool.cs: 14b7482ce920c36421c3e0984e1cf843 -> 
  custom:scripting/monoscript/fileName/SimpleFacingCameraCallbacks.cs: a8cc76661ed5e6f99736eba590056656 -> 
  custom:scripting/monoscript/fileName/NormalizeNode.cs: 206e083603352147c800077850d90691 -> 
  custom:scripting/monoscript/fileName/Texture2DShaderProperty.cs: 2cc8ff8278e8514d47f8d0257ffba7e0 -> 
  custom:scripting/monoscript/fileName/IntParameterDrawer.cs: 1660f87314874ada5cd0d35c324db62f -> 
  custom:scripting/monoscript/fileName/HelpLinkData.cs: 298f428470bd6f0a46823cad390bf0d6 -> 
  custom:scripting/monoscript/fileName/DataStore.cs: 90647cc400823b41df847a6cbfc29026 -> 
  custom:scripting/monoscript/fileName/WorkspaceWindow.cs: ff52e13cd29dacd66db0169e14f71a23 -> b042f06133312d3bfed176231d97d77c
  custom:scripting/monoscript/fileName/AttachmentHandsEditor.cs: 679f39842b2ee442633c09f9d7c6f8f0 -> 
  custom:scripting/monoscript/fileName/ShaderGeneratorNames.cs: 1bbe896da98d1d154e6d5c5756923756 -> 
  custom:scripting/monoscript/fileName/XRGraphics.cs: 646c04de9fc8f194763ae67c06e8d189 -> 
  custom:scripting/monoscript/fileName/NandNode.cs: 23c9b6cc63194bd87293b257b3e30f9a -> 
  custom:scripting/monoscript/fileName/GridView.cs: 218e4cade9ebbe8b25f0fd72fb669305 -> 
  custom:scripting/monoscript/fileName/AppUIManager.cs: 35c76c99b52f444a32a4bf1b5da9079a -> 
  custom:scripting/monoscript/fileName/RelayCommand{T}.cs: b98e5608049019f2756175075d1dd454 -> 
  custom:scripting/monoscript/fileName/PlasticShutdown.cs: a8df8eeeed98372d06e446171a192a6d -> 
  custom:scripting/monoscript/fileName/IdentifierControl.cs: e3495e4ca87c994bf5ea600cf5b4136f -> 
  custom:scripting/monoscript/fileName/FilesFilterPatternsMenuBuilder.cs: 28072cd275c96994687e6d4d0d6e1dff -> cf716a8d336c8113475a9ca67a799ec1
  custom:scripting/monoscript/fileName/Tabs.cs: 4aff82d5ca8582a86962cfabfcfa2c55 -> 
  custom:scripting/monoscript/fileName/IgnoreCollisionsInChildren.cs: 1606e9ab4b646fa5cc87bf55e5b67037 -> 
  custom:scripting/monoscript/fileName/AccountDropdown.cs: 1f0fb4bbd95b8d9a8fe117eaae6147a5 -> 
  custom:scripting/monoscript/fileName/IPropertyFromNode.cs: 5a8c7873f0970db2476ff7e6c1e65620 -> 
  custom:scripting/monoscript/fileName/SerializedSettings.cs: 0b8f9718a63e7b28efe8872b30702b5c -> 
  custom:scripting/precompiled-assembly-types:Unity.Muse.StyleTrainer.Editor: 6c5095e2cd65b84235aaabd71dc25ddb -> 
  custom:scripting/monoscript/fileName/UnityConnectUtils.cs: c5f7da7345702fca9d7eafa173c657f6 -> 
  custom:scripting/monoscript/fileName/Texture3DInputMaterialSlot.cs: a249965d545b834a1461258c73ff703f -> 
  custom:scripting/monoscript/fileName/SignInDialog.cs: 718237e1d3788719eb31a2fb0ba22579 -> 
  custom:scripting/monoscript/fileName/MaterialPreviewSettings.cs: 6090ae28aa46edf53fc557142992e860 -> 
  custom:scripting/monoscript/fileName/ColorSpaceUtils.cs: 1d255e6551d8df71ffd04150d954b72b -> 
  custom:scripting/monoscript/fileName/EditorMaterialQuality.cs: 83d45c2d24380ad4d144c5f98f1500cf -> 
  custom:scripting/precompiled-assembly-types:Ultraleap.Tracking.PhysicalHands.Editor: 88661f8677d1353bd75ba87033a721bc -> 
  custom:scripting/monoscript/fileName/AppUIInput.cs: a311aa0da35a24a481a6cb54849f5076 -> 
  custom:scripting/monoscript/fileName/MaxValue.cs: 10750391c805536f4680ba8366f9b07b -> 
  custom:scripting/monoscript/fileName/CrossProductNode.cs: 5753a6163a344e80db4d0c8f1e930426 -> 
  custom:scripting/monoscript/fileName/ResizableElement.cs: 391fd1d62f71b65746f6e81e3871fffc -> 
  custom:scripting/monoscript/fileName/RenderGraphResourceRegistry.cs: ffe937371ff494b342e4f7da85f2a9c2 -> 
  custom:scripting/monoscript/fileName/SlotReference0.cs: 9e41ce82a2db67b39f4cbf374082143a -> 
  custom:scripting/monoscript/fileName/DDXNode.cs: 3a14d8880f4781619a905b53b679f34f -> 
  custom:scripting/monoscript/fileName/AsyncRelayCommand.cs: a78b7dd3235f68e176b91d4ce37350d3 -> 
  custom:scripting/monoscript/fileName/Icon.cs: 4503216c35da2c4475447a81b3711045 -> 
  custom:scripting/monoscript/fileName/InspectableAttribute.cs: b896b1b0232aa7224b2de8576324611c -> 38b788b4cc63dc944d9cb7cfc73677b3
  custom:scripting/monoscript/fileName/RotationProxy.cs: 92007ded9aae6803d1d4bb79eeac3bd0 -> 
  custom:scripting/monoscript/fileName/IsInfiniteNode.cs: bcbe18979f1abaee3b2f5891214af9fe -> 
  custom:scripting/monoscript/fileName/MaterialHeaderScopeList.cs: 0d6a9edf3c9eb4e8fa69c90ce08ee23b -> 
  custom:scripting/monoscript/fileName/TangentNode.cs: 5be4a5f6c1ed93d91b4bee14ddacc49a -> 
  custom:scripting/monoscript/fileName/SpriteArtifactExporter.cs: faacd0d9930d69bdf91bed1d1bf9bcf0 -> 
  custom:scripting/monoscript/fileName/EnumInfo.cs: 90647cc400823b41df847a6cbfc29026 -> 
  custom:scripting/monoscript/fileName/ValueOutOfRangeException.cs: 1dc5db054732e8d214be088a0776b471 -> 
  custom:scripting/monoscript/fileName/ICanChangeShaderGUI.cs: 149afd3c7e6c003c39b1dfc9a42bd842 -> 
  custom:scripting/monoscript/fileName/Documentation.cs: 63d5d1c8cc905c409cfdb9afce14bbef -> 
  custom:scripting/monoscript/fileName/SpherizeNode.cs: 23d3fca0c7958f0b21e4cab6cc90dd40 -> 
  custom:scripting/monoscript/fileName/SubGraphAsset.cs: 33cff28d8a5546149670a0e9c8e5b8a3 -> 
  custom:scripting/monoscript/fileName/HistoryListViewItem.cs: 2d3b1fc954b6bdbae298ec250ade0663 -> 96f2b67ec620b83e35d13f11877e1ac1
  custom:scripting/monoscript/fileName/MinimalGraphData.cs: 24c9a82381036b73bba9d0155e17f7b4 -> 
  custom:scripting/monoscript/fileName/ColorSlotControlView.cs: 451f03ded777b5172ed38dbc7778b409 -> 
  custom:scripting/monoscript/fileName/Profiling.cs: d65df0041ac5c5c4c58a1c33dafdbe6b -> 
  custom:scripting/monoscript/fileName/RemoteStatusCache.cs: 00463e6b90cfe7da080d7c266f783980 -> 402d5663f3675e9324c129274b0c00f2
  custom:scripting/monoscript/fileName/MaterialPreviewElement.cs: 8a968e5fb1117bbcaff188f422e81a9e -> 
  custom:scripting/monoscript/fileName/PhysicalHandsButtonHelper.cs: 1052634dc2a813e1279e91ce4165af19 -> 
  custom:scripting/monoscript/fileName/SaturationNode.cs: 4a0150bae6218cd390e874902d220017 -> 
  custom:scripting/monoscript/fileName/ParameterAttribute.cs: e1050b0cf7fa5ee533fdce844533738e -> 
  custom:scripting/monoscript/fileName/HyperbolicCosineNode.cs: 73e8d0e41fecb707e781d9037b52cb7b -> 
  custom:scripting/monoscript/fileName/AvailableToolsFactory.cs: 13442ef2ec715663e86a0bc2c529568b -> 
  custom:scripting/monoscript/fileName/ReuestSeatDialog.cs: 07e3c57eb1591894e9640af4846d1921 -> 
  custom:scripting/monoscript/fileName/ISerializedCamera.cs: d7b200b20c684d3011944cf7d1378800 -> 
  custom:scripting/monoscript/fileName/SessionData.cs: 2c927d9f5c6f82570f80332e8a8a17f5 -> 
  custom:scripting/precompiled-assembly-types:Ultraleap.Tracking.Core: 41a03eeeca5a1b34cd0c7dd2dab391b2 -> 
  custom:scripting/monoscript/fileName/FloatParameterDrawer.cs: 899092992342f8d1393b90bfe6c61d49 -> 
  custom:scripting/monoscript/fileName/EditorWindowFocus.cs: 1012e4e2e29e9b29bdcc03d8b92762a8 -> f258b0cf85078a7435d001e522d5e8e3
  custom:scripting/monoscript/fileName/EnumExtensions.cs: 2d494c1be5e83267369396f846fe59b3 -> 872fcb89b813d64606e680211dede528
  custom:scripting/monoscript/fileName/IPressable.cs: 695abd3da7d096446cd3145177b90a7b -> 
  custom:scripting/monoscript/fileName/CameraUI.Environment.Skin.cs: ea37b571f4b5213ec876c626bae4a6c0 -> 
  custom:scripting/monoscript/fileName/DefineCollection.cs: e1c72f4e3503f163edb100c8a092cf78 -> 
  custom:scripting/monoscript/fileName/NewIncomingChanges.cs: fc48261878ef7e4b956e7172f5803aee -> 
  custom:scripting/monoscript/fileName/EllipseNode.cs: 5a0d534b7000c4e0c9165457c8e4f0e5 -> 
  custom:scripting/monoscript/fileName/NegateNode.cs: 94a6b6efb00ed499f0715b504a59a22e -> 
  custom:scripting/monoscript/fileName/SignInNotificationView.cs: fc3b256640cb2080df890fd9116cd2a5 -> 
  custom:video-encoder-webm-vp8: eb34c28f22e8b96e1ab97ce403110664 -> 
  custom:scripting/monoscript/fileName/Edge0.cs: b8c3599d71272796679e59a534e95c81 -> 
  custom:scripting/monoscript/fileName/SGBlackboard.cs: 1f7428668e6d5a1439fb32f4eb755967 -> 
  custom:scripting/monoscript/fileName/EnumConversionControl.cs: 621787f518432fab85335d78afb7dda4 -> 
  custom:scripting/monoscript/fileName/PropertyConnectionStateSlotControlView.cs: 8e644e50bd0f394d592d214a26a4d874 -> 
  custom:scripting/monoscript/fileName/UnityIncomingChangesTree.cs: a6749c8b534ffb85ccf809bc8e274114 -> 42967773c43d3de5d23be4ddc6dfd9c4
  custom:scripting/monoscript/fileName/ShaderGraphMetadata.cs: 4e2fb0c623627109d410e2062edd78b2 -> 
  custom:scripting/monoscript/fileName/CustomTextureSize.cs: 9bbd5149e3f41e9a69c70a4637bf6c31 -> 
  custom:scripting/monoscript/fileName/UnityDiffTree.cs: 447fc3a8922f56330f4bae8c9dc9a8be -> 1029ffd567bc0e646e6b119719dcb2ff
  custom:scripting/monoscript/fileName/BatchRendererGroupGlobals.cs: 187c7c671b978d74ca2a118ab492e450 -> 
  custom:scripting/monoscript/fileName/GenerateOperator.cs: e111856e7c1e7d3da6622f174d1aa900 -> 
  custom:scripting/monoscript/fileName/TreeHeaderSettings.cs: 114eb9e27124403e8e111494b8eaf987 -> 662b1714c0fce36da72bbfe60201987a
  custom:scripting/monoscript/fileName/DielectricSpecularControl.cs: 7ac30c06d0369013691fdcb246b9c661 -> 
  custom:scripting/monoscript/fileName/DebugUI.cs: 398639f868eabde8ec4cfa5a98e2d32c -> 
  custom:scripting/monoscript/fileName/VertexColorMaterialSlot.cs: 9a35e2dd246f47bda426377aa27113db -> 
  custom:scripting/monoscript/fileName/ContactParent.cs: a1a90eb267b95ed3ea8eaec485c8c249 -> 
  custom:scripting/monoscript/fileName/UnlitMasterNode1.cs: 3d378576268d72287c9b90359bbe8833 -> 
  custom:scripting/monoscript/fileName/ArtifactRegistration.cs: e98929c192fc019cd9b3e5c2c5552d33 -> 
  custom:scripting/monoscript/fileName/NativePlugin.cs: 3c7852f512de52aefc36db8c83c0553c -> 
  custom:scripting/monoscript/fileName/UnityConstants.cs: 0eb92bed4b0c568cb341161b4319c2db -> e3d3c3e11a194da9e5bbbfb97087a7bd
  custom:scripting/monoscript/fileName/DebugUIHandlerCanvasEditor.cs: 0c98ba5da26cc48cd480944029611906 -> 
  custom:scripting/monoscript/fileName/FloorNode.cs: 8cd5a3ef634e6c8d8ccc7d29534db43e -> 
  custom:scripting/monoscript/fileName/DisplayWindow.EnvironmentLibrarySidePanel.cs: 29d7d4debd0b0b56b589a67c88c98687 -> 
  custom:scripting/monoscript/fileName/SerializableHashSetEditor.cs: 28ff9cfd819ba1731501265568b7b063 -> 
  custom:scripting/monoscript/fileName/IsExeAvailable.cs: 3e4283303610c884e542b8f6d3e922d4 -> 4a3dbc5ded94087064afd97407f26631
  custom:scripting/monoscript/fileName/ExpandedState.cs: 90647cc400823b41df847a6cbfc29026 -> 
  custom:scripting/monoscript/fileName/SessionOperator.cs: 2c8dcc1ddff454d4fdb557867afbf778 -> 
  custom:scripting/monoscript/fileName/AccountEditorUtility.cs: 45a03c883baa97a2f04b38ac448edb4f -> 
  custom:scripting/monoscript/fileName/VectorShaderProperty.cs: 6b11de3f68a621d16581f67570325ccd -> 
  custom:scripting/monoscript/fileName/DisplayWindow.cs: 5fbb58f67d9ef9189379b30fc85923ba -> 
  custom:scripting/monoscript/fileName/GraphDrawingData.cs: f5c450bd42c875c42ab0f55daaad921c -> 
  custom:scripting/monoscript/fileName/MuseAssetCreation.cs: a7819eab984c2489cab765de47c1e69d -> 
  custom:scripting/monoscript/fileName/LoadableImage.cs: cf4612146290a3bd8008674c6afc7736 -> 
  custom:scripting/monoscript/fileName/DebugConfigEditor.cs: 5b21f744642cc20e4e930bb84f98fd1e -> 
  custom:scripting/monoscript/fileName/StyleModelInfoEditor.cs: acbc81ca5a0b93078b49c9ee85171d23 -> 
  custom:scripting/monoscript/fileName/MatrixConstructionNode.cs: 9967ad2a53631a1bff24165e0e4f1f77 -> 
  custom:scripting/monoscript/fileName/DDYNode.cs: ea2cc2a2381402437bbbc15ccccbe572 -> 
  custom:scripting/monoscript/fileName/ShaderGraphImporterEditor.cs: bdac637587671ba15340ab379e88e5c6 -> 
  custom:scripting/monoscript/fileName/ExportedArtifact.cs: bf4b718c81d18a874d67f87d0b9eaa6b -> 
  custom:scripting/monoscript/fileName/RemoveComponentUtils.cs: cba4030f6674ff81eab416fbd0e4ea84 -> 
  custom:scripting/monoscript/fileName/AutoLogin.cs: e67ed70aada38469aeb667115929c368 -> b4cb98371fc38cca00d7123b7e649e12
  custom:scripting/monoscript/fileName/HardContactHand.cs: e1f8465b58c2a015b15f38b6c4232ec0 -> 
  custom:scripting/monoscript/fileName/RandomRangeNode.cs: b51d9d2bd8932cdc2ac3f3857bfcf1a3 -> 
  custom:scripting/monoscript/fileName/UINumericFieldsUtils.cs: 8a81c9c0328febd19543ffcd88207316 -> 
  custom:scripting/monoscript/fileName/ScreenSpaceType.cs: 708a02b75c3d0cdff7fd233f736a6f5f -> 
  custom:scripting/monoscript/fileName/BuiltInSubTarget.cs: a98908f467058654c6aaf46cd9e038b1 -> 
  custom:audio-decoder-ogg-vorbis: bf7c407c2cedff20999df2af8eb42d56 -> 
  custom:scripting/monoscript/fileName/RedirectNodeView.cs: 7117241b17e37a403dceb07917f1ba94 -> 
  custom:scripting/monoscript/fileName/UpdateReportLineListViewItem.cs: a101f0ba5292fc139445870b3f4af838 -> 9f63395e1ea590dbbab4d59cd0032ac4
  custom:scripting/monoscript/fileName/AbsoluteNode.cs: 80c13250d10231a7843225a44587e406 -> 
  custom:scripting/monoscript/fileName/SceneRenderPipelineEditor.cs: 7978f181dc78bc07a62dbc11b8a03913 -> 
  custom:scripting/monoscript/fileName/AssetReference.cs: 4a5235ff8e8e9ef9af658f0344b45958 -> 
  custom:scripting/monoscript/fileName/DrawSplitter.cs: ec7e8739eacabcca3e2946d9833eea0f -> d2f114a8e8e4167f7762d835a83b2f55
  custom:scripting/monoscript/fileName/OnboardWindow.cs: 2c343928b768f3a1215dace0f6c7552e -> 
  custom:scripting/monoscript/fileName/LightUnitSlider.cs: d37533252e5011f18d32062d16a5ca4a -> 
  custom:scripting/monoscript/fileName/ProduceConsumeBuffer.cs: 90647cc400823b41df847a6cbfc29026 -> 
  custom:scripting/monoscript/fileName/GenerateCountData.cs: b5f8b3474017c679470cc0fdaf5d4f4a -> 
  custom:scripting/monoscript/fileName/SwipeView.cs: d765507ebb0d22a5f0b1e8238bca893a -> 
  custom:scripting/monoscript/fileName/BuiltInUnlitGUI.cs: 5385a9107f8419cb0654a83d8d130c8c -> 
  custom:scripting/monoscript/fileName/PromptOperator.cs: 073a7a3feb353ab3f829319eb62c03e9 -> 
  custom:scripting/monoscript/fileName/LaunchDependenciesDialog.cs: e1c527862a66e73f0417ae177d7fdfb5 -> 2cabf22eb95430074b6c730a84e03493
  custom:scripting/monoscript/fileName/PhysicalHandEvents.cs: 16a7efb70f5a2c7d68db622fdffb96c6 -> 
  custom:scripting/monoscript/fileName/PhysicalHandsSettingsProvider.cs: 79927968ac4cf67bab368a837e7f932b -> 
  custom:scripting/monoscript/fileName/DynamicResolutionHandler.cs: 2c633d5b8c541c49ee13866f0fd3afad -> 
  custom:scripting/monoscript/fileName/IAsyncRelayCommand.cs: ae286909c3d29fcb184edf8329c8c349 -> 
  custom:scripting/monoscript/fileName/MuseEditor.cs: 4d69f52280a83fe1a1c10594160060ff -> 
  custom:scripting/monoscript/fileName/Controls.cs: 254a2b33ef5cb8cb752d017afc8f099b -> 
  custom:scripting/monoscript/fileName/WindowDockingLayout.cs: 630113a5efc6c12b70d63262990f21bf -> 
  custom:scripting/monoscript/fileName/DropdownPropertyDrawer.cs: 2120ab2037d876e6f65ba5dece9df770 -> 
  custom:scripting/monoscript/fileName/IServer.cs: 0a4ceca0ab667fda3d9c7e45993e146b -> 
  custom:scripting/monoscript/fileName/IMayRequireFaceSign.cs: edccb2ba772eaf9429b2276a1604f45c -> 
  custom:scripting/monoscript/fileName/ReplaceColorNode.cs: 431bf5e931174ebc6a28fc468bc6e28d -> 
  custom:scripting/monoscript/fileName/HasDependenciesAttribute.cs: 1994e3daf482d8c507492fc0431f2a21 -> 
  custom:scripting/monoscript/fileName/UsageView.cs: 46737a5c7162031f29ee65121ea60af2 -> 
  custom:scripting/monoscript/fileName/Bone.cs: c400bd4975023e6c4040cb74e2042bf9 -> 
  custom:scripting/monoscript/fileName/IntegerPropertyDrawer.cs: 6533f4c9eabbac5498573216a9ceebbf -> 
  custom:scripting/monoscript/fileName/TriplanarNode.cs: 90537466fe3f27af8d319b572631df67 -> 
  custom:scripting/monoscript/fileName/EdgeConnectorListener.cs: e11391e99e4e32d1221129184b7a5f3e -> 
  custom:scripting/monoscript/fileName/LogNode.cs: 6a74d8117017a06427518c3f78b4aa03 -> 
  custom:scripting/monoscript/fileName/LaunchDiffOperations.cs: aeae601320588a70eea7590a2f7e0f69 -> 871a0804a9fe2d9f2ad088303a89a63e
  custom:scripting/monoscript/fileName/DebugUIHandlerVector2.cs: d5c4c7d89d856249aba59298135734e4 -> 
  custom:scripting/precompiled-assembly-types:Ultraleap.Tracking.Hands.Editor: 91601cad0f39b313832ea3af5e75be5b -> 
  custom:scripting/monoscript/fileName/GlobalDynamicResolutionSettings.cs: cbd9fffe3093f62e451ed7cef29e252f -> 
  custom:scripting/monoscript/fileName/PlasticSplitterGUILayout.cs: 4cfaefa1a850aceff54713912c4a2bda -> 111849f67dfbfea65ad2a9298ad1654d
  custom:scripting/monoscript/fileName/HandTrackingSourceUtility.cs: a2ddd8e0a005a473ca10589debd1bd30 -> 
  custom:scripting/monoscript/fileName/RotationManipulator.cs: 5dfd29b82132f4b16d9952a2137d5269 -> 
  custom:scripting/precompiled-assembly-types:Ultraleap.Tracking.Core.Editor: b9dea0e2459cbdbc4e108a46d7355411 -> 
  custom:scripting/monoscript/fileName/HandPoseDetector.cs: 63217b95c59ecf279af0e7ba1132e423 -> 
  custom:scripting/monoscript/fileName/ReciprocalNode.cs: e9dc9c25581dec21f7553e0ae2091bf5 -> 
  custom:scripting/monoscript/fileName/CredentialsResponse.cs: 96b135ae1c4ea541dc762170ea524fa9 -> 3dd2507693e56dac75ee7783f598cbb9
  custom:scripting/monoscript/fileName/Compositor.cs: dae0903800afd8f8a89ef50c00659138 -> 
  custom:scripting/monoscript/fileName/DebugUIHandlerPanel.cs: 5720e729e9678befbefa3fbc3d574965 -> 
  custom:scripting/monoscript/fileName/SamplerStateShaderProperty.cs: 012e5cf5c9eb112d8b262fceb7e86d9d -> 
  custom:scripting/monoscript/fileName/MainLightDirectionNode.cs: cf8f5c90dcde96f9cc26ff927f26adb8 -> 
  custom:scripting/monoscript/fileName/InstanceIDNode.cs: 81bd4dc1b6300c32bd81bccfd38f23f4 -> 
  custom:scripting/monoscript/fileName/MenuManager.cs: 0343bcd059e803f90b5a61786ef257ee -> 
  custom:scripting/monoscript/fileName/ErrorView.cs: b434f9114bb601a615cfac4877f83e04 -> 
  custom:scripting/monoscript/fileName/SerializableVirtualTexture.cs: 2bacbd79cbb274b5fdc9d8731752e21f -> 
  custom:scripting/monoscript/fileName/SquareWaveNode.cs: b45226c65ba98c99cccf2d66e77b0bc5 -> 
  custom:scripting/monoscript/fileName/IMayRequirePosition.cs: 8887708717c204db632822e0c31db4c0 -> 
  custom:scripting/monoscript/fileName/CreateUnlitShaderGraph.cs: 57206e31c15418bccf1916643a130bd3 -> 
  custom:scripting/monoscript/fileName/SpriteRefiningMaskOperator.cs: 0fbb953c1f0a47984ded627754f83555 -> 
  custom:scripting/monoscript/fileName/FloatField.cs: 11e06b97f38e5eabfc1de35a3bb783b0 -> 
  custom:scripting/monoscript/fileName/ShaderVariablesProbeVolumes.cs: b2eac9c6df66322c3990c266691aae47 -> 
  custom:scripting/monoscript/fileName/XRLeapProviderManagerEditor.cs: 2095aeb1d4e1b9ca50faeabda9e198ba -> 
  custom:scripting/monoscript/fileName/LeapTransform.cs: 14bf8a803c8c800112b10551a33ee56f -> 
  custom:scripting/monoscript/fileName/PbrDataCache.cs: 837971af524c5783e7f7cf867757cf6d -> 
  custom:scripting/monoscript/fileName/StyleTrainerConfigEditor.cs: dac0bb58f7a849555eda6778c7c76e49 -> 
  custom:scripting/monoscript/fileName/CheckinDialogOperations.cs: 0b2a2cd4c41cf1865a29cf91b2a96a48 -> d032d69e8060311c06b88286e8f22ddd
  custom:scripting/monoscript/fileName/TrackingMarker.cs: 2dd036965205a0ddb718404e9d073cb0 -> 
  custom:scripting/monoscript/fileName/IntroductionManipulator.cs: 9983ffa5a33c47d13c32c676d600ead9 -> 
  custom:scripting/monoscript/fileName/PhysicalHandsButtonToggle.cs: 3960c22d6dbadc4595f904c529a7796e -> 
  custom:scripting/monoscript/fileName/BoundsIntField.cs: b57754c0924b374bc80e1af7b5018a0f -> 
  custom:scripting/monoscript/fileName/DebugUIHandlerVBox.cs: 62474eac231858d08f534ea8cc4c6be5 -> 
  custom:scripting/monoscript/fileName/ReferenceOperator.cs: a84c2d9e9febf6a6b6f679040fbffdb5 -> 
  custom:scripting/monoscript/fileName/TwirlNode.cs: 80fdd3a1e71301ab6c511458b3a8f793 -> 
  custom:scripting/monoscript/fileName/UxmlFilePathAttribute.cs: 711ff899f6cc7699845b5c720b418257 -> 
  custom:scripting/monoscript/fileName/MuseTextureBackend.cs: fa63e29749f3d668188f9fb9f5855b0d -> 
  custom:scripting/monoscript/fileName/RefractNode.cs: 48ec18db438424d42d3bcc49bb40cdd6 -> 
  custom:scripting/monoscript/fileName/PendingChangesViewMenu.cs: 68fab310addfd7068cfd7920070496ff -> 9b0019b6df6bb14eb3a2dbafa53fb54b
  custom:scripting/monoscript/fileName/TrainingTask.cs: ffd05cb9e66ff4fc27f463cfc614261a -> 
  custom:scripting/monoscript/fileName/EditorFactoriesRegister.cs: 75e77a65d14732239b09be2a42e1397c -> 
  custom:scripting/monoscript/fileName/ScaleToFitImageManipulator.cs: cd6ee570deace06946ffc671ec295831 -> 
  custom:scripting/monoscript/fileName/ArtifactView.cs: e6dff61e81e44c66de92c558499f077c -> 
  custom:scripting/monoscript/fileName/EditorUtilities.cs: faf298ebc26898f35356b1db37ef3732 -> 
  custom:scripting/monoscript/fileName/FullscreenShaderGUI.cs: d11673d0d4301dc26198735b54de223f -> 
  custom:scripting/monoscript/fileName/AssetsSelection.cs: 35cec24e81f0cb1de51daeb356abc4ff -> 0227d7ff4d5687932d10967a945a9b06
  custom:scripting/monoscript/fileName/AssetDatabaseHelper.cs: 43463f09453d3f0c41559b0197fd0dfe -> 
  custom:scripting/monoscript/fileName/GenerativeAIBackend.cs: ac6ed99234c938631ce43eda87859379 -> 
  custom:scripting/monoscript/fileName/UVSlotControlView.cs: b9ed4c4c13cb7e7c02ee0083abd86c93 -> 
  custom:scripting/monoscript/fileName/UIFoldout.cs: bb8a6ce8394724e78f5b3ce98cb0378d -> 
  custom:scripting/monoscript/fileName/EnumPopupSetting.cs: 8f6297df34271fdb1ce2d9607ec6261d -> 90647cc400823b41df847a6cbfc29026
  custom:scripting/monoscript/fileName/TrainingControllerEvents.cs: 902560cb6eac21c951229ac4d7707866 -> 
  custom:scripting/monoscript/fileName/ColorExtensions.cs: 519a9f3b35a10731768ffce257aaf076 -> 
  custom:scripting/monoscript/fileName/PlasticConnectionMonitor.cs: 920e8e381bfc94da8bb69d336dda57ca -> 
  custom:scripting/monoscript/fileName/KeyframeUtility.cs: 247dc6655a1dfd92b42a93a2158a21ef -> 
  custom:scripting/monoscript/fileName/AppBar.cs: 2444fd3996cbb44de4154b405c03c165 -> 
  custom:scripting/monoscript/fileName/ClientWillBeDeprecatedNotificationView.cs: 1e5ebe946467f09fa23ceb469ef888b7 -> 
  custom:scripting/monoscript/fileName/MatrixPropertyDrawer.cs: deea491053a10bda5fadd0044e6ed036 -> 
  custom:scripting/monoscript/fileName/Generator.cs: fc3d646fb3064ab8b5cacce41a6daf7b -> 
  custom:scripting/monoscript/fileName/CustomColorData.cs: 2da80ff913237e90addff3989e95f467 -> 
  custom:scripting/monoscript/fileName/SampleOutputModelEvents.cs: 9b132c684e3ec5e82817675cdbc348a2 -> 
  custom:scripting/monoscript/fileName/HistoryListHeaderState.cs: 6226ef13a567fa81584864f8698be331 -> a87e0364d14866c369ad50d669bdfa85
  custom:scripting/precompiled-assembly-types:Unity.Muse.Common.Bridge: 82a8b03af785fd76db4f75dfa61014fb -> 
  custom:scripting/monoscript/fileName/DebugUIHandlerIndirectToggle.cs: 8dcae707d1551edf482f6d0f8ff79e5c -> 
  custom:scripting/monoscript/fileName/StyleTrainerData.cs: e0fdd649c39d78d2b85f04778d1a443f -> 
  custom:scripting/monoscript/fileName/PinchGestureEvent.cs: 19d6d72750686c986a5283120f34163e -> 
  custom:scripting/monoscript/fileName/ConstantBuffer.cs: d3d43752e65290ba663df673c4be3913 -> 
  custom:scripting/monoscript/fileName/CloudEditionWelcomeWindow.cs: c886fdb39f4b8787e6ea3701a8f88f4a -> b1721e471183956468462f6b64901640
  custom:scripting/monoscript/fileName/AssetsPath.cs: 367269acf8f676d2cdd30fdc387b3920 -> e0e986124adc46d913f0683c34b88c9f
  custom:scripting/monoscript/fileName/PolygonNode.cs: 48156b7d3233e99e0b8af689964ffe1f -> 
  custom:scripting/monoscript/fileName/GradientPropertyDrawer.cs: e14c0b6fc12aafda69de58f471522fad -> 
  custom:scripting/monoscript/fileName/Texture2DArrayAssetNode.cs: 0285426e91607f7191ea9167b1f908bd -> 
  custom:scripting/monoscript/fileName/MetaPath.cs: 1f80313a7ce6ec6ece505285578f5745 -> 417a84eb354831f828a6752b26c8592d
  custom:scripting/monoscript/fileName/BooleanShaderProperty.cs: 6b8fb255a8f36a782aea641701793369 -> 
  custom:scripting/precompiled-assembly-types:UnityEngine.UI: 3ad45a1e916064c3a90f88d370755674 -> f762135bac905e34e2b540c872c48817
  custom:scripting/monoscript/fileName/ObjectHelper.cs: 7d5e1a3338d2e0cbedc2f87b64ff3e88 -> 
  custom:scripting/monoscript/fileName/StencilDescriptor.cs: e973f5dea4bbc7f31e1a386ee957f512 -> 
  custom:scripting/monoscript/fileName/ExploreMuseDialog.cs: 98a684428f55dc61130cd5f42fe447d5 -> 
  custom:scripting/monoscript/fileName/Vector3Node.cs: b00e452ab4707aff87f5d4776964cff7 -> 
  custom:scripting/monoscript/fileName/CredentialsUIImpl.cs: 90e9c2de8d7bdd8424e0d89c415108ae -> dbacf67c37819fd95562fe169e706732
  custom:scripting/monoscript/fileName/ShaderInput0.cs: e13e20a5d5972b627f97800e147f8b5a -> 
  custom:scripting/monoscript/fileName/UsageProgressBar.cs: 6514959b449602e62eccd495c6c6fb82 -> 
  custom:scripting/monoscript/fileName/ChangesetsViewMenu.cs: b720f0168f4ce1b1e0d358a6d5ec9a42 -> 7d1a2de81910b5990e71a0bfff26fdca
  custom:scripting/monoscript/fileName/PbrMapGuids.cs: 8f9b632281fc1737f5ac0848c2c9b68b -> 
  custom:scripting/monoscript/fileName/StyleTrainDataUpgrader.cs: 2ade4e41984b6fdb607389c5b66fcec7 -> 
  custom:scripting/monoscript/fileName/DpiChangedEvent.cs: 8e8ced11450e3d346d0ab7d603bd68f5 -> 
  custom:scripting/monoscript/fileName/UnityPlasticGuiMessage.cs: 2a7f71f59c0d7dc731fd345a3713957c -> 24eef0792e3802809607a7f9d04b8f1d
  custom:scripting/monoscript/fileName/WhiteBalanceNode.cs: 8616b1655acb9d525648a72c7f39ba53 -> 
  custom:scripting/monoscript/fileName/OrganizationCredentials.cs: ee462057b3bd23cc3dab953ac4d656e2 -> 0b123406cadd651e9adc01c85fab5124
  custom:scripting/monoscript/fileName/SubGraphNode.cs: 3ff25cef27796bc17d40024f60ae6451 -> 
  custom:scripting/monoscript/fileName/DelegateUtility.cs: 4fdf31df40b6382f1066f27fa3570013 -> 
  custom:scripting/monoscript/fileName/TextureParameterDrawer.cs: 2c6b9120bbbf6a2067db0c6f6979447c -> 
  custom:scripting/monoscript/fileName/MonthPicker.cs: 9aaaf1b8c44d51413386bac0d2412da7 -> 
  custom:scripting/monoscript/fileName/Matrix4Node.cs: a82258b19e1b0221d8299445d0ee7844 -> 
  custom:scripting/monoscript/fileName/StartTrialDialog.cs: 3b36d012cd1e64951b5eb3cfd1a03f3d -> 
  custom:scripting/monoscript/fileName/StructDescriptor.cs: 8002089f11f8eaf1427a8da221c44f89 -> 
  custom:scripting/monoscript/fileName/RadialShearNode.cs: 0b065e7e3e008de5f98e68aa95f36132 -> 
  custom:scripting/monoscript/fileName/RenderStateDescriptor.cs: b2002ba6fdf731869c2d1d8f2cbbf29f -> 
  custom:scripting/monoscript/fileName/StatusBar.cs: 392933116703b8e69a96dc0b873bf6f1 -> 
  custom:scripting/monoscript/fileName/TrainingSetData.cs: c2af2ba7089d79471c48f8d72dace2ab -> 
  custom:scripting/monoscript/fileName/FailedDevice.cs: 8df4bf9b9bc6c6361efd09f4ed24958c -> 
  custom:scripting/monoscript/fileName/IsCurrent.cs: 16ae2475c9982c21b0dccb3cdf4b1a92 -> cf1fd01890d0fd9f011c1a1a491e2cf0
  custom:scripting/monoscript/fileName/MipSamplingModes.cs: 878af40352855f8a51dc2667c08c834d -> 
  custom:scripting/monoscript/fileName/IShaderInputObserver.cs: 7da39cbf2287b15594dba3bc2efa91f4 -> 
  custom:scripting/monoscript/fileName/Message.cs: d1210aeb3bd57a43a1de3a19f04ed05a -> 671a789acb2c7a93d0b620fe02979957
  custom:scripting/monoscript/fileName/Vector3PropertyDrawer.cs: 9fb0b95eca53257c44d1e01ad39f7b83 -> 
  custom:scripting/monoscript/fileName/Looper.cs: 915159db35a07551ac3cba81459d2466 -> 
  custom:scripting/monoscript/fileName/ScreenPositionNode.cs: 71ca3eca9774b7309dec647eb443f82a -> 
  custom:scripting/monoscript/fileName/JsonObject.cs: b4314edf02dda425962de25e5c3df291 -> 
  custom:scripting/monoscript/fileName/AndNode.cs: b9e72e1e5bf246b437a24909640ff4e3 -> 
  custom:scripting/monoscript/fileName/IOperator.cs: 9b04ce4f77a62eb6d6a5925d28e4beba -> 
  custom:scripting/monoscript/fileName/IsFrontFaceNode.cs: ba0df370b917e50a1b67c2a867d7f741 -> 
  custom:scripting/monoscript/fileName/IVariateArtifact.cs: c3e15bb5f9298ae3384a6190c26ae5ad -> 
  custom:scripting/monoscript/fileName/DebugHand.cs: 458d675d82bbd06fb727f78345fc6b47 -> 
  custom:scripting/monoscript/fileName/IGeneratesFunction.cs: 22f5a18d52ee5b6c7bc7cfc3d266233e -> 
  custom:scripting/monoscript/fileName/BitArray.cs: 7ab10b1ed638d56c325b24e1c3bddbd0 -> 
  custom:scripting/monoscript/fileName/CubemapShaderProperty.cs: 597c7494ec1bcda61a6debae07dde0f1 -> 
  custom:scripting/monoscript/fileName/PhysicalHandsButtonToggleEditor.cs: 0483338085a50f6bc23ca1cf45218297 -> 
  custom:scripting/monoscript/fileName/SmoothedFloat.cs: c32e67ad003c9ba3c6bd0091ca58e234 -> 
  custom:scripting/monoscript/fileName/RenderPipelineGlobalSettingsUI.Skin.cs: 9c646fac78d3537cf5088886d8ff1760 -> 
  custom:scripting/monoscript/fileName/DebugUI.Containers.cs: e227e0c3b20c11b20a20df6699525cc4 -> 
  custom:scripting/monoscript/fileName/ChangesetFromCollabCommitResponse.cs: b986ab8b1acd322b0367812e2d541734 -> ba336e4117e1b7ee28e4c17197bc3d0e
  custom:scripting/monoscript/fileName/MasonryGridView.cs: ea611698d2dc378efdd23c3b615aba47 -> 
  custom:scripting/monoscript/fileName/ShaderGraphPreferences.cs: 52a7826570dccfa4ba3effe67c1cf81b -> 
  custom:scripting/monoscript/fileName/IOperatorRemoveHandler.cs: 136ef01965341198b39062bfa854e982 -> 
  custom:scripting/monoscript/fileName/TextUtil.cs: ccc1520ab54b25b926169755159248d5 -> 
  custom:scripting/monoscript/fileName/ResultItemVisualElement.cs: b73ff7a51112d0fe575e12938b542cd9 -> 
  custom:scripting/monoscript/fileName/MoveToChangelistMenuBuilder.cs: 3a2ef8cb0baf69e5dadeafc731fe32a9 -> a90b3e388d3e1316fa104d4c9a03e2d1
  custom:scripting/monoscript/fileName/LoadingSpinner.cs: b3299af90b664a9f42123e7df43fae24 -> 6aff0ac022d117a8e24a7b5e4b11904c
  custom:scripting/monoscript/fileName/GuidEncoder.cs: fcb11fce9f3dbea698f6c386aff1b631 -> 
  custom:scripting/monoscript/fileName/ContrastNode.cs: b8bb5e9ab31994489bbc61c1eb1cc9d0 -> 
  custom:scripting/monoscript/fileName/ArctangentNode.cs: 6d30370a33d9eaffddef89583f5bfcd9 -> 
  custom:scripting/monoscript/fileName/StartTrialConfirmDialog.cs: 18dab87096fb021bd12c8f292640efe2 -> 
  custom:scripting/monoscript/fileName/ButtonControl.cs: 53e1f916a8c6b149dc54ed2ac3da8c66 -> 
  custom:scripting/monoscript/fileName/IconButton.cs: 5df8be1b3883d22a32fb2699c002edc1 -> 
  custom:scripting/monoscript/fileName/IGeneratesBodyCode.cs: 0af62faf4ce0dd20ee5768f8bc6cbaac -> 
  custom:scripting/monoscript/fileName/LocksTab.cs: 134c512484ae73354c15c06a6dc69f9f -> 00ffb5a39c16fdc2d733c7e53471a3a9
  custom:scripting/monoscript/fileName/WebRequest.cs: 1aea1b262a90298f2e76d60673b93fa6 -> 
  custom:scripting/monoscript/fileName/ShaderGeneratorAttributes.cs: c2af1f9bff4ba5992758ce570fc17e38 -> 
  custom:scripting/monoscript/fileName/BranchesTab.cs: 764cb17e9337c58ad4f5304b60b2042e -> 57c33f76c527a5aba4d269245ffff188
  custom:scripting/monoscript/fileName/XROcclusionMesh.cs: be152c3b740cdbda71143279f09d0770 -> 
  custom:scripting/monoscript/fileName/GradientUtil.cs: 2d193e7aecc7f5c5df34722d3e9762d4 -> 
  custom:scripting/monoscript/fileName/CameraUI.Rendering.Drawers.cs: 6b931c755be6b8c07068541044964215 -> 
  custom:scripting/monoscript/fileName/HelpLink.cs: f129aa05dc3840d5bd4f2e0d111189db -> 
  custom:scripting/monoscript/fileName/IPlatformImpl.cs: a61ff81c8b093d7b41d4fc2392dad3dc -> 
  custom:scripting/monoscript/fileName/IMayRequireDepthTexture.cs: e0b4c6956516a4f0ca4e5d5484a72510 -> 
  custom:scripting/monoscript/fileName/UltraleapSettings.cs: 5fbefa8d230c303c75c8135237b1ac90 -> 
  custom:scripting/monoscript/fileName/GuidResponse.cs: 5be8db9cc20f3629af0b82dde771c1d2 -> 
  custom:scripting/monoscript/fileName/ToolConfig.cs: 18b1ea271ce5e7b6deea7b4e8e175269 -> fcffc3165b047f54ed6ccafa4c8760dd
  custom:scripting/monoscript/fileName/DropDownTextField.cs: e66e7314096900597993d2b353757d8d -> c8fc484ce140049ff31ebc2c6cbebf28
  custom:scripting/monoscript/fileName/PlatformImpl.cs: 9089e4966a03064f736ffbc13a4733ed -> 
  custom:scripting/monoscript/fileName/IVariantStripper.cs: d096fce2ac2ee05d0c97d151be6b6545 -> 
  custom:scripting/monoscript/fileName/AsyncThunkActions.cs: 849ed7f5b11c9db237ef61b01c5a5104 -> 
  custom:scripting/monoscript/fileName/ContextFilterableAttribute.cs: a683c62b6a35b4833fc6ec72ce9d8822 -> 
  custom:scripting/monoscript/fileName/MasterPreviewView.cs: c1958831f69f394333df5e3759156c33 -> 
  custom:scripting/monoscript/fileName/AssetsProcessor.cs: 47679a6e15b70f4fef48eb1b2df31b19 -> 18737889e95cd4088e8dfd4153fa8f40
  custom:scripting/monoscript/fileName/DrawActionButton.cs: d847a7d82ac92cab2b3d0ae268cefb3d -> 81e6708d2b8fa199354e53f85db731a8
  custom:scripting/monoscript/fileName/Dialog.cs: 18d078c6088fdb692ba78a24b915ccce -> 
  custom:scripting/monoscript/fileName/TableViewOperations.cs: ddc7b903e0dbd6bd109f2bd709b95f0e -> bef3a31deb1fe794a90f767d16e4c868
  custom:scripting/monoscript/fileName/ShaderStringBuilder.cs: a11ca0962f8dc6bd0b7351893a7e19ea -> 
  custom:scripting/monoscript/fileName/StyleModelListUIEvents.cs: 666f2cc511354e5edf86b47378d81520 -> 
  custom:scripting/monoscript/fileName/TruncateNode.cs: 0bf7ec3659f8ef070ad79bcd8dd061b1 -> 
  custom:scripting/monoscript/fileName/VolumeProfile.cs: 1ee7daf15c79be99b2ebc7f8d7593563 -> 
  custom:scripting/monoscript/fileName/Texture2DAssetNode.cs: dcf583e87f2543c7262e1220f686d233 -> 
  custom:scripting/monoscript/fileName/BitConverterNonAlloc.cs: 4bd510505da899a2b1dd9120ccd84a5b -> 
  custom:scripting/monoscript/fileName/ChatIntegration.cs: 1c49ab4aeb0d91c549864549eeccaaa6 -> 
  custom:scripting/monoscript/fileName/ProbeGIBaking.cs: 791688496f53f4da9a76954e53be2b39 -> 
  custom:scripting/monoscript/fileName/UpdateProgress.cs: 5b04f01bf199310f09ab9522f89c78f4 -> 281e1e05168d6a30be1d8d2f6200bef8
  custom:scripting/monoscript/fileName/GrabHelperObject.cs: efc2e06b1829fed99ff00cdf4530b9e6 -> 
  custom:scripting/monoscript/fileName/SpriteUnlitMasterNode1.cs: 6be95751975c7c45d123cc1d8915dc38 -> 
  custom:scripting/monoscript/fileName/UploadRequest.cs: a3dbf5ca3711af7c505431d4bc64a0bd -> 
  custom:scripting/monoscript/fileName/Canvas.cs: b8913cab730642ef22de5a0992bc58fe -> 
  custom:scripting/monoscript/fileName/OrganizationsInformation.cs: b3f0758c6655b2dad1161792812992fa -> 5f067ea8d90fc79055a3dcfd58ae6dca
  custom:scripting/monoscript/fileName/DrawerHeader.cs: 427f8f7355e5c69390f24fcdb74683bc -> 
  custom:scripting/monoscript/fileName/SubscriptionStatus.cs: f7b8b943b9a621e4b4bced1268f977d4 -> 
  custom:scripting/monoscript/fileName/SmoothstepNode.cs: 1371c214b586d64bec3c03c7fc26ae8c -> 
  custom:scripting/monoscript/fileName/SubscriptionDetailsResponse.cs: e10e0299ef716630c63b8cf5f792cda0 -> e5121cec860a6d1097cc809217b3d8fe
  custom:scripting/monoscript/fileName/GradientNode.cs: 54c8cc6b89bd7398a89734fa847640cf -> 
  custom:scripting/monoscript/fileName/LookDevRenderer.cs: e57e369b9f9bdc07ec99474398994f63 -> 
  custom:scripting/monoscript/fileName/PooledList.cs: 90647cc400823b41df847a6cbfc29026 -> 
  custom:scripting/monoscript/fileName/CircularObjectBuffer.cs: 90647cc400823b41df847a6cbfc29026 -> 
  custom:scripting/monoscript/fileName/IgnorePhysicalHands.cs: 33d35bed24f458537756b08ab3146c7b -> 
  custom:scripting/monoscript/fileName/AppUI.cs: f191114e0ff3798f47ba09a85570a853 -> 
  custom:scripting/monoscript/fileName/MuseToggle.cs: f8b63e775d46c77401a90cc998e34bb5 -> 
  custom:scripting/monoscript/fileName/LensFlareComponentSRP.cs: ade795e8cbbc506fbf2ab30c63d1738f -> 
  custom:scripting/monoscript/fileName/MetadataUtil.cs: 5915b92c07fc932b12b3ca8ac6b8deaa -> 
  custom:scripting/monoscript/fileName/SampleOutputPromptInput.cs: c58a648a7a267eee2f3756d7ef0e063e -> 
  custom:scripting/monoscript/fileName/ICoreRenderPipelinePreferencesProvider.cs: 28e38694e52838c88e002871f82edfbe -> 
  custom:scripting/monoscript/fileName/PassDescriptor.cs: 43652b5369a55c2852035e6828fb1318 -> 
  custom:scripting/monoscript/fileName/FreeCamera.cs: d6ae5c15faf18e64a39fcc5430b6204d -> 
  custom:scripting/monoscript/fileName/DrawProgressForDialogs.cs: 5f8d39e3ea7c4a42148c6b1a7b4ca061 -> a5f2abd8875e7a6afbc171fabfbae81f
  custom:scripting/monoscript/fileName/ISerializedLight.cs: 7101cc4f757ed6bec635fe3601811617 -> 
  custom:scripting/monoscript/fileName/RenderGraphBuilder.cs: a7921dee2b57034479b5a7b9bbd5059b -> 
  custom:scripting/monoscript/fileName/ToolbarButton.cs: 47dc767626bbd94d66707af31ddc5eb6 -> 
  custom:scripting/monoscript/fileName/SoftContactBone.cs: 5156dbe1a3e9dd8f0029948f9fed3628 -> 
  custom:scripting/monoscript/fileName/CreateCustomRenderTextureShaderGraph.cs: aba0edd374269c3b2350b22a3b856ec4 -> 
  custom:scripting/monoscript/fileName/HableCurve.cs: 0737dbcc090169dd4b4d7b5443698830 -> 
  custom:scripting/monoscript/fileName/VolumeProfileEditor.cs: e31778f800440db7a42833bea8e8e35f -> 
  custom:scripting/monoscript/fileName/ProbeIndexOfIndices.cs: 861c90ec7458fcf35ccebbebd3bddb16 -> 
  custom:scripting/precompiled-assembly-types:Ultraleap.Tracking.PhysicalHands: de04d0016b89fe0ad147ec269f870817 -> 
  custom:scripting/monoscript/fileName/ScopeToolbar.cs: 7b41dab106d01f94fe256f0bd62a8942 -> 
  custom:scripting/monoscript/fileName/ConstantNode.cs: e387b0da9b0205380637701f5e02f68b -> 
  custom:scripting/monoscript/fileName/UIUtilities.cs: fadb5e43621b3d28f3b361620aa44589 -> 
  custom:scripting/monoscript/fileName/ProbeVolumeAssetEditor.cs: 543ebe249e30531048b505ff50d2af6d -> 
  custom:scripting/monoscript/fileName/LinearBlendSkinningNode.cs: ef680f55228935cbde4fa2a1305fa7cb -> 
  custom:scripting/monoscript/fileName/ProjectViewAssetSelection.cs: 349dc288d32791de51156d4e59000b7b -> 2560eadaf6a13a74a46a4a207cd5a8b6
  custom:scripting/monoscript/fileName/SceneReadmeEditor.cs: d9e79e2426fa47e1f192c804469beb62 -> 
  custom:scripting/monoscript/fileName/DrawTreeViewItem.cs: cceebc4f1185658619e40964f29acb08 -> 0921a62a588ab864253743d1f07afb5a
  custom:scripting/monoscript/fileName/Accordion.cs: 14e96b9b51569ae54c02f27ad123c324 -> 
  custom:scripting/monoscript/fileName/SampleOutputListRowItem.cs: 477a0754f73bd94b9d2a42bbad195c94 -> 
  custom:scripting/precompiled-assembly-types:Unity.Muse.Sprite.Editor: 18850fce54411d534264b9847f78b6bd -> 
  custom:scripting/monoscript/fileName/BranchNode.cs: 5b959cce4f0eff698cd2480a6646afe2 -> 
  custom:scripting/monoscript/fileName/MatrixSplitNode.cs: 79d8d64c073e2bb15ba8788f547d5e93 -> 
  custom:scripting/monoscript/fileName/CheckPointModelEvents.cs: e582c502b168ca50e2c6f242d610edc8 -> 
  custom:scripting/monoscript/fileName/RoundedPolygonNode.cs: 0dc0a55cce2a272a8c9856a50419d8e4 -> 
  custom:scripting/monoscript/fileName/DrawSceneOperations.cs: 2426c0c2ee58cd28be59874f6425940c -> d87f46f9fb97181a2f51490ea2e1efc3
  custom:scripting/monoscript/fileName/DoubleField.cs: ae010ba096f6f53b28be4143cb245d9b -> 
  custom:scripting/monoscript/fileName/GenerateBatchPbrMapRequest.cs: 27c62de457365f4ef0fabd6c02d2f9ed -> 
  custom:scripting/monoscript/fileName/PassCollection.cs: c2b134f05208ef2dbf196da67f9df956 -> 
  custom:scripting/monoscript/fileName/Arctangent2Node.cs: bfc6b7d8f0ec544e505e9d274264c4a0 -> 
  custom:scripting/monoscript/fileName/HyperbolicSineNode.cs: b2ef74bc7c0131a47aa882ce296debed -> 
  custom:scripting/monoscript/fileName/INativePluginImpl.cs: a7128a155395ec76c2bb1def5bd0883d -> 
  custom:scripting/monoscript/fileName/ViewVectorNode.cs: 373a26c978e7b058502b53bc31012801 -> 
  custom:scripting/monoscript/fileName/GroupData0.cs: 189a38c898c88224fb09c84cbece3ebd -> 
  custom:scripting/monoscript/fileName/SliderFloat.cs: 988f413fb672c6baac2a3b13e4c5ca56 -> 
  custom:audio-encoder-webm-vorbis: bf7c407c2cedff20999df2af8eb42d56 -> 
  custom:scripting/monoscript/fileName/MaterialHeaderScope.cs: 66fa6ce34f46c534702dd8e972146598 -> 
  custom:scripting/monoscript/fileName/CameraState.cs: 784b031cde26e82771e0f45b6a811817 -> 
  custom:scripting/monoscript/fileName/MuseProjectSettingsProvider.cs: adc5faba3d16cd48d8100cc785f3484f -> 
  custom:scripting/monoscript/fileName/ImageArtifactDragAndDropHandler.cs: 771be7c1e60de1110cd0fa9ace37d214 -> 
  custom:scripting/monoscript/fileName/GradientInputMaterialSlot.cs: 20f3f7097efed20cdd57a6e7771b1c88 -> 
  custom:scripting/monoscript/fileName/EditorTexturePreferencesView.cs: 6ccc803b7cb815dbe43bb0dc403ab579 -> 
  custom:scripting/monoscript/fileName/DrawActionHelpBox.cs: dcd6ec2e7fb1b44f22c4a79ff87b70cd -> c8f6be9dab1e6f8d71e0c63c29679186
  custom:scripting/monoscript/fileName/StyleTrainerMainUIEvents.cs: 2ddedc91683cda23ca47559148214b2f -> 
  custom:scripting/precompiled-assembly-types:Unity.Muse.AppUI: bd4dcb66d22fbaef6bf4576a74f00e47 -> 
  custom:scripting/monoscript/fileName/DebugFrameTiming.cs: 14137f4640ecd850c2fe21d8a7aed25b -> 
  custom:scripting/monoscript/fileName/GraphDataReadOnly.cs: abb883a327bc322bca2389669bd467bc -> 
  custom:scripting/monoscript/fileName/AssetReimportUtils.cs: 61d74a1c5692b83e957fb1d6d69d3ea3 -> 
  custom:scripting/monoscript/fileName/XRPass.cs: 553d036f47ef008d650ece03db9f601c -> 
  custom:scripting/monoscript/fileName/TooltipManipulator.cs: baba84e5d8f701357722616ca28d97e1 -> 
  custom:scripting/monoscript/fileName/HandEnableDisable.cs: 803e2374eb5885e7b7eb728dd9f45503 -> 
  custom:scripting/monoscript/fileName/PendingChangesMultiColumnHeader.cs: 21802cc6929e0e180fb4f0be8e34d9d0 -> 722de7d6e07a79981d750438e6febb8f
  custom:scripting/monoscript/fileName/EditorDispatcher.cs: c739e073a8c38dbcf59192f45d1004c5 -> 3c402eae57d73cc54863f3f6a13096ae
  custom:scripting/monoscript/fileName/RoundNode.cs: 9696f40a4fa953c72b630e73f3c0758e -> 
  custom:scripting/monoscript/fileName/Slice.cs: a37434889dc04967db93d1ed3e73617f -> 
  custom:scripting/monoscript/fileName/SpriteRefinerArtifact.cs: de1e0d2b6f716431300cd142ac1d4ae1 -> 
  custom:scripting/monoscript/fileName/SGBlackboardRow.cs: 5edce3efa64fd95f51b9abdb7933298a -> 
  custom:scripting/monoscript/fileName/InspectorCurveEditor.cs: 111b41469bef3e2d749784ca794ac0e3 -> 
  custom:scripting/precompiled-assembly-types:Unity.Muse.AppUI.MVVM: 3662711f92bf443a24341de702f995c3 -> 
  custom:scripting/monoscript/fileName/Matrix3Node.cs: cda4b5973c5d501f67a0cbefbe5f1b9b -> 
  custom:scripting/monoscript/fileName/ProbeVolume.cs: c5dff5f16b984bc7f85121a44a60e634 -> 
  custom:scripting/monoscript/fileName/FocusControllerExtensionsBridge.cs: fc4e2e6e8f71893dbd627771fa59c58b -> 
  custom:scripting/monoscript/fileName/TabbedView.cs: 21cbb913550d6e8898b59fc86e952bbb -> 
  custom:scripting/monoscript/fileName/PropertyConnectionStateMaterialSlot.cs: d41f62bb31a0a2883e1949419fd21ac2 -> 
  custom:scripting/monoscript/fileName/BoolParameterDrawer.cs: acd73defd122ce58edf7564d9e0a0d58 -> 
  custom:scripting/monoscript/fileName/PropertySheet.cs: daa097da65d50b1a41a056843fe03e3d -> 
  custom:scripting/monoscript/fileName/SplitView.cs: 65834cd80a871ab60a22ce6baa1263d6 -> 
  custom:scripting/monoscript/fileName/AttachmentPointBehaviour.cs: ebd0caa20651f66c60aa29fde23cc875 -> 
  custom:scripting/monoscript/fileName/IContext.cs: 0e12262b60265590e44501bb4804e715 -> 
  custom:scripting/monoscript/fileName/IIncomingChangesTab.cs: 363f9daba453e316e730238a80857251 -> 40644cd18074db84684b9e437bf8fa77
  custom:scripting/monoscript/fileName/FilterWindow.cs: 394ded6255167029db306bfb96e85826 -> 
  custom:scripting/monoscript/fileName/GenerateBlocksAttribute.cs: 35348fb252a1322b15ff1df4b4b1cc80 -> 
  custom:scripting/monoscript/fileName/ProjectorEditor.cs: cf0713c43328a5e7ab4efefb5790c521 -> 
  custom:scripting/monoscript/fileName/GraphSetup.cs: e2f79c65340ccfe3db9c0a87b99dbfce -> 
  custom:scripting/monoscript/fileName/AccessToolbar.cs: d76433715fc9e4492574e56a5620d16a -> 
  custom:scripting/monoscript/fileName/IConditional.cs: 4e50a2a99eb7a5d34fde21d14b736b06 -> 
  custom:scripting/monoscript/fileName/WorldSpaceUIDocument.cs: ed3ca4a6c9a01a95a1c8a3c30aeecb54 -> 
  custom:scripting/monoscript/fileName/LeapXRServiceProviderEditor.cs: d07408a1b7ac2312f091915bc4b18d27 -> 
  custom:scripting/monoscript/fileName/ImageVariationBase64Request.cs: 630306dcee421f5b5d27be1b83e5c48b -> 
  custom:scripting/monoscript/fileName/ProjectionNode.cs: 0ea3cbf8c98f68bd87545d4f6828ebac -> 
  custom:scripting/monoscript/fileName/MaterialGraphView.cs: 771fa79ddcf5fe535a013bc875c7503e -> 
  custom:scripting/monoscript/fileName/BackendUtilities.cs: e8ac3f5b0a3ab21aad72fde71c76071a -> 
  custom:scripting/monoscript/fileName/MuseEnvironment.cs: d751f2c1066ef9967221fce4cac8a56f -> 
  custom:scripting/monoscript/fileName/NormalMaterialSlot.cs: 6a4368c9c8af8b8340a70744e314e130 -> 
  custom:scripting/monoscript/fileName/CameraSwitcher.cs: 5294375be82a1ad31289f79614bdae50 -> 
  custom:scripting/monoscript/fileName/TransformNodePropertyDrawer.cs: bf508639824b499fdde32bcffe909e1b -> 
  custom:scripting/monoscript/fileName/ReflectionNode.cs: ef2347449bea0876b8d868eb1d64f0e0 -> 
  custom:scripting/monoscript/fileName/SampleTexture2DNodePropertyDrawer.cs: cbd7b51ebaf6222695c4bb21a810ee62 -> 
  custom:scripting/monoscript/fileName/GetChangesOverlayIcon.cs: f00e4b795697c6cf3092760f3b6fc49d -> d599d6efdee28305661bc0cf6683858a
  custom:scripting/monoscript/fileName/DefaultCloudContext.cs: 416844ef362ba0823c0560aa9458a7cf -> 
  custom:scripting/monoscript/fileName/SignNode.cs: 9000aa9a27372bf780a63bfbbff2dbc4 -> 
  custom:scripting/monoscript/fileName/BaseDatePickerPane.cs: a13419de5f4474d7945ce32dadcc6d38 -> 
  custom:scripting/monoscript/fileName/RenderGraph.cs: 07bc306a3f12e8105847b45c9bc2945c -> 
  custom:scripting/monoscript/fileName/IShaderNodeView.cs: 69473c6670425360b28eb2f96c3f2b49 -> 
  custom:scripting/monoscript/fileName/MaterialPostprocessor.cs: 1ae7ca6750127547c9ce48f586967a02 -> 
  custom:scripting/monoscript/fileName/NodesList.cs: 3d1883d4c52ef0f8973d4bbb427af96f -> 
  custom:scripting/monoscript/fileName/Matrix4MaterialSlot.cs: 392f78d12e76a93bc995cbc4c8bf78b6 -> 
  custom:scripting/monoscript/fileName/WindowDraggable.cs: 1577d60c7ac2d71df44db19be500a77f -> 
  custom:scripting/monoscript/fileName/SceneColorNode.cs: b4b2b8c5d722ccc7b072dc118597b37d -> 
  custom:scripting/monoscript/fileName/ItemRequest.cs: 85f70ba26e0a94bcd47eff0476b6788f -> 
  custom:scripting/monoscript/fileName/SubTargetFilterAttribute.cs: fc4c19d560ec6623c56d9f232bc4720a -> 
  custom:scripting/monoscript/fileName/SampleOutputView.cs: f6d9f0a7e6b9d253642aa9b11caa6a48 -> 
  custom:scripting/monoscript/fileName/DeviceList.cs: c06ad90d9bce7c25dd2e887c0599090c -> 
  custom:scripting/monoscript/fileName/IConditionalExtensions.cs: faa6091fd15f1669223db7df3e319230 -> 
  custom:scripting/monoscript/fileName/SpaceTransformUtil.cs: ae79428184fe5bc8c5d6fe1fa839a1e6 -> 
  custom:scripting/monoscript/fileName/OperatorData.cs: c7de3dd9e64e8ccf7594b5949bb9a476 -> 
  custom:scripting/monoscript/fileName/WebImage.cs: cb22109d41e4a8ce320905c20f5ec71a -> 
  custom:scripting/monoscript/fileName/VolumeStack.cs: 5e9458a733eab2b2ffb9f5f047a8072b -> 
  custom:scripting/monoscript/fileName/SingleLayer.cs: 534229056bab1fbd675a320bd415dbb4 -> 
  custom:scripting/monoscript/fileName/Texture3DMaterialSlot.cs: 94d951e1822ac26c95b1bb375c96eba7 -> 
  custom:scripting/monoscript/fileName/IDependencyInjectionListener.cs: 201125a4796b980bf72cd49af13b909f -> 
  custom:scripting/monoscript/fileName/OnEditorChange.cs: 9b588bab2b50d947840cf02631673380 -> 
  custom:scripting/monoscript/fileName/TrainingRoundsRowView.cs: 60086fea0fa8abfeef1807f852bf47f2 -> 
  custom:scripting/monoscript/fileName/SampleDependencyImporter.cs: 4e80419adb5c9ea134d2f34886576360 -> 
  custom:scripting/monoscript/fileName/ReferenceOperatorView.cs: 570ca0cf3cb7006869f772dd986c4920 -> 
  custom:scripting/monoscript/fileName/PropertyRow.cs: 96dfe3ec98b9dd304aa0d3bdae367fe0 -> 
  custom:scripting/monoscript/fileName/HardContactParentEditor.cs: 3c97fe0a435c4e3f0570c4ae4baf4efc -> 
  custom:scripting/monoscript/fileName/DebugShapes.cs: 0f5f0c5e63940ca68133e9442ede7868 -> 
  custom:scripting/monoscript/fileName/LeapC.cs: 199b5482924fc6e5dafbf50dfcafae5c -> 
  custom:scripting/monoscript/fileName/TriplanarNodePropertyDrawer.cs: eaf4a28ea5312f5389890a56ba374b8d -> 
  custom:scripting/monoscript/fileName/ChangesetsListView.cs: caae0aefb36c869f50691482a5cd0944 -> 87b74e0d80cf59010f55e2baaeb6679d
  custom:scripting/monoscript/fileName/SpaceMaterialSlot.cs: 9ba8c567ecab86cd82cb19462d0aec02 -> 
  custom:scripting/monoscript/fileName/UpdateReportListView.cs: 2d8fccdaad50bbd7454b52cf9cb4a0f9 -> 08d26df1ab6c3a7628addc5e54e50b08
  custom:scripting/monoscript/fileName/ServiceProviderExtensions.cs: 181ddc8418c2166ef39f3425999b66c6 -> 
  custom:scripting/monoscript/fileName/BlinkingCursor.cs: 573593f7038035cd7b9e36e3279158b2 -> 
  custom:scripting/monoscript/fileName/UnityConfigurationChecker.cs: 59a8f0715a7c89a752351bf42f94abbd -> 874cd65cce0384fef4b60e71fb08a429
  custom:scripting/monoscript/fileName/ParallaxOcclusionMappingNode.cs: 99947bebe52565962d835ba396569801 -> 
  custom:scripting/monoscript/fileName/SearcherDatabase.cs: f1858298b23b41d91d05b2b3651430a9 -> 
  custom:scripting/monoscript/fileName/SampleOutputListView.cs: 959b6c3fb6bc8087fc855e19f4c76384 -> 
  custom:scripting/monoscript/fileName/GenerationSettings.cs: 0f4e25473d1bde7002c3b0f10c662371 -> 
  custom:scripting/monoscript/fileName/Startup.cs: 5e391bbb5bac6182cfc7e2371e719c6f -> 
  custom:scripting/monoscript/fileName/ShortcutManipulator.cs: b3112c053521af4142e280a1a9de6c00 -> 
  custom:scripting/monoscript/fileName/IController.cs: 590ea09ddc5d304ac357c8949081d1e0 -> 
  custom:scripting/monoscript/fileName/LabelSlotControlView.cs: 26bff1d034d12a150d9512c9ea23ecb3 -> 
  custom:scripting/monoscript/fileName/DebugDisplaySettingsPanel.cs: 81452a7368e5d53775d65dc861a5f366 -> 
  custom:scripting/monoscript/fileName/IHasDependencies.cs: 2e592e665f7c2e293020dfb486c69c91 -> 
  custom:scripting/monoscript/fileName/Pool.cs: f7a0da3b67518cd5b4fb9178e41302d9 -> 
  custom:scripting/monoscript/fileName/BuildTargetExtensions.cs: 73f979b3a1cded2762cbf0a57db08392 -> 
  custom:scripting/monoscript/fileName/XRSystem.cs: 031f7a341f0e136e7c1c2cae13431776 -> 
  custom:scripting/monoscript/fileName/SphericalHarmonics.cs: 567449079ef1753d42e266c142e6290e -> 
  custom:scripting/monoscript/fileName/SessionStatus.cs: 3feb95a64eb5ae609f1bc2ada4f0809c -> 
  custom:scripting/monoscript/fileName/DllImport.cs: 10aaf8a0f8fc8aaa68cd76b3eb5edd89 -> 
  custom:scripting/monoscript/fileName/PowerOfTwoTextureAtlas.cs: 3ba3e20165127fdc5a5ebaa35e474158 -> 
  custom:scripting/monoscript/fileName/IResizable.cs: 05d612a8dce15630b03d72caed5a235a -> 
  custom:scripting/monoscript/fileName/CameraNode.cs: 4e1a40bcfba783289ce302b19a1348e9 -> 
  custom:scripting/monoscript/fileName/ActionGroup.cs: 5bb2ae4c270e0409d6affc89662d23d2 -> 
  custom:scripting/monoscript/fileName/FadeTransitionNode.cs: 512f24e9d2e7216e6a1bab7d2ceb394a -> 
  custom:scripting/monoscript/fileName/KernelDescriptor.cs: 2b38f73a6b6e2e0d6f8a466ad180e617 -> 
  custom:scripting/monoscript/fileName/HelpBoxRow.cs: ac3dd045047d71c0d1948786aa66dcab -> 
  custom:scripting/monoscript/fileName/CheckWorkspaceTreeNodeStatus.cs: 5e11ff64963669981115eb58dc2b6e8b -> 1e1255b803bf7cbc935bb804bf0dbe7b
  custom:scripting/monoscript/fileName/GradientShaderProperty.cs: f459e1fe50f57d259c913c4c6d08ea96 -> 
  custom:scripting/monoscript/fileName/GroupData.cs: 8c22d0ad32b60c28031765a445f063f1 -> 
  custom:scripting/monoscript/fileName/NetworkState.cs: 9fc08c048703ba2887fd1efeef6d3132 -> 
  custom:scripting/monoscript/fileName/EnumFlags.cs: e2dfd72d170d25c529397168aed129d0 -> 
  custom:scripting/monoscript/fileName/CosineNode.cs: 14c244f3c8cd183f99f8c6669c623a18 -> 
  custom:scripting/monoscript/fileName/TransformHistory.cs: 82e08de2a74a8922eb26d6de83abbf6c -> 
  custom:scripting/monoscript/fileName/ColorSlider.cs: e3f9e81574bf9729e9b438dcf9550cca -> 
  custom:scripting/monoscript/fileName/Swap.Extensions.cs: 52877fcefb9a253c373b7035499c43d9 -> 
  custom:scripting/monoscript/fileName/ShaderInput.cs: 4f7adcb1cbe41f826ca50982e9371bf8 -> 
  custom:scripting/monoscript/fileName/FieldExtensions.cs: cc02cc1ad7dfe44eaaebc080e1c53be0 -> 
  custom:scripting/monoscript/fileName/PlasticPlugin.cs: a57c142b98ca3d4daad221737fd72924 -> c64561980f26020cc3206ae8b1047268
  custom:scripting/monoscript/fileName/ErrorBalanceNotificationView.cs: 04f0b540e44dcd6dd10747e5abd019d1 -> 
  custom:scripting/monoscript/fileName/IMayRequireTransform.cs: 3c364437c039aa52dea646d284de3406 -> 
  custom:scripting/monoscript/fileName/CheckPointStatusCheckTask.cs: 98457aaf1d6dc2d058b14fb974594bc2 -> 
  custom:scripting/monoscript/fileName/SwitchModeConfirmationDialog.cs: 4d9c02587760213784bfe53d012122b4 -> 30cd71d0b3ee4b2689cde689908d301e
  custom:scripting/monoscript/fileName/ProbeReferenceVolumeProfileEditor.cs: 20670612b1fe4329932626dfca1cbf02 -> 
  custom:scripting/monoscript/fileName/ModesFactory.cs: 33e5e899123a13462a375878c324b4ee -> 
  custom:scripting/monoscript/fileName/ShaderInputViewModel.cs: 5eb8ea4f5983046b28916c51618875c7 -> 
  custom:scripting/monoscript/fileName/IHasMetaData.cs: 82d527f7f039465047891ddb3dfcdac6 -> 
  custom:scripting/monoscript/fileName/HandEnableDisableEditor.cs: 3116ba95b81dc318a9bbaf47f8045217 -> 
  custom:scripting/monoscript/fileName/StyleModelEvents.cs: f2f8ddeca113b8612b4ec2a15cfd04d4 -> 
  custom:scripting/monoscript/fileName/SampleOutputVersionFoldoutHeader.cs: 60e58216af5ff88b57c5f80737f80a0c -> 
  custom:scripting/monoscript/fileName/AbstractMaterialNodePropertyDrawer.cs: 862ed4cd28cd10f07f426a79e61cfb43 -> 
  custom:scripting/monoscript/fileName/StyleTrainerMainUI.cs: f00d2b304976b284e1037b613918f05c -> 
  custom:scripting/monoscript/fileName/PreviewTarget.cs: a871fe751a54066803bfdc5cdd6870ac -> 
  custom:scripting/monoscript/fileName/BlackboardController.cs: 08d74724e9011d41732145368975ca41 -> 
  custom:scripting/monoscript/fileName/ArtifactFactory.cs: 201974c8330e6eca32a39d899f25438a -> 
  custom:scripting/monoscript/fileName/PlasticWindow.cs: fc467478941f610919bc69526ba2c215 -> 
  custom:scripting/monoscript/fileName/Scheduler.cs: 089a1d43a1f159126fd34be59aca57af -> 
  custom:scripting/monoscript/fileName/RenderGraphResourceTexture.cs: 069cc96b96362cbab38b7218f47418ec -> 
  custom:scripting/monoscript/fileName/VolumeComponent.cs: 0ce2900bf4b52691e991c42d8d280291 -> 
  custom:scripting/monoscript/fileName/ShaderExtensions.cs: 8ca5e42f059dce2fbf1279aaabb6fa21 -> 
  custom:scripting/monoscript/fileName/TouchExtensions.cs: c1416c990c744b80e90d0fb99e92086e -> 
  custom:scripting/monoscript/fileName/TargetFieldContext.cs: d1b92d3b8700b4acda095bf4f0d1007f -> 
  custom:scripting/monoscript/fileName/ContextProvider.cs: 4d401836255ef34e8e64ae053ec7c83d -> 
  custom:scripting/monoscript/fileName/LeapProvider.cs: ef7a788fd46c05e5534d6411528ef371 -> 
  custom:scripting/monoscript/fileName/ValueAnimationExtensionsBridge.cs: 43197bc312208002168bdbf17a63c359 -> 
  custom:scripting/monoscript/fileName/LerpNode.cs: 312baeb197d96c9081690f53d1a3b741 -> 
  custom:scripting/monoscript/fileName/EnumEventTable.cs: ddf1224a58292071382651384ba5322a -> 
  custom:scripting/monoscript/fileName/AnyNode.cs: 701ceaf8f6d9337d62e6b3580966f070 -> 
  custom:scripting/monoscript/fileName/RedirectNodeData.cs: bedeee0585221a7082317d3c7e3300ab -> 
  custom:scripting/monoscript/fileName/LinearProgress.cs: 688a622a9c86d62c5e3be2a82890e515 -> 
  custom:scripting/monoscript/fileName/Texture2DPropertyDrawer.cs: 469ed647fed6671a9a3fb159ab846d6b -> 
  custom:scripting/monoscript/fileName/BranchesViewMenu.cs: 8089f11c30784e2e57775dd6cdbae898 -> 7bfc83e917c9b0b5aa423bb947ce2a38
  custom:scripting/monoscript/fileName/ShaderPort.cs: 7fd97939fdacfa0dce24311842c128e4 -> 
  custom:scripting/monoscript/fileName/SwizzleNode.cs: 0e49bc46c0e0dc74105cc17ceb9385a4 -> 
  custom:scripting/monoscript/fileName/CooldownWindowDelayer.cs: 7816cfcad485500dbac9993c4502ea69 -> 4c95e39c8dd4cfa1bca106097fdb6524
  custom:scripting/monoscript/fileName/AppUIServiceCollection.cs: 35f30e737e439af598b307401685afa8 -> 
  custom:scripting/monoscript/fileName/SubGraphOutputNodePropertyDrawer.cs: c56abda1dfd35d08003f2240cdfd9b71 -> 
  custom:scripting/monoscript/fileName/FeedbackData.cs: 4df9f0e8a21753f38b7f4356e8e37876 -> 
  custom:scripting/monoscript/fileName/CameraUI.PhysicalCamera.Drawers.cs: 6b931c755be6b8c07068541044964215 -> 
  custom:scripting/monoscript/fileName/ContextMenu.cs: e2c7b7b423c26a57d717ef67fb421288 -> 
  custom:scripting/monoscript/fileName/AttachmentHandEnableDisable.cs: 4673bf49bb7c0fa2f396b65d24016c6a -> 
  custom:scripting/monoscript/fileName/CubemapControl.cs: 26f309ff8e67c3b325e17b2e7d59b672 -> 
  custom:scripting/monoscript/fileName/ContextData.cs: cda81a75adde05be9bd72a34135ddcaf -> 
  custom:scripting/monoscript/fileName/GetInstallerTmpFileName.cs: fa7bda723ac795b48e38504727f44981 -> d09e0b5c7a9af5874530e17ef23025f0
  custom:scripting/monoscript/fileName/SineNode.cs: cc4e20e12031d35c791423d6b5e5e10d -> 
  custom:scripting/monoscript/fileName/SeedField.cs: 6863a7c9c14e97f9f71e5f4b4718cf66 -> 
  custom:scripting/monoscript/fileName/AssetCollection.cs: 7e9bf8be86d430f3f90eb9bba7ad3610 -> 
  custom:scripting/monoscript/fileName/GizmoUtility.cs: 3cf94f2ee011511320f879526818cda8 -> 
  custom:scripting/monoscript/fileName/IESImporterEditor.cs: 037f41a55e036e8e490e2357616d3a77 -> 
  custom:scripting/monoscript/fileName/SearcherControl.cs: 2648808b3a1c50581e7676a3206767bb -> 
  custom:scripting/monoscript/fileName/PropertyDrawerUtils.cs: 03d00631ebf238fcb08a1edbdf63b6f1 -> 
  custom:scripting/monoscript/fileName/HandPoseScriptableObject.cs: 16226c92c990f51c082fa1be6a4241d5 -> 
  custom:scripting/monoscript/fileName/EnumNameAttribute.cs: 29d9ed4e48f0b3f20b370570786e77b8 -> 
  custom:scripting/monoscript/fileName/AssetModificationProcessor.cs: a602c9e59e7db185e3a0d68d986e6fef -> 
  custom:scripting/monoscript/fileName/Checkbox.cs: 52421b048f15933a7f5edf680badfdba -> 
  custom:scripting/monoscript/fileName/IsCollabProjectMigratedResponse.cs: 4c3294c6a51e6f42161d191230692016 -> af2b76c693935deee55cfcaed2aa7568
  custom:scripting/monoscript/fileName/TransformNode.cs: 3ecc9e3d33116d0323a94d1a46363e3e -> 
  custom:scripting/monoscript/fileName/IVirtualTexturingEnabledRenderPipeline.cs: 01a21c9f6f3a6c9b712923d774149c96 -> 
  custom:scripting/monoscript/fileName/RenderGraphObjectPool.cs: 75f237f51bbb7ae695a48fa2a2e7243a -> 
  custom:scripting/monoscript/fileName/AppUITouch.cs: 7f53bd5a7be3cb8cfd39edbdbfc31175 -> 
  custom:scripting/monoscript/fileName/BaseGridView.cs: 4142e54b21ce49783fcc3b3160e60a4d -> 
  custom:scripting/monoscript/fileName/PhysExts.cs: 9d0b93971b28c2746a14fd066913fccc -> 
  custom:scripting/monoscript/fileName/LightAnchorEditorTool.cs: 0d16106f8077c9e8dce7c4771de6c236 -> 
  custom:scripting/monoscript/fileName/Volume.cs: e8d925cbced64cec55671387d27765ba -> 
  custom:scripting/monoscript/fileName/RectIntField.cs: ed12a22187f0d3bd91675ace7e9e810e -> 
  custom:scripting/monoscript/fileName/StyleModelInfo.cs: 3db001b275b858d5330ab38954456eb8 -> 
========================================================================
Received Import Request.
  Time since last request: 1990.980013 seconds.
  path: Assets/Resources/Ultraleap Settings.asset
  artifactKey: Guid(fe6a15dc76b9b7f448c1ac400c948bb5) Importer(815301076,1909f56bfc062723c751e8b465ee728b)
Start importing Assets/Resources/Ultraleap Settings.asset using Guid(fe6a15dc76b9b7f448c1ac400c948bb5) Importer(815301076,1909f56bfc062723c751e8b465ee728b) [PhysX] Initialized MultithreadedTaskDispatcher with 16 workers.
 -> (artifact id: 'cd191083d67d502f142271f17cc69876') in 0.021243 seconds
Number of updated asset objects reloaded before import = 0
Number of asset objects unloaded after import = 1
========================================================================
Received Import Request.
  Time since last request: 23.215654 seconds.
  path: Packages/com.ultraleap.tracking/Hands/Editor/Ultraleap.Tracking.Hands.Editor.asmdef
  artifactKey: Guid(78156e2c7725bd34abf84e5d8719d9bd) Importer(815301076,1909f56bfc062723c751e8b465ee728b)
Start importing Packages/com.ultraleap.tracking/Hands/Editor/Ultraleap.Tracking.Hands.Editor.asmdef using Guid(78156e2c7725bd34abf84e5d8719d9bd) Importer(815301076,1909f56bfc062723c751e8b465ee728b) [PhysX] Initialized MultithreadedTaskDispatcher with 16 workers.
 -> (artifact id: 'f05a6110a41ed585c39763eb381fc458') in 0.000914 seconds
Number of updated asset objects reloaded before import = 0
Number of asset objects unloaded after import = 0
========================================================================
Received Import Request.
  Time since last request: 8.662936 seconds.
  path: Packages/com.ultraleap.tracking/OpenXR/Editor/Ultraleap.Tracking.OpenXR.Editor.asmdef
  artifactKey: Guid(745567da9f654225b1ad2a080447f70f) Importer(815301076,1909f56bfc062723c751e8b465ee728b)
Start importing Packages/com.ultraleap.tracking/OpenXR/Editor/Ultraleap.Tracking.OpenXR.Editor.asmdef using Guid(745567da9f654225b1ad2a080447f70f) Importer(815301076,1909f56bfc062723c751e8b465ee728b) [PhysX] Initialized MultithreadedTaskDispatcher with 16 workers.
 -> (artifact id: '4432c31e4efe7e0af52446010aa98575') in 0.003728 seconds
Number of updated asset objects reloaded before import = 0
Number of asset objects unloaded after import = 0
========================================================================
Received Import Request.
  Time since last request: 12.530832 seconds.
  path: Packages/com.ultraleap.tracking/Hands/Editor/Resources/EditorDividerline.png
  artifactKey: Guid(a0cc1993e2eb5234084d2270e34fc265) Importer(815301076,1909f56bfc062723c751e8b465ee728b)
Start importing Packages/com.ultraleap.tracking/Hands/Editor/Resources/EditorDividerline.png using Guid(a0cc1993e2eb5234084d2270e34fc265) Importer(815301076,1909f56bfc062723c751e8b465ee728b) [PhysX] Initialized MultithreadedTaskDispatcher with 16 workers.
[PhysX] Initialized MultithreadedTaskDispatcher with 16 workers.
 -> (artifact id: '6ec45f44fd5bfb1373c43416a1badf1a') in 0.093764 seconds
Number of updated asset objects reloaded before import = 0
Number of asset objects unloaded after import = 2
========================================================================
Received Import Request.
  Time since last request: 0.000024 seconds.
  path: Packages/com.ultraleap.tracking/Hands/Editor/Resources/EditorHand.png
  artifactKey: Guid(e300efd4d6e52b34baf1674f851e0417) Importer(815301076,1909f56bfc062723c751e8b465ee728b)
Start importing Packages/com.ultraleap.tracking/Hands/Editor/Resources/EditorHand.png using Guid(e300efd4d6e52b34baf1674f851e0417) Importer(815301076,1909f56bfc062723c751e8b465ee728b) [PhysX] Initialized MultithreadedTaskDispatcher with 16 workers.
[PhysX] Initialized MultithreadedTaskDispatcher with 16 workers.
 -> (artifact id: '42c7ffa427b9f17f74c8f6530d44ad8b') in 0.034331 seconds
Number of updated asset objects reloaded before import = 0
Number of asset objects unloaded after import = 2
========================================================================
Received Import Request.
  Time since last request: 0.000023 seconds.
  path: Packages/com.ultraleap.tracking/Hands/Editor/Resources/SecondaryButton.png
  artifactKey: Guid(f35468c02e3ea5940a1e225c22910364) Importer(815301076,1909f56bfc062723c751e8b465ee728b)
Start importing Packages/com.ultraleap.tracking/Hands/Editor/Resources/SecondaryButton.png using Guid(f35468c02e3ea5940a1e225c22910364) Importer(815301076,1909f56bfc062723c751e8b465ee728b) [PhysX] Initialized MultithreadedTaskDispatcher with 16 workers.
[PhysX] Initialized MultithreadedTaskDispatcher with 16 workers.
 -> (artifact id: '767cc5b7c3b5766708d3980286da43af') in 0.029156 seconds
Number of updated asset objects reloaded before import = 0
Number of asset objects unloaded after import = 2
========================================================================
Received Import Request.
  Time since last request: 10.578620 seconds.
  path: Packages/com.ultraleap.tracking/Physical Hands/Runtime/Prefabs/Anchorable Object.prefab
  artifactKey: Guid(5b574cc42d4b76845855a5158226856f) Importer(815301076,1909f56bfc062723c751e8b465ee728b)
Start importing Packages/com.ultraleap.tracking/Physical Hands/Runtime/Prefabs/Anchorable Object.prefab using Guid(5b574cc42d4b76845855a5158226856f) Importer(815301076,1909f56bfc062723c751e8b465ee728b) [PhysX] Initialized MultithreadedTaskDispatcher with 16 workers.
[PhysX] Initialized MultithreadedTaskDispatcher with 16 workers.
 -> (artifact id: '9f1adc5cd3ebab9a8b28b63eb8e51499') in 0.353821 seconds
Number of updated asset objects reloaded before import = 0
Number of asset objects unloaded after import = 12
========================================================================
Received Import Request.
  Time since last request: 0.000033 seconds.
  path: Packages/com.ultraleap.tracking/Physical Hands/Runtime/Prefabs/Physical Hands 3D UI Panel.prefab
  artifactKey: Guid(38b7a0fc81015224bae0383e6f98ddc7) Importer(815301076,1909f56bfc062723c751e8b465ee728b)
Start importing Packages/com.ultraleap.tracking/Physical Hands/Runtime/Prefabs/Physical Hands 3D UI Panel.prefab using Guid(38b7a0fc81015224bae0383e6f98ddc7) Importer(815301076,1909f56bfc062723c751e8b465ee728b) [PhysX] Initialized MultithreadedTaskDispatcher with 16 workers.
[PhysX] Initialized MultithreadedTaskDispatcher with 16 workers.
 -> (artifact id: '26b9aaa854aa24987cba3b0b79f88c20') in 0.131483 seconds
Number of updated asset objects reloaded before import = 0
Number of asset objects unloaded after import = 202
========================================================================
Received Prepare
Caller must complete domain reload
Begin MonoManager ReloadAssembly
- Loaded All Assemblies, in  0.686 seconds
Native extension for WindowsStandalone target not found
Native extension for iOS target not found
Native extension for Android target not found
Native extension for WebGL target not found
Mono: successfully reloaded assembly
- Finished resetting the current domain, in  2.262 seconds
Domain Reload Profiling: 2943ms
	BeginReloadAssembly (192ms)
		ExecutionOrderSort (0ms)
		DisableScriptedObjects (6ms)
		BackupInstance (0ms)
		ReleaseScriptingObjects (0ms)
		CreateAndSetChildDomain (47ms)
	RebuildCommonClasses (48ms)
	RebuildNativeTypeToScriptingClass (13ms)
	initialDomainReloadingComplete (32ms)
	LoadAllAssembliesAndSetupDomain (396ms)
		LoadAssemblies (474ms)
		RebuildTransferFunctionScriptingTraits (0ms)
		AnalyzeDomain (20ms)
			TypeCache.Refresh (9ms)
				TypeCache.ScanAssembly (0ms)
			ScanForSourceGeneratedMonoScriptInfo (0ms)
			ResolveRequiredComponents (8ms)
	FinalizeReload (2262ms)
		ReleaseScriptCaches (0ms)
		RebuildScriptCaches (0ms)
		SetupLoadedEditorAssemblies (842ms)
			LogAssemblyErrors (0ms)
			InitializePlatformSupportModulesInManaged (45ms)
			SetLoadedEditorAssemblies (5ms)
			RefreshPlugins (0ms)
			BeforeProcessingInitializeOnLoad (116ms)
			ProcessInitializeOnLoadAttributes (522ms)
			ProcessInitializeOnLoadMethodAttributes (144ms)
			AfterProcessingInitializeOnLoad (9ms)
			EditorAssembliesLoaded (0ms)
		ExecutionOrderSort2 (0ms)
		AwakeInstancesAfterBackupRestoration (73ms)
Refreshing native plugins compatible for Editor in 12.09 ms, found 6 plugins.
Preloading 1 native plugins for Editor in 0.21 ms.
Unloading 5283 Unused Serialized files (Serialized files now loaded: 0)
Unloading 50 unused Assets / (1.8 MB). Loaded Objects now: 5772.
Memory consumption went from 177.4 MB to 175.6 MB.
Total: 6.161600 ms (FindLiveObjects: 0.344800 ms CreateObjectMapping: 0.203300 ms MarkObjects: 4.343200 ms  DeleteObjects: 1.267200 ms)

Prepare: number of updated asset objects reloaded= 0
AssetImportParameters requested are different than current active one (requested -> active):
  custom:scripting/monoscript/fileName/ToolFactoryRegister.cs: edaa9d209550a0e61240e75d1a2a3fd1 -> 
  custom:scripting/monoscript/fileName/MultiJsonInternal.cs: 3c0b2f060df209942444688160b7ba5c -> 
  custom:scripting/monoscript/fileName/SubGraphOutputNode.cs: 6fe55b4e9d6fa7ee82d3177803c9cf20 -> 
  custom:scripting/monoscript/fileName/IMayRequireNormal.cs: 33e5bba2416d50e55fc6e1b11df5f909 -> 
  custom:scripting/monoscript/fileName/FrameTimeSample.cs: 98ec0149754da47d653a2a35157d2b6c -> 
  custom:scripting/monoscript/fileName/LocalizedTextElement.cs: e1b9eeff95990e54c9a9dc69ce19734b -> 
  custom:scripting/monoscript/fileName/Popover.cs: 4115025d54e2acd77a49f554f04af17c -> 
  custom:scripting/monoscript/fileName/IncomingChangesTab.cs: 6fa4849c09cf3ec125d3914af6074a21 -> 82bff1d960538992d4e618d909869d2e
  custom:scripting/monoscript/fileName/IValidatableElement.cs: 90647cc400823b41df847a6cbfc29026 -> 
  custom:scripting/monoscript/fileName/ToolbarRadio.cs: 2d9edda2c314ac6468f2c36b5c8b82e7 -> 
  custom:scripting/monoscript/fileName/RelayCommand.cs: b98e5608049019f2756175075d1dd454 -> 
  custom:scripting/monoscript/fileName/PointMapping.cs: 74a9faa23fa193bf4140350c668cd796 -> 
  custom:scripting/monoscript/fileName/TextPropertyDrawer.cs: ccd0a31e0b64d139c72276dafd6663e5 -> 
  custom:scripting/monoscript/fileName/IdentifierField.cs: ba1db6fd74ae7e5974297edef3ea4514 -> 
  custom:scripting/monoscript/fileName/DebugUIHandlerContainer.cs: c397f0bb423f49300732877230e28fb7 -> 
  custom:scripting/monoscript/fileName/ConditionUnmetException.cs: 005532f7eb227edc45563fe5f541c354 -> 
  custom:scripting/monoscript/fileName/Hand.cs: 47f2533518531327de0c1583b9cf1f27 -> 
  custom:scripting/monoscript/fileName/Deprecated.cs: f7ecc9f08dc30750e066023f4588097f -> 
  custom:scripting/monoscript/fileName/SizeToContentButton.cs: f996dd6af2703c2acc1fc852c5c6fe91 -> 
  custom:scripting/monoscript/fileName/Texture2DArrayShaderProperty.cs: 22a8eaf5ddc1204aa9a6592ffa0226b5 -> 
  custom:scripting/monoscript/fileName/ProbeTouchupVolumeEditor.cs: b56db4d86eafa506a0c26c2f10391a38 -> 
  custom:scripting/monoscript/fileName/SpritePicker.cs: 6c57758f0e0792684ff138aa61e12c15 -> 
  custom:scripting/monoscript/fileName/ExVisualElement.cs: 0719d05dc014f888dce476d00c8e5949 -> 
  custom:scripting/monoscript/fileName/ShaderDropdown.cs: b823c7dba35329fcebb57ac2e2d54de5 -> 
  custom:scripting/monoscript/fileName/DynamicArray.cs: e31f8fb0c891e8a0f4b8f3b9be6577d5 -> 
  custom:scripting/monoscript/fileName/Vector4Field.cs: c58543e1452e2d7969e128d4d880a29b -> 
  custom:scripting/monoscript/fileName/LeapServiceProviderEditor.cs: cfc3cb231a8c8f12e61672ca40fe29ca -> 
  custom:scripting/monoscript/fileName/IMayRequireBitangent.cs: b08caf56583e2eb699179b0bc199bd87 -> 
  custom:scripting/monoscript/fileName/ObjectControl.cs: 1725fa4298c6e3f8f1dc864f66c7a71b -> 
  custom:scripting/monoscript/fileName/DiffSelection.cs: 34faf7c86f7e0c9a01162e930679d82f -> 1460aaba4240ef35322cb9c198487990
  custom:scripting/monoscript/fileName/PragmaDescriptor.cs: 9d5c26b9fa6ff8781c6959af8018c097 -> 
  custom:scripting/monoscript/fileName/SpriteArtifactDragAndDropHandler.cs: 839d1b37b55d6be59f997a1187e45f3e -> 
  custom:scripting/monoscript/fileName/IndexSet.cs: 54624cd5122f8028a8c9e5bb2553bba7 -> 
  custom:scripting/monoscript/fileName/ShaderGraphPropertyDrawers.cs: f2bd33c12ff3343c29ded09529550b95 -> 
  custom:scripting/monoscript/fileName/IInputElement.cs: 90647cc400823b41df847a6cbfc29026 -> 
  custom:scripting/monoscript/fileName/PbrFactory.cs: 41a7547dec80509ee363b527f4b119e7 -> 
  custom:scripting/monoscript/fileName/Vector4ShaderProperty.cs: d47afd559c9af25287df2c28d3469e5f -> 
  custom:scripting/monoscript/fileName/DatePicker.cs: 91d4045d80ecc134ca6ab854d8063fb1 -> 
  custom:scripting/monoscript/fileName/RenderPipelineGlobalSettingsProvider.cs: 0cdf409b5aa8d4c25876d72b5c6a3b60 -> 
  custom:scripting/monoscript/fileName/ViewDirectionNode.cs: d0edddf7fb4e227e0777e5c9156f8c50 -> 
  custom:scripting/monoscript/fileName/TexelSizeNode.cs: c657fce3305d3bf64a830debbcc92f57 -> 
  custom:scripting/monoscript/fileName/GenerateButtonData.cs: a4a5d2cace8ba7ac9b29e8dce04fd18d -> 
  custom:scripting/monoscript/fileName/CloudProjectId.cs: f33db9e9673144ad1e994ed4cff5ce2d -> 
  custom:scripting/monoscript/fileName/CustomRenderTextureMenuItem.cs: 69797cad8d819b12e94627e87f712ffe -> 
  custom:scripting/monoscript/fileName/DateFilter.cs: de3aab0283a2b4a1d4d64145b14132d5 -> 3a6cb8c2e3ffbb5a9052e322ee5bf411
  custom:scripting/precompiled-assembly-types:Unity.Muse.Common.Editor: b2b85f334c7b94962b4de33259f9b3d8 -> 
  custom:scripting/monoscript/fileName/AODatabaseObject.cs: b36620b31483d280504569a4966f8469 -> 
  custom:scripting/monoscript/fileName/Texture2DAtlas.cs: f139623eb10c0fee049e755db7d6ec35 -> 
  custom:scripting/monoscript/fileName/Indent.cs: 4c8df3ad685f80989fbd3cf66d7c28a8 -> 
  custom:scripting/monoscript/fileName/SaveSpriteData.cs: 536697541501b97237df33b769e18e06 -> 
  custom:scripting/monoscript/fileName/Image.cs: 755c71ad48e7aa81fba65c495dc6609b -> f32195bbbc1ca9edcb6c8c6185597e40
  custom:scripting/monoscript/fileName/GenerationMode.cs: 1dc67ca28f5dc307fb66be783238992e -> 
  custom:scripting/monoscript/fileName/UVMaterialSlot.cs: ba2046c9d1e32f8626c04e7842cef85c -> 
  custom:scripting/monoscript/fileName/TemperatureSlider.cs: b7550a71568f4131d906ef2284c689c4 -> 
  custom:scripting/monoscript/fileName/Draggable.cs: c5fa4ac080cf5eb440a180cd558904ac -> 
  custom:scripting/monoscript/fileName/MainUI.cs: 038bb51f21d0e6b0c1cb151199f55270 -> 
  custom:scripting/monoscript/fileName/SampleTexture2DArrayNodePropertyDrawer.cs: 97ac714f5e063453b4cdbd97465c6dba -> 
  custom:scripting/monoscript/fileName/FormerNameAttribute.cs: 3aa965757fdbdb1ddced3af401e54d14 -> 
  custom:scripting/monoscript/fileName/RuntimeCloudContext.cs: da94b5acfb57480365ecf7eea6ee6b0f -> 
  custom:scripting/monoscript/fileName/ComponentSingleton.cs: 90647cc400823b41df847a6cbfc29026 -> 
  custom:scripting/monoscript/fileName/IDebugDisplaySettingsData.cs: 3f5718c7cd55e1263a2016c2e7c511dc -> 
  custom:scripting/monoscript/fileName/SerializedDataParameter.cs: 3e2448ca9812367b1288bf30d1333255 -> 
  custom:scripting/monoscript/fileName/EnableDepthBuffer.cs: d1792238cfc5697e8b4ed79287f310e6 -> 
  custom:scripting/monoscript/fileName/Vector2IntField.cs: ba00b33ea4f2257c51a40a39bbdb4528 -> 
  custom:scripting/monoscript/fileName/IEdge.cs: fe7a9aaf4a54b5490fcc9202df625cf8 -> 
  custom:scripting/monoscript/fileName/ColorWheel.cs: f76cc18000f06f73a697a5aa0353462a -> 
  custom:scripting/monoscript/fileName/ScreenPositionMaterialSlot.cs: e2f37103521a69c5363f998da473cb2d -> 
  custom:scripting/monoscript/fileName/GraphCompilationResult.cs: b7780f433eeedb9d65cadcbafe3cd2ac -> 
  custom:scripting/monoscript/fileName/AdditionalCommandCollection.cs: 8e8ed259a61b2398049296c299ff0d82 -> 
  custom:scripting/monoscript/fileName/ComparisonGizmoController.cs: 0ed71d61c65a6c9e1d5326d122e341ed -> 
  custom:scripting/monoscript/fileName/PerformInitialCheckin.cs: be22d181e456c0a8a5713675f29ac72a -> 8ef9a9f407b8b94b2b5fad9d24e61f79
  custom:scripting/monoscript/fileName/PluginAttribute.cs: b63651bbaab0341ec100d4ba8779f1fc -> 813c19932992710d73442c18f504dce4
  custom:scripting/monoscript/fileName/SessionChangesTracker.cs: d6ce70af4c694315f0423bb92ed87128 -> 
  custom:scripting/monoscript/fileName/IntegerNode.cs: d37fcacdfa145e7b30bef149b2aa61c4 -> 
  custom:scripting/monoscript/fileName/IDebugDisplaySettings.cs: f5962540ab4017752f24078100d34caa -> 
  custom:scripting/monoscript/fileName/TextToImageResponse.cs: ba99477439a8068a3bd8460ca97545ce -> 
  custom:scripting/monoscript/fileName/SampleCubemapNode.cs: 2a89d6c9f350f115f44474e9627075c2 -> 
  custom:scripting/monoscript/fileName/PackageResources.cs: 6a6bd0c47f18f6eb839a4669d63f229e -> 
  custom:scripting/monoscript/fileName/ConflictResolutionState.cs: 51eaf597f9533c7ed197ad15e802d20f -> 74a230000ff2fd58c5a60ab4258207dc
  custom:scripting/monoscript/fileName/CustomPropertyDrawerBase.cs: ac2e6e05c8246ff925e7f2e250cd09fb -> 
  custom:scripting/monoscript/fileName/BuildTargetAnalytic.cs: d1198a9ec4f39d5f894dcce9558191fa -> 
  custom:scripting/monoscript/fileName/LightAnchorEditor.cs: a50e8bbfa481761386418d81c5b198ab -> 
  custom:scripting/monoscript/fileName/Dropdown.cs: 5746b9966e2224fc01bb767f83d3bed6 -> e2499375dbab18b142e2db07a091d792
  custom:scripting/monoscript/fileName/CubemapMaterialSlot.cs: c06407daaa7825a24823f542b4cce693 -> 
  custom:scripting/monoscript/fileName/ShaderSubGraphMetadata.cs: 5f8bf65dbde279d1cced6165592934a4 -> 
  custom:scripting/monoscript/fileName/AttachmentHand.cs: a4fbc282fe3865a1ff477a78d98a0f23 -> 
  custom:scripting/monoscript/fileName/PngMetadataEditor.cs: 4bf9147a90382a74cb3ff54c58bfe03b -> 
  custom:scripting/monoscript/fileName/PragmaCollection.cs: f49ba23ecf89e3c13391e892024ef55b -> 
  custom:scripting/monoscript/fileName/DynamicValueMaterialSlot.cs: 96593504c52dbeb1e2e40ec1fc7f68b4 -> 
  custom:scripting/monoscript/fileName/CoreEditorUtils.cs: 2cd321874a9df82de24a716bb03de51f -> 
  custom:scripting/monoscript/fileName/FindWorkspace.cs: 39bbd18bfe6bf4a99f5c185dcda4dd4a -> 6af6c9e9382fef881c020ab184e6f7f5
  custom:scripting/monoscript/fileName/PhysicalHandsSliderEditor.cs: 6d1486475c958609462f7bffc26bfc15 -> 
  custom:scripting/monoscript/fileName/VolumeEditor.cs: 5da91c70d61cf83e160595d6901a6ee8 -> 
  custom:scripting/monoscript/fileName/CheckerboardNode.cs: 11e9e444b94aca3564da1fb5e36bfb29 -> 
  custom:scripting/monoscript/fileName/BuiltInProperties.cs: f776e75fdeccbdba338b5e3b51ac2624 -> 
  custom:scripting/monoscript/fileName/RenderGraphResourceRendererList.cs: 29ecab2620760ec013c65d9464339e03 -> 
  custom:scripting/monoscript/fileName/IncomingChangesNotifier.cs: 10fad815611441fb3a805150421ed991 -> 
  custom:scripting/monoscript/fileName/SettingsProviderGUIScope.cs: 10f191b2438038aee34bc61d186964fb -> 
  custom:scripting/monoscript/fileName/IMayRequireVertexSkinning.cs: fbdeca0936f640a3b00a2c27ec2fc9bd -> 
  custom:scripting/monoscript/fileName/DistortTrackingDataToVisuals.cs: 2a8d3995fc657e06ce6b0a84cad8d584 -> 
  custom:scripting/monoscript/fileName/NoiseSineWaveNode.cs: 11bcd6b93b816e3a1e4d4c0bf4e53dc7 -> 
  custom:container-demuxer-ogg: 62fdf1f143b41e24485cea50d1cbac27 -> 
  custom:scripting/monoscript/fileName/ChannelEnumControl.cs: 4e5c0e330a44ab283f046ed4264a217a -> 
  custom:scripting/monoscript/fileName/BakedGINode.cs: 8c889cdfde0b3413c4bd31a994d95c18 -> 
  custom:scripting/monoscript/fileName/CombinablePropertyDrawer.cs: 1b78beaf47944055a36e58f584e8eb7f -> 
  custom:scripting/monoscript/fileName/ResourcePathAttribute.cs: 119835f2547b92833998a770cee38fec -> 
  custom:scripting/monoscript/fileName/VolumeManager.cs: 08e4cca4409e6618853e999cedfae80b -> 
  custom:scripting/monoscript/fileName/MaterialMapPreview.cs: 07bbae85fc5528c5fa623df51bf74de6 -> 
  custom:scripting/monoscript/fileName/TrainingRoundsView.cs: e0ad77ec9444de11c0825c061c64ae3c -> 
  custom:scripting/monoscript/fileName/ModesListSelector.cs: bb24963f36b5ef9e026801ac08a8e752 -> 
  custom:scripting/monoscript/fileName/DynamicMatrixMaterialSlot.cs: e607449f29754212bba5aa48414eba7a -> 
  custom:scripting/monoscript/fileName/CopyFromOtherExtensions.cs: 9dffed86b993e158b9253708b07d43a3 -> 
  custom:scripting/monoscript/fileName/MaterialSlot.cs: 3464f5530a872412ad2dbe59229a72fd -> 
  custom:scripting/monoscript/fileName/PropertyFetcher.cs: 32b9fa5b3c3a8930c4d96f5e32f27812 -> 
  custom:scripting/monoscript/fileName/VirtualTextureMaterialSlot.cs: 4661c0cba8baf532a724657848aec3d5 -> 
  custom:scripting/monoscript/fileName/CheckinConflictsDialog.cs: d3af1d70d3f60a9847d2942647274222 -> e13fa04a97fb675842c94586fc602871
  custom:scripting/monoscript/fileName/MuseMaterialProperties.cs: 275699d83ac0a8ea81e11cf3d8dcd145 -> 
  custom:scripting/monoscript/fileName/AuthToken.cs: d22b2893825e943bc1389be142abd57e -> 0fba7e8eb1ec8b699f274cdc956451b2
  custom:scripting/monoscript/fileName/DebugDisplaySettings.cs: 90647cc400823b41df847a6cbfc29026 -> 
  custom:scripting/monoscript/fileName/ProgressControlsForDialogs.cs: 6bf8e69ac7dc2163fe988e5d8181ce88 -> 7e6bd1727985204e3b64e1946e589b1c
  custom:scripting/monoscript/fileName/UIModeFactory.cs: e8b2ee6f4479ca25afc7cd092d420e4b -> 
  custom:scripting/monoscript/fileName/AssetStatusCache.cs: beede06d8a6d93e7907fd192ad653f2b -> 260d5f85663ac58b2a7e9553c453bc3e
  custom:scripting/monoscript/fileName/SearcherAdapter.cs: 22d8a8c5cd74915953ae914f15760a91 -> 
  custom:scripting/monoscript/fileName/IMaskOperator.cs: 308963f687d77a9ca70271ff368bf574 -> 
  custom:scripting/monoscript/fileName/ControlsFactory.cs: 68a844728f5cdb7674034d66b4f4ba5c -> 
  custom:scripting/monoscript/fileName/PhysicalHandsEventInterfaces.cs: f7ac1a713ee1e6d70c8467e66960aea6 -> 
  custom:scripting/monoscript/fileName/DrawIncomingChangesOverview.cs: 6d1aadb525661622ddc7d545c55841f2 -> 
  custom:scripting/monoscript/fileName/BuildFormattedHelp.cs: f675844664504d88a0d8165e2b08a2bf -> 
  custom:scripting/monoscript/fileName/Radio.cs: 7e64392a57fa0a9e8f30f84bbc566e82 -> 
  custom:scripting/monoscript/fileName/Vector2ShaderProperty.cs: 9f9770fa9be4c0b4173bdcfe7eefe448 -> 
  custom:scripting/monoscript/fileName/OrganizationPanel.cs: d7ac1288bef1b15a05bb26d201a4d87f -> 57a57e6a345dbd536e91c348b70943a9
  custom:scripting/monoscript/fileName/EditorModelAssetEditor.cs: a56869b96c6ddcbc2c143436dbdaa8ab -> 
  custom:scripting/monoscript/fileName/XRUtils.cs: 109f488ccdd99bac82cce05f64bc94eb -> 
  custom:scripting/monoscript/fileName/SerializableCubemap.cs: c16d52c6a13f1337e551aa5a9103d80a -> 
  custom:scripting/monoscript/fileName/CoreMatrixUtils.cs: 0895934330b4ed7720aec5730d22b550 -> 
  custom:scripting/monoscript/fileName/Menu.cs: 01036f820f0aba5246103f5e583c45bb -> 5eba48b4d6d147021b8e165ca83d35a2
  custom:scripting/monoscript/fileName/IESReader.cs: a3504a3b985239064e751dee9faf9376 -> 
  custom:scripting/monoscript/fileName/GeometryNode.cs: e6bfc7936849bb510b62cc097b448045 -> 
  custom:scripting/monoscript/fileName/CustomTextureSlice.cs: f4b527bc15bdff7e22b7c89a3567c44d -> 
  custom:scripting/monoscript/fileName/ProbeVolumeSceneData.cs: 47a90d651b60a1f3cfb01a895624c61b -> 
  custom:scripting/monoscript/fileName/HandFadeInAtDistanceFromRealData.cs: d8dd463481b6c3d5ce187f22f7ee030e -> 
  custom:scripting/monoscript/fileName/EventBus.cs: d8ea2dc762a72245c304a2a3b93a89eb -> 44116646ae5a8e68b53a6428a288d598
  custom:scripting/monoscript/fileName/SliderControl.cs: 0c8b4ccf3de2573793418176380a10ba -> 
  custom:scripting/monoscript/fileName/MigrationProgressRender.cs: 94a7accb6b5be388f3abff6285d8f1af -> 
  custom:scripting/monoscript/fileName/MinMax.cs: 1872044c3fc8616b2a0c260823666d1e -> 
  custom:scripting/monoscript/fileName/ChangeCategoryTreeViewItem.cs: 0f882939555cf173ece99b60f8f54ade -> fd14db176fff061715c8ec88ced1902f
  custom:scripting/monoscript/fileName/ProbeVolumeBakingProcessSettings.cs: b11b7ded825914afcc67d1880b63374c -> 
  custom:scripting/monoscript/fileName/ProbeReferenceVolume.ReflProbeNormalization.cs: 5aa9b3acd2edf62bd1edd6e65aebc5b6 -> 
  custom:scripting/monoscript/fileName/LegalConsentResponse.cs: e451b09569d331c382e3b7cd0be62dbb -> 
  custom:scripting/monoscript/fileName/CurrentUserAdminCheckResponse.cs: cec2f173fe8732108711c497674c6f66 -> d57c2dcace740834acd59fdfbc5023b8
  custom:scripting/monoscript/fileName/ImageData.cs: c512f19a780b6133f1f3b416c63d0231 -> 
  custom:scripting/precompiled-assembly-types:Unity.RenderPipelines.Core.Runtime: 34799d0b1315b0c9def7321e7ce7313f -> 
  custom:scripting/monoscript/fileName/VolumeComponent.EditorOnly.cs: 90647cc400823b41df847a6cbfc29026 -> 
  custom:scripting/monoscript/fileName/StyleData.cs: bc22e4630630d4b0375c440a9929c8fc -> 
  custom:scripting/monoscript/fileName/SerializationHelper.cs: ee0d4866e6d37a8c29cfeef380c4bc3a -> 
  custom:scripting/monoscript/fileName/TrainingController.cs: a7d276f7670d7d29447a9f4ead2b59ba -> 
  custom:scripting/monoscript/fileName/Clickable.cs: dcfa54024397dad01b26b11b6fb78cdc -> 
  custom:scripting/monoscript/fileName/Debug.cs: 8cb796a7d561e888255a84496f78b643 -> 
  custom:scripting/monoscript/fileName/ActionItem.cs: 8fbe402fc340529c8d6b0f57da736347 -> 
  custom:scripting/monoscript/fileName/ScreenPositionSlotControlView.cs: 52ba4fe72948fdbfa1b4eebe60b89b8a -> 
  custom:scripting/monoscript/fileName/TrainingSetTabView.cs: da2bc88327174be1f41afe4c936f452b -> 
  custom:scripting/monoscript/fileName/AccountLinks.cs: 24122d0e6f5c49b5739cb1e1d29bd3df -> 
  custom:scripting/monoscript/fileName/SamplerStateMaterialSlot.cs: 5d8ed1136c37ddbdf94fb9bfb8650b9e -> 
  custom:scripting/monoscript/fileName/HierarchicalBox.cs: f3ec22a8717a2ae7bdfa36e7590c32d4 -> 
  custom:scripting/monoscript/fileName/UIElementsExtensions.cs: a191d7293be4538b0adb29dfe5b06a46 -> 52e0d612ab032e4d22e9558b90396b99
  custom:scripting/monoscript/fileName/TrialForm.cs: de40414fa31698e62530bcfe685c7e2f -> 
  custom:scripting/monoscript/fileName/IOnAssetEnabled.cs: 868ab4d60a4e4904e4c46870c76eaed4 -> 
  custom:scripting/monoscript/fileName/ObservableObject.cs: a6ccb0df61db355f1314fcc09a3326be -> 
  custom:scripting/monoscript/fileName/CreateBranchDialog.cs: c429477092287209232592c8cde1a615 -> 9eb29fda08033b4f847247136c412db6
  custom:scripting/monoscript/fileName/NoColors.cs: fd0aebcb04d19681456979b5b92ae754 -> 
  custom:scripting/monoscript/fileName/GraphData.cs: e71bb74b1f61e81644af5b7c6405e4c4 -> 90647cc400823b41df847a6cbfc29026
  custom:scripting/monoscript/fileName/RestCall.cs: 6cb4408ae037cdac0e2e0a800ffb0514 -> 
  custom:scripting/monoscript/fileName/RectExtensions.cs: ca8f43c621c2c11f812d0eeda1298c5a -> 
  custom:scripting/monoscript/fileName/StyleTrainerArtifactCache.cs: be034ce7b04be8de7936bf9e7ce8c00e -> 
  custom:scripting/monoscript/fileName/Vector3IntField.cs: 802fda2df94180c7bffc140f8b0eeb2a -> 
  custom:scripting/monoscript/fileName/ClientStatusResponse.cs: 176286fece9460ebe0ebf683964003c7 -> 
  custom:scripting/monoscript/fileName/EyeIndexNode.cs: fd4257db013ce52dffb32c7be03a3e02 -> 
  custom:scripting/monoscript/fileName/AssetDeleteWatcher.cs: f2313bdd54ae3c1f9b57dec080173cc1 -> 
  custom:scripting/monoscript/fileName/CustomInterpolatorNode.cs: eba846adf68aa9d07b8ade1f70bf60d8 -> 
  custom:scripting/monoscript/fileName/Texture3DPropertyDrawer.cs: 8a0bdc07956d8d75b7d917e2ee08da5d -> 
  custom:scripting/monoscript/fileName/DebugUIHandlerWidget.cs: bb0d50c1b191c09b23ccb82c4e724af5 -> 
  custom:scripting/monoscript/fileName/IntegerControl.cs: d8c70fd70ba69dc9bf47050189850505 -> 
  custom:scripting/monoscript/fileName/SerializableHashSet.cs: f8e61e135a81be97f8bbe751c9d3821d -> 
  custom:scripting/monoscript/fileName/ICloudContext.cs: 406f589c07b038035da655e37a32f524 -> 
  custom:scripting/monoscript/fileName/MaterialUpgrader.cs: 4da045aecb0e085cd1c2363553959674 -> 
  custom:scripting/monoscript/fileName/Texture2DArrayPropertyDrawer.cs: a87044780f0b5b1c2ae49a3fbd3b5e97 -> 
  custom:scripting/monoscript/fileName/DebugManager.UIState.cs: 32e2b11d150007da9b9deba54dfccf56 -> 
  custom:scripting/monoscript/fileName/MaterialGraphPreviewGenerator.cs: 200c9d810b17de26d07ac2112623402d -> 
  custom:scripting/monoscript/fileName/BottomNavBar.cs: ad97eabc6f922c50bffab03570081c2d -> 
  custom:scripting/monoscript/fileName/DropdownNode.cs: a87ee97f96d12181aced776dd2bd1391 -> 
  custom:scripting/monoscript/fileName/ProjectPath.cs: 5634ebdbea8ca94089eb9622d1b60497 -> 2007f972d3a73eeb86dfe05e849c7f69
  custom:scripting/monoscript/fileName/ComputeDeformNode.cs: 3b3b29334ecc32669d65e2c77426d3d4 -> 
  custom:scripting/monoscript/fileName/IRelayCommand.cs: cb655cf30ac00745ed5fc4690824568b -> 
  custom:scripting/monoscript/fileName/SSOCredentialsDialog.cs: 8967ceae1bc195ea8dd32b23c42dd852 -> e140ede12a96f68f30062138385171c3
  custom:scripting/monoscript/fileName/DrawCreateWorkspaceView.cs: 6422239d8f649480614f0dd4f018b7f2 -> c6039ac84d85ab3926aa94de163a9f7d
  custom:scripting/monoscript/fileName/Action.cs: 39a4a2ee39ef18e1bf2fee287e7fa505 -> 
  custom:scripting/monoscript/fileName/IMayRequirePositionPredisplacement.cs: 692ea104e7ce252c31917ae0f84f057a -> 
  custom:scripting/monoscript/fileName/ShaderGraphProjectSettings.cs: aa1c6691754f44e97d764843cf1d257b -> 
  custom:scripting/monoscript/fileName/PreviewManager.cs: 2f7ac619db6e48df5fbce1906d9b5ca2 -> 
  custom:scripting/monoscript/fileName/ExperimentalProgramSignUpNotificationView.cs: 29e4119b692f6d54409a241bc47530c7 -> 
  custom:scripting/monoscript/fileName/IVolume.cs: 89f8fe4777808e170a50ff89be624391 -> 
  custom:scripting/monoscript/fileName/Popup.cs: a3019c018d9dcc9a20d74fe2a8ad6b61 -> 
  custom:scripting/monoscript/fileName/BitangentVectorNode.cs: 7bf437345afe6e6128e2e7407fb2d6df -> 
  custom:scripting/monoscript/fileName/CircularProgress.cs: 84f512acaf26829ec4cac9a6eccf4967 -> 
  custom:scripting/monoscript/fileName/MenuBuilder.cs: a5707ceb1ee47db48c3e17dd941059c2 -> 
  custom:scripting/monoscript/fileName/TextureCurve.cs: c2cb87668e8aef4832e4b2230c8a94b2 -> 
  custom:scripting/monoscript/fileName/PbrMaterialData.cs: 60b2e28ac0aa7afca160c4639e3bf891 -> 
  custom:scripting/monoscript/fileName/RotateNode.cs: 33e07876c81d0c6ba59d9dc053f5fe2e -> 
  custom:scripting/monoscript/fileName/SpeedTree8MaterialUpgrader.cs: 7f3e83ef44dc00c2657b6f7f0533e6e7 -> 
  custom:scripting/monoscript/fileName/BlackboardCategoryViewModel.cs: 38590a7c73667eeef01a8f9e4c97fbae -> 
  custom:scripting/monoscript/fileName/HandPoseViewer.cs: 1000042cd7668b9747065aee6df6f6af -> 
  custom:scripting/monoscript/fileName/TargetPropertyGUIContext.cs: 026228c56189eeaa5a430c140694334e -> 
  custom:scripting/monoscript/fileName/DownloadPlasticExeDialog.cs: 2dd40c53d0303d041a27a44a95c331cb -> 093cfe0607c2346a88cdfdfe1435614f
  custom:scripting/monoscript/fileName/ImageArtifactCache.cs: b41d430efcc86539a1a17888c9332dfc -> 
  custom:scripting/precompiled-assembly-types:Unity.Muse.Sprite.Common.Editor: 68a549d84d23f904b877cb06871c0bd9 -> 
  custom:scripting/monoscript/fileName/IMayRequireViewDirection.cs: f0fc8a09be61ae5f3c59fb32fe12cd0a -> 
  custom:scripting/monoscript/fileName/Texture2DMaterialSlot.cs: cf8f9f78cb69e47bd1bc052c4ebb494a -> 
  custom:scripting/monoscript/fileName/PageIndicator.cs: cf951bf6247fcf363fbb4e3a426286b0 -> 
  custom:scripting/monoscript/fileName/PreviewPbrArtifact.cs: 7afda9402811909687cb0a2b2e32813e -> 
  custom:scripting/monoscript/fileName/Mask.cs: 4beddf0e60d5cca0ed72d2f2bd834a0d -> 30def7c5b8ef23ce62910d8eb0c002c6
  custom:scripting/monoscript/fileName/RenderPipelineResources.cs: e021da80e9dc82203649f807645c8518 -> 
  custom:scripting/monoscript/fileName/NodeSettingsView.cs: ea03228bb88a9b8081709d61f1c4edbd -> 
  custom:scripting/monoscript/fileName/ChannelMaskNode.cs: 28ee8d13bd18c5682e02f232c6f9c659 -> 
  custom:scripting/monoscript/fileName/GradientExtensions.cs: 9954455631d560b68c6e8c00503fa823 -> 
  custom:scripting/precompiled-assembly-types:Unity.ShaderGraph.Utilities: a5f5ab80340e2d79f4dddb9a842c37b5 -> 
  custom:scripting/monoscript/fileName/LayerManager.cs: 64786d54c464a6f48953f0690bb44668 -> 
  custom:scripting/monoscript/fileName/RenderGraphDefaultResources.cs: a5c0d1c17e51ba06d1ed29f1135d5218 -> 
  custom:scripting/monoscript/fileName/ServiceAtribute.cs: 8cae505ba4d8e8cb6c0368f1bf3e09df -> 
  custom:scripting/monoscript/fileName/MenuDivider.cs: c71d02adfcd027f2bdbfc9420fb522b2 -> 
  custom:video-codec-MediaFoundation-h265: 746d11721c4dcdbdad8f713fa42b33f4 -> 
  custom:scripting/monoscript/fileName/ColorParameterDrawer.cs: ef82f8df38a7535869ba02c1734d3334 -> 
  custom:scripting/monoscript/fileName/CreateShaderSubGraph.cs: e1368968d9b1ba5420bc5185345fb2f2 -> 
  custom:scripting/monoscript/fileName/AnalyticsManager.cs: e8e6afb9228012714bffaaf46f6d5f8a -> 
  custom:scripting/monoscript/fileName/PreferenceDataWrapper.cs: 90647cc400823b41df847a6cbfc29026 -> 
  custom:scripting/monoscript/fileName/IShaderVariantSettings.cs: 24e5727a60448cfdcb943f27e6a3a0b3 -> 
  custom:scripting/monoscript/fileName/IMasterNode1.cs: 2a2b379fd5522e53b3774344ffbe5ffb -> 
  custom:scripting/monoscript/fileName/BlockFieldDescriptor.cs: fceb4cfcaaea690b776261f7218defd4 -> 
  custom:scripting/monoscript/fileName/FieldDependencies.cs: cb9b7a4c634a2d958acd9864ac95b93f -> 
  custom:scripting/monoscript/fileName/PendingChangesTab_Operations.cs: c99065f3c85ec85c85ece2a1a30665af -> 15ae6787065f4af65778e981f418a60b
  custom:scripting/monoscript/fileName/GenerationUtils.cs: b83836e3901423508484e269abcb894c -> 
  custom:scripting/monoscript/fileName/Disable.cs: f53d12cf76dab54f0319602d4c2f02bc -> 
  custom:scripting/monoscript/fileName/LocksListViewItem.cs: cc9cd24c5be4f7363367cba72f12aad4 -> f4a19fabbec093eb3d6a7e1cd4f42611
  custom:scripting/monoscript/fileName/Badge.cs: 83d9188d0e4daa7e59ab57f3b4a721a3 -> 
  custom:scripting/monoscript/fileName/SubscriptionView.cs: 0a6a12b577568fc16f82e2602861db25 -> 
  custom:scripting/monoscript/fileName/BuiltInLitGUI.cs: 0c88265a82e7a340c0f06d77842275fc -> 
  custom:scripting/monoscript/fileName/DebugUIHandlerGroup.cs: b77b0af2c2c5f470f87bcd4b1db8db3a -> 
  custom:scripting/monoscript/fileName/ActiveFields.cs: 744dc5ffc9e4c8150f4591a5b8d45c61 -> 
  custom:scripting/monoscript/fileName/FloatingActionButton.cs: f3140e807232249ffd563637202b6dae -> 
  custom:scripting/monoscript/fileName/LiteDbArtifactCache.cs: f0f79f780fd527fec1893cc8719e4e77 -> 
  custom:scripting/monoscript/fileName/CombineNode.cs: 6b5a95dc7234dab3949235b4a2690e82 -> 
  custom:scripting/monoscript/fileName/ColorControl.cs: fb4c32d0a0c84d794fec928d5e9f1135 -> 
  custom:scripting/monoscript/fileName/UsageProgressText.cs: 599cdc404d85c01a4ade4349aa2c1d16 -> 
  custom:scripting/monoscript/fileName/PendingChangesViewPendingChangeMenu.cs: 561ad0f702e1db14300a4a5f810051f9 -> 9a6ef2277212bf26d647c7f12f946287
  custom:scripting/monoscript/fileName/ExperimentalProgramLimitReachedNotificationView.cs: 778011bc57396f004425edd4090715a3 -> 
  custom:scripting/monoscript/fileName/Device.cs: 8c74bf8177a596519ea442945147de53 -> 
  custom:scripting/monoscript/fileName/SignInPanel.cs: f7e82045994d4eefe3b021faa87b55c6 -> bac0318ce35e37bed3a2cc8137452435
  custom:scripting/precompiled-assembly-types:LiteDB: 89a8f94dee7a786c6853bd164e479e44 -> 
  custom:scripting/monoscript/fileName/ApplicationExtensions.cs: 72128436081c5def0b77c67ac90d8dfb -> 
  custom:scripting/monoscript/fileName/TargetActiveBlockContext.cs: 749a20e3e40ca57ec63a3b3b352a94b2 -> 
  custom:scripting/monoscript/fileName/DrawInspectorOperations.cs: 61c4a6a6507d8f84ef5bdf5cba3f0aee -> 8c94fe642e98309082411f46db89106b
  custom:scripting/monoscript/fileName/KabschSolver.cs: 078bc8e99e4a92396531fe1f910ad7a5 -> 
  custom:scripting/monoscript/fileName/RingBuffer.cs: 0cdf409b5aa8d4c25876d72b5c6a3b60 -> 
  custom:scripting/monoscript/fileName/Fields.cs: 89a0897e1a8d349f289d71dffb7cbcbc -> 
  custom:scripting/monoscript/fileName/VolumePriorityUsageAnalytic.cs: f4421683766a83f80b86e3a7cc1aa930 -> 
  custom:scripting/monoscript/fileName/DrawDirectoryResolutionPanel.cs: a77980eb09765fe85cd85d4a47964cf2 -> e4e3c9b4bc511687802b504b71016540
  custom:scripting/monoscript/fileName/CanvasPaintToolManipulator.cs: 90647cc400823b41df847a6cbfc29026 -> 
  custom:scripting/monoscript/fileName/DebugUIHandlerUIntField.cs: e7071b0a0284932a823580ea17c74515 -> 
  custom:scripting/monoscript/fileName/EditorUtils.cs: 1e069b0dfe4c0959c3699a830674d9f8 -> 
  custom:scripting/monoscript/fileName/ICloudBackground.cs: 0017a3c3e3896c6649a18e4112750fc0 -> 
  custom:scripting/monoscript/fileName/CloseWindowIfOpened.cs: d820344e932a12600b5fe6fb7e9f1563 -> ce229ef3b7461ff17e2c1af0695a6657
  custom:scripting/monoscript/fileName/PanTool.cs: 092010d74b4d01f9e56f1101c47a9b84 -> 
  custom:scripting/monoscript/fileName/ListBuffer.cs: 7fbe50df4560b7b832567f02372c6c63 -> 
  custom:scripting/monoscript/fileName/CameraUI.Drawers.cs: 62c57f7d7b389bcaceb7784588d4e5a2 -> 
  custom:scripting/monoscript/fileName/ShaderGraphToolbarExtension.cs: 92e3531256833aad58731360c1820f40 -> 
  custom:scripting/monoscript/fileName/SaveAssets.cs: e472a52843752df7d7ad4ca6b2c8da98 -> b56abea3d51c742ac29e4aec958afad6
  custom:scripting/monoscript/fileName/MaterialPreviewSelector.cs: a35e06cc27be4cc3ed1355814c930393 -> 
  custom:scripting/monoscript/fileName/ShaderSubGraphImporter.cs: 29c7ec564f47cfd85fa181f7d020bd1e -> 
  custom:scripting/monoscript/fileName/AppBuilder.cs: b479ec76de0db67e4ff7d691c2123eb7 -> 
  custom:scripting/monoscript/fileName/LightUnitSliderSettings.cs: 4a0e9a3cb6ab785443943c3271b2c3fc -> 
  custom:scripting/monoscript/fileName/AccountController.cs: 600b1a7a9ce1b69d9d5774e277838306 -> 
  custom:scripting/monoscript/fileName/CoreEditorStyles.cs: 965c685586909f768e0ab91ae1fb976d -> 
  custom:scripting/monoscript/fileName/CoreLightEditorUtilities.cs: c542d2bc76088ab6610016b0b3929f43 -> 
  custom:scripting/monoscript/fileName/XRBuiltinShaderConstants.cs: 7a525c353bab93f527868a08305e550a -> 
  custom:scripting/monoscript/fileName/AnchorableBehaviour.cs: a0d727d0d3bc7242e554a632f45fa31f -> 
  custom:scripting/monoscript/fileName/UpscaleImageResponse.cs: 6f238511a27ceba7772b28bdd4ac1387 -> 
  custom:scripting/monoscript/fileName/NoContactHand.cs: f3a3a21c77e146dfc4c369776648caf2 -> 
  custom:scripting/monoscript/fileName/RepositoriesListView.cs: 9f95c83dc460fb03fb0916472f14b8a7 -> 95287f65338ca0073ad04002a16eaaf7
  custom:scripting/monoscript/fileName/Painter.cs: b7249ddca51eb584c36cee36d1671d58 -> 
  custom:scripting/monoscript/fileName/PointerMoveEventExtensionsBridge.cs: 5d7b40b449d6de417258a7b462a82a5f -> 
  custom:scripting/monoscript/fileName/TriangleWaveNode.cs: 0245abb2363fcf6f71cd3e15165195af -> 
  custom:scripting/monoscript/fileName/AssetOperations.cs: 638daf61300bf6ad727538516d4fa3e2 -> 
  custom:scripting/monoscript/fileName/HandleMenuItem.cs: 740e54c5f6dca1acc88cad87af74b744 -> b4ad1ecc5243212c5967125ad5e41b1f
  custom:scripting/monoscript/fileName/LeapServiceProvider.cs: 6209774b58279929c49215448decae42 -> 
  custom:scripting/monoscript/fileName/MaterialEditorExtension.cs: 30b5a0e66ee1166b1c3046c4a276853b -> 
  custom:scripting/monoscript/fileName/SplitTextureTransformNode.cs: 3d220f038a5016425371524d56785c57 -> 
  custom:scripting/monoscript/fileName/ScreenResolution.cs: 5c975132cf4e36dcc261bd0acd604271 -> 7bb7bb5b955671820101b322f0a7bf3d
  custom:scripting/monoscript/fileName/MinimumNode.cs: 00e99bb6a46142058419ee46b41d066b -> 
  custom:scripting/monoscript/fileName/Response.cs: 2e3aea66b1698dc0d3c4a4ad5e1b9726 -> 
  custom:scripting/monoscript/fileName/CoreUnsafeUtils.cs: 218bf1410ffafbc47b09c0a2e4233c8b -> 
  custom:scripting/monoscript/fileName/ApplicationDataPath.cs: 8e4094e28762fb76a1baecfe90c6b65e -> 3e8c4ea8debfda8013fed860ac233d22
  custom:scripting/monoscript/fileName/Vector2PropertyDrawer.cs: 0c95c36ea3b3967cc23d1f1974f764fe -> 
  custom:scripting/monoscript/fileName/ResourceManager.cs: f0686c417ceda3f908c029dad3fbd36d -> 
  custom:scripting/monoscript/fileName/Date.cs: 0beac2edccb92a74058b45406bffc2d9 -> 
  custom:scripting/monoscript/fileName/TangentMaterialSlot.cs: 331116db364665d5c6f22e6742494084 -> 
  custom:scripting/monoscript/fileName/LensFlareDataSRP.cs: d74f03bc3bb215b784c9572cd65ec236 -> 
  custom:scripting/monoscript/fileName/PaintCanvasToolManipulatorUndo.cs: ba006b418a2dd50207a636700202a02f -> 
  custom:video-decoder-ogg-theora: a1e56fd34408186e4bbccfd4996cb3dc -> 
  custom:scripting/monoscript/fileName/ControlToolbar.cs: bce44eb26b05ba932b3ee39eeb4f431f -> 
  custom:scripting/monoscript/fileName/DebugManagerWindowLifetimeAnalytic.cs: 3ce2faf75da314d868bc1c0d02081f42 -> 
  custom:scripting/monoscript/fileName/DebugUIHandlerObjectPopupField.cs: 84f27d8b6feeb5688202c93006a3843b -> 
  custom:scripting/monoscript/fileName/RepaintInspector.cs: f134606300316994850c28a68d0cb5a3 -> 
  custom:scripting/monoscript/fileName/AbstractShaderProperty.cs: 42e575e3955fb1dbdd60d6406a9e54b7 -> 
  custom:scripting/monoscript/fileName/RuntimeGizmoToggle.cs: 8bcf049fc6b3f57243e4d47808afb6ea -> 
  custom:scripting/monoscript/fileName/LockStatusCache.cs: 5e3725e03dc21c716034553589a67eae -> e99b3f34c5cd3eb73ec19439af1f7f80
  custom:scripting/monoscript/fileName/LightAnchor.cs: f1d956c1809689cbbe49b265dc1bd27a -> 
  custom:scripting/monoscript/fileName/ProbeVolumePerSceneData.cs: 0fd442e730c2b418b3169b6f17bce4b8 -> 
  custom:scripting/monoscript/fileName/CommentEditor.cs: 5f01d0194ecf99a1c975227b47dfb9c4 -> 
  custom:scripting/monoscript/fileName/DiffTreeView.cs: 68195907d129ef826aa6b6df7202696d -> 49f46fd2a65ea674a218eead75f27aac
  custom:scripting/monoscript/fileName/DependenciesDialog.cs: 82d30fc8d5e1a73ec0d1ee9acc00fbc2 -> c8902186ab2f4e6471b5dd147afb01b6
  custom:scripting/monoscript/fileName/ChangesetListViewItem.cs: 95a197949f1e777703db60eea8cc21b3 -> d742a4910e302777daa1ccb9c8e92cb9
  custom:scripting/monoscript/fileName/DisableIf.cs: 1fd6e90f57f50d7f74055de8401c65bf -> 
  custom:scripting/monoscript/fileName/StyleTrainerProjectDataEditor.cs: 4bd0ab6b4e085b67e7eb63fe2062e50d -> 
  custom:scripting/monoscript/fileName/LocksViewMenu.cs: fda08381fa9abca53b6eaf3bf55f14f8 -> 186d8514e824865b191ba1829afe4b33
  custom:scripting/monoscript/fileName/MuseShortcuts.cs: 590ae4dc62a6a5b31c7b23b1facd42f8 -> 
  custom:scripting/monoscript/fileName/Searcher.cs: a4f4d5fb16fcfd800008a6d88fde8b99 -> 
  custom:scripting/monoscript/fileName/SRPFilterAttribute.cs: b14802714943f1789bd2326034639ecb -> 
  custom:scripting/monoscript/fileName/TrialExpiredNotificationView.cs: 69e9ef7db1effea284cd0c8b96593c7d -> 
  custom:scripting/monoscript/fileName/GraphConcretization.cs: e2f79c65340ccfe3db9c0a87b99dbfce -> 
  custom:scripting/monoscript/fileName/MenuItems.cs: 02458b03504b169034c7698e9b362ea3 -> 
  custom:scripting/monoscript/fileName/IncomingChangesViewMenu.cs: 832662bce0cd8edd53cba36a0dd96da0 -> 13196979a03411533716f6775c9a624b
  custom:scripting/monoscript/fileName/VolumeComponentProvider.cs: 10db6aa0f51474b761a318e5783b37dd -> 
  custom:scripting/monoscript/fileName/QueryVisualElementsExtensions.cs: 75ea535788abf9c38ba9341c984a6241 -> a49740b6efbb934f55475cc70b864a4c
  custom:scripting/monoscript/fileName/ShaderGroup.cs: 446b571d990051314b1a10a4db8f161f -> 
  custom:scripting/monoscript/fileName/EditorPrefBool.cs: 0eb8256aee55d6197550a4587789436f -> 
  custom:scripting/monoscript/fileName/BuiltInStructFields.cs: 80123e9f6f5c09be06ec818051a93154 -> 
  custom:scripting/monoscript/fileName/SampleRawCubemapNode.cs: 7a00e8c537ab9e661a34a7953398e3fe -> 
  custom:scripting/monoscript/fileName/FactorSliderFloat.cs: 86ac76eaa7f3dd0edd864ea42c120ec3 -> 
  custom:scripting/monoscript/fileName/StructMarshal.cs: 0cdf409b5aa8d4c25876d72b5c6a3b60 -> 
  custom:scripting/monoscript/fileName/DebugUIHandlerCanvas.cs: 31e737ff99425a6ffe83d2ab5fa134b2 -> 
  custom:scripting/monoscript/fileName/ShaderInputViewController.cs: 28fb75e025f29727345eda9ba0968ce5 -> 
  custom:scripting/monoscript/fileName/TextArea.cs: f97569ab8bee09eb0780c3b61b2f31cc -> 
  custom:scripting/monoscript/fileName/Vector1MaterialSlot.cs: b992bf5e19631cddcc420202c95b063c -> 
  custom:scripting/monoscript/fileName/IDataProvider.cs: 5808751ea91fae8ce97496dac34e4cee -> 
  custom:scripting/monoscript/fileName/SampleTexture2DArrayNode.cs: 8898f303e12e1525bb0ea94e8c59c416 -> 
  custom:scripting/monoscript/fileName/OperatorsFactory.cs: 8dca1d83f88c098e2de5647023d24aa3 -> 
  custom:scripting/monoscript/fileName/ValidateTrainingParametersTask.cs: a74328793b334749e97837643fcecde7 -> 
  custom:scripting/monoscript/fileName/GraphValidation.cs: e2f79c65340ccfe3db9c0a87b99dbfce -> 
  custom:scripting/monoscript/fileName/Model.cs: bb54f90838b10d16ae985d74455b30c0 -> 
  custom:scripting/monoscript/fileName/AdditionalCommandDescriptor.cs: f7496a649f992e98133fb753e75675fe -> 
  custom:scripting/monoscript/fileName/HandUtils.cs: 513f6dcab2cfab1908021f0c678b36a4 -> 
  custom:scripting/monoscript/fileName/CodeFunctionNode.cs: 38444eba90d07ddf2880f29697ff4780 -> 
  custom:scripting/monoscript/fileName/CustomInterpolatorUtils.cs: 839e2c51a064a3ca26abcb40c928f777 -> 
  custom:scripting/monoscript/fileName/XRLeapProviderManager.cs: 74e7041480b58fb007ac05a39a73ebbe -> 
  custom:scripting/monoscript/fileName/UIToolkitAppBuilder.cs: 90647cc400823b41df847a6cbfc29026 -> 
  custom:scripting/monoscript/fileName/RawRenderQueue.cs: f3ffd93304d94bf6af6882edf3185a1e -> 
  custom:scripting/monoscript/fileName/ProbeReferenceVolume.Debug.cs: ce7af842f655217bfe1e343b7cb3c40b -> 
  custom:scripting/monoscript/fileName/ColorRGBMaterialSlot.cs: 9c0a536df13dcf6276c2961d9088a844 -> 
  custom:scripting/monoscript/fileName/CustomRenderTextureTarget.cs: ffc3cfb4ff9e382a9f64823f3a67a6b9 -> 
  custom:scripting/monoscript/fileName/ProbeReferenceVolume.cs: f98a78965a2b77c016e6f993be5079a2 -> 
  custom:scripting/monoscript/fileName/SliderNode.cs: 373ccdbe736381561cdadc723643c69a -> 
  custom:scripting/monoscript/fileName/WriteLogConfiguration.cs: 1a8401f47b522f631a3dc005105719f5 -> 1589212d1638ae91a029ea3ddf9999f2
  custom:scripting/monoscript/fileName/WindowsNativePluginImpl.cs: 3ec1c7461d3f4fe1a5b050aae98f717d -> 
  custom:scripting/monoscript/fileName/CameraUI.Rendering.Skin.cs: ea37b571f4b5213ec876c626bae4a6c0 -> 
  custom:scripting/monoscript/fileName/SampleTexture3DNodePropertyDrawer.cs: 785ce8fac288c5de4a7ed5c6aa5a6927 -> 
  custom:scripting/monoscript/fileName/VisualElementUtility.cs: 7d88470305e0bf18eb683ff6709fbdab -> 
  custom:scripting/monoscript/fileName/HdriProvider.cs: 678c4eb3b812942997175170a3436cd5 -> 
  custom:scripting/monoscript/fileName/OperatorOverrideInterface.cs: 13c431eb0d82e5774fdbf6a3366867ea -> 
  custom:scripting/monoscript/fileName/InputLabel.cs: 49b863d615896dcc083798bf3d046079 -> 
  custom:scripting/monoscript/fileName/CoreRenderPipelinePreferences.cs: 261df03ec4a8363d2beb4d8a8686bcae -> 
  custom:scripting/monoscript/fileName/GraphDataPropertyDrawer.cs: 02ed6a1ef125cd5a6a59d73db76e828c -> 
  custom:scripting/monoscript/fileName/XRLayout.cs: 304c64513102d54c76ccaa31ddaef53f -> 
  custom:scripting/monoscript/fileName/Chunk_eXIf.cs: 602f9ba7645d0c2f4c09597b59ee716b -> 
  custom:scripting/monoscript/fileName/GradientMaterialSlot.cs: 594e2d42e89b12ea00965c63dc06cd3e -> 
  custom:scripting/monoscript/fileName/DrawTextBlockWithEndLink.cs: 1cc3e67c46bd397f9508f124a3366994 -> 
  custom:scripting/monoscript/fileName/SceneReadmePingEditor.cs: 9b3c7e16e775002f9f8347887173b54f -> 
  custom:scripting/monoscript/fileName/StyleTrainerProjectEvents.cs: 9ed25d1349c6d954fba97e35011ba51f -> 
  custom:scripting/monoscript/fileName/FileSystemOperation.cs: c31a686e69e66801c204a11be56c950a -> f0ccbe91654279794a85bf6f1c034716
  custom:scripting/monoscript/fileName/IHasCustomDeprecationMessage.cs: 9768b9d067ed58d17066e455fc70a3fc -> 
  custom:scripting/monoscript/fileName/SceneRenderPipeline.cs: d9c9d6e82e7593e0669c18908137e969 -> 
  custom:scripting/monoscript/fileName/FlipbookNode.cs: 477ae09c48175148c8b62a153489d909 -> 
  custom:scripting/monoscript/fileName/CapsuleHandEditor.cs: 83e203519fd97d113728af2fac13955e -> 
  custom:scripting/monoscript/fileName/DropTarget.cs: 90647cc400823b41df847a6cbfc29026 -> 
  custom:scripting/monoscript/fileName/ShaderGeneratorMenu.cs: fb26803cd4e0e59f48750b632e730d5d -> 
  custom:scripting/monoscript/fileName/InverseLerpNode.cs: 3dcd936c6d97165b85188042a88b5049 -> 
  custom:scripting/monoscript/fileName/MigrateCollabProject.cs: af93695e471d9c8e4ad014c4165f2c3c -> 9f3487f03a783b35518405572f20ac9e
  custom:scripting/monoscript/fileName/AnalyticsUtils.cs: de4aa1897372684d3a67ac55d8fc7edf -> 
  custom:scripting/monoscript/fileName/CustomTextureSubTarget.cs: 6c544e28901053c6073bd2140cc5d64a -> 
  custom:scripting/monoscript/fileName/NegativePromptOperator.cs: 815defebcf819975cfdee9c085c7ad50 -> 
  custom:framework-win-MediaFoundation: 216162199b28c13a410421893ffa2e32 -> 
  custom:scripting/monoscript/fileName/HashFNV1A32.cs: e1eafe584e04fd2d8eca3c7d6ce37260 -> 
  custom:scripting/monoscript/fileName/ReorderableTextListView.cs: 90647cc400823b41df847a6cbfc29026 -> 
  custom:scripting/monoscript/fileName/PopupControl.cs: ea84f734416de5354b572e81c8380c24 -> 
  custom:scripting/monoscript/fileName/ProgressControlsForViews.cs: 7d677c6df38ab15cf390062b5b0bb854 -> a8a18a90f46aa63848e1e45d8d7ff9af
  custom:scripting/monoscript/fileName/NormalUnpackNode.cs: 9f4443d72a9358644b32892b5bf99254 -> 
  custom:scripting/monoscript/fileName/VolumesPreferences.cs: e79f4487bbdf3e6d15ac23fcb3663418 -> 
  custom:scripting/monoscript/fileName/BaseVisualElement.cs: 41f13541a96f1482e6b79a5f3f2996be -> 
  custom:scripting/monoscript/fileName/TextContent.cs: e0d2ee591009ed5092e3bd11649e47e0 -> 
  custom:scripting/monoscript/fileName/MultiJsonEntry.cs: 09952a61d6af0c01cb89b491bf9630da -> 
  custom:scripting/monoscript/fileName/StyleTrainerBackend.cs: c5e86cc9357cd629edd6e7f978c853c6 -> 
  custom:scripting/monoscript/fileName/SerializedPropertyExtension.cs: 7e5b8f797752552513c16dcc873748fb -> 
  custom:scripting/monoscript/fileName/VisualElementNotFoundException.cs: fb75b149ee57566da550ff39c6056721 -> 
  custom:scripting/monoscript/fileName/ComparisonNode.cs: 40a113968df3c5bd55837e4b01fcf27f -> 
  custom:scripting/monoscript/fileName/ProjectWindow.cs: c62567a3d71fd74636bc783de5162474 -> 
  custom:scripting/monoscript/fileName/Spacer.cs: 3fac01231831dde4228ef3b592ed0a32 -> 
  custom:scripting/monoscript/fileName/DrawAssetOverlay.cs: 04a46044def089f0abcdafdd281e3646 -> 
  custom:scripting/monoscript/fileName/KeywordCollector.cs: 66e00f4fade8976e4e7f99d3932a55f6 -> 
  custom:scripting/monoscript/fileName/Structs.cs: 4661defcb035e4ae0bd6539bbf7f29ed -> 
  custom:scripting/monoscript/fileName/MultiplyNode.cs: 6e0ca95900a8a046dac52d231151c7f9 -> 
  custom:scripting/monoscript/fileName/ImageArtifact.cs: f7bc8b0448a31df1f755dd0699bb7a5a -> 
  custom:scripting/monoscript/fileName/MergeLinksListView.cs: 826afb5fb5988163105086b4bf5027af -> c9488671ae9b14523680d0c19097baa0
  custom:scripting/monoscript/fileName/DebugUIHandlerVector4.cs: e730343de3ee7ffd5c7a036565d9bcc8 -> 
  custom:scripting/monoscript/fileName/NormalStrengthNode.cs: 99109f8af9ae2d140989247edac67eb3 -> 
  custom:scripting/monoscript/fileName/AbstractMaterialNode.cs: 3c4d685e0bc44f5afe406469148ac3a8 -> 
  custom:scripting/monoscript/fileName/DDXYNode.cs: f36160f249ab10fe09fe07b6620869d3 -> 
  custom:scripting/monoscript/fileName/UIMode.cs: 2415fdbccff4354abf9f31a999cc989f -> 
  custom:scripting/monoscript/fileName/ListViewItem.cs: 326c5eabddf9864b78868a6434ac78ec -> 
  custom:scripting/monoscript/fileName/TextureBrushTool.cs: 0554f06d76ed83bb34131f53ce23a6e8 -> 
  custom:scripting/monoscript/fileName/DebugUIHandlerButton.cs: 61c34d26760a8cefe50db9d4d4ab21ce -> 
  custom:scripting/monoscript/fileName/LightUI.Drawers.cs: 897b0afb82258a548946ddf4a7dc971e -> 
  custom:scripting/monoscript/fileName/DateField.cs: feb77a736081aab70ed63fef69c00497 -> 
  custom:scripting/monoscript/fileName/PBRMasterNode1.cs: 19303b083f3a653f7d58a1189b558540 -> 
  custom:scripting/monoscript/fileName/SizeIntField.cs: 9546cd4aad2707a7147cb9095f6d4998 -> 
  custom:scripting/monoscript/fileName/BuiltinKeywordAttribute.cs: b31a81566d4b9d26acf758abb061d4a6 -> 
  custom:scripting/monoscript/fileName/EditorProgressBar.cs: 7418be9b22aaea32732f8a5f49569d1c -> 08c2f2b90ef64df631d46389f0e22c8e
  custom:scripting/monoscript/fileName/RGBANodeOutput.cs: 1684b9c1a02fc22a5e91d34e3e2845e4 -> 
  custom:scripting/monoscript/fileName/Finger.cs: db7436df299dfbd90ae6aad46e6d2945 -> 
  custom:scripting/monoscript/fileName/SerializableTexture.cs: 681712cf30ac205eead483426b4a1921 -> 
  custom:scripting/monoscript/fileName/VertexColorNode.cs: eb8b72fefc396e9476206c81447fae42 -> 
  custom:scripting/monoscript/fileName/AssetMoveWatcher.cs: 991a20307c8f2e2fd790c7e7090bf607 -> 
  custom:scripting/monoscript/fileName/UnityObjectPicker.cs: 1386fe52bb314421e24752c4dc9a06e5 -> 
  custom:scripting/monoscript/fileName/PhysicalHandsSliderHelper.cs: cbbcf9ad3b2888f20949662a86f7419a -> 
  custom:scripting/monoscript/fileName/Quote.cs: a6081a86d957003ed19b1bd4df965477 -> 
  custom:scripting/monoscript/fileName/TrainingSetModelEvents.cs: aafb6a0b20b0bb274b299bb897da8904 -> 
  custom:scripting/monoscript/fileName/TrainingData.cs: 4cedb5329c658f84d99303ddf63aec13 -> 
  custom:scripting/monoscript/fileName/ArtifactNode.cs: 0f53defbb70ed19f2f61da31385e9b88 -> 
  custom:scripting/monoscript/fileName/RenderGraphResourceComputeBuffer.cs: dd25b3a8a214d271176542c4610b14a2 -> 
  custom:scripting/monoscript/fileName/PropertyNode.cs: 4ae4c00562af71cf9b803fcb674340a3 -> 
  custom:scripting/monoscript/fileName/ColorMaskNode.cs: b0d439257ab9d5bcc65bc5c6cfae8224 -> 
  custom:scripting/monoscript/fileName/MeasureMaxWidth.cs: cd9322680ae61d38397008451b7ed0ed -> 1569e3f1dad91a9b01cba66ab6aa30b0
  custom:scripting/monoscript/fileName/StyleModelList.cs: 925249c69604c6d79a493ec3321430cc -> 
  custom:scripting/monoscript/fileName/Texture2DArrayMaterialSlot.cs: cfd69d4e9ba4e76b2505b371edfe6d4f -> 
  custom:scripting/monoscript/fileName/ReorderableSlotListView.cs: 89c7e28f4ec7056d42ef199e11a6ef08 -> 
  custom:scripting/monoscript/fileName/ISizeableElement.cs: 33d3bde9f881b02e6aaf697c08c974cf -> 
  custom:scripting/monoscript/fileName/MaterialInspectorView.cs: 7e7434fc98bf896d1f7ace0431a14945 -> 
  custom:scripting/monoscript/fileName/SlotValue.cs: 67d58cf72e626fc76649dbd0fe4680b3 -> 
  custom:scripting/monoscript/fileName/ArtifactExtensions.cs: 2f097918603125212876c397b77eb192 -> 
  custom:scripting/monoscript/fileName/UserColors.cs: bf46de9ed288097d88c95c1f06a91caf -> 
  custom:scripting/monoscript/fileName/MousePositionDebug.cs: 5887a423cdfd2ef6af1f8a0932fb76e5 -> 
  custom:scripting/monoscript/fileName/IncludeDescriptor.cs: c88869f9cbc6f2a7f4092c431f3bee5b -> 
  custom:scripting/monoscript/fileName/IconHelper.cs: 468927bb450b54907c4b9ee9e81a083a -> 
  custom:scripting/monoscript/fileName/DebugUIHandlerFloatField.cs: 9a767a578a0218192c6245f5d8d0529a -> 
  custom:scripting/monoscript/fileName/EditorSpritePreferences.cs: 359f2cf230a507ca9eb5308c15a06acd -> 
  custom:scripting/monoscript/fileName/ImageVariationRequest.cs: 5b71d37b4ced9f4fa4aba0e9276a2834 -> 
  custom:scripting/monoscript/fileName/SingleExtensions.cs: c1bddaafd029f15a36d3f848ba08025c -> 
  custom:scripting/monoscript/fileName/KeywordCollection.cs: f7f7ff9c999b98272a701add594b3279 -> 
  custom:scripting/monoscript/fileName/ChangesetsListHeaderState.cs: 69fc4f1a2bc3782d7043ec48961a3616 -> fe1392f9b135da83e13fe8a5e5f39fc2
  custom:scripting/monoscript/fileName/ParentGroupChange.cs: 491de588c01804f87b9ba52123bb50be -> 
  custom:scripting/monoscript/fileName/PopupNotification.cs: 0cdf409b5aa8d4c25876d72b5c6a3b60 -> 
  custom:scripting/monoscript/fileName/MuseWindowTracker.cs: c07147d779a4bd270c651520b5071190 -> 
  custom:scripting/monoscript/fileName/Chunk_iTXt.cs: 92e0ead912a564f05af67238c8ebaffe -> 
  custom:scripting/monoscript/fileName/IMayRequireVertexColor.cs: 39d8dff5fa0b335fbc0de103479d2337 -> 
  custom:scripting/monoscript/fileName/TransformExtensions.cs: dbd2b7cbf5ed3973420ff60a11e58e84 -> 
  custom:scripting/monoscript/fileName/StencilExtensions.cs: a7db36dd290a745e21a258e68ca43f85 -> 
  custom:scripting/monoscript/fileName/NormalFromHeightNode.cs: cd1cc08323a7471dd418cc950a17df96 -> 
  custom:scripting/monoscript/fileName/MaterialHeaderScopeItem.cs: 15e77f97170e40eb9b4f71995e071f91 -> 
  custom:scripting/monoscript/fileName/PreviewElement.cs: ab4d4af569ec2144d51b33b804447d48 -> 
  custom:scripting/monoscript/fileName/TextToImageRequest.cs: 69542aab4ac947b24cf8befbdf3e52bb -> 
  custom:scripting/monoscript/fileName/FullscreenSubTarget.cs: 985b4bbd5425e43e4aa558a58393bbf2 -> 
  custom:scripting/monoscript/fileName/MainThreadDispatcher.cs: 68f6815e06a5ce58c0fb2b6cd99fa995 -> 
  custom:scripting/monoscript/fileName/DebugUIHandlerVector3.cs: cac992505629e655c98c5350599549ae -> 
  custom:scripting/monoscript/fileName/Matrix2Node.cs: e09158c31c4a574f4954e4a7672813f2 -> 
  custom:scripting/monoscript/fileName/ShaderInputPropertyDrawer.cs: 043006f49667f34ff5d1f6470deaed37 -> 
  custom:scripting/monoscript/fileName/EventServices.cs: 6229cafe96280844a3bf907e0592a7f4 -> 
  custom:scripting/monoscript/fileName/PendingChangesTreeHeaderState.cs: 7d278b5569d28437d07554a3bbb56e1b -> 5d7f70d142c9ac67864ec14950523d62
  custom:scripting/monoscript/fileName/ImageVariationSettingsRequest.cs: af7f367068b43933bf21aef2f9a44726 -> 
  custom:scripting/monoscript/fileName/FullscreenData.cs: c0d92c9989b2a53b398dec800cc3605f -> 
  custom:scripting/monoscript/fileName/IESImporter.cs: 6e3da015e76e870a21f7c6dc3efa4155 -> 
  custom:scripting/monoscript/fileName/ProbeBrickIndex.cs: e5b6f03771da821363681716a25ef393 -> 
  custom:scripting/monoscript/fileName/MissingEncryptionPasswordPromptHandler.cs: 7f5831fc8a41e9cadd84fcfd0e885072 -> 5d7b9646eb14a39b6d3d5bab19d266ff
  custom:scripting/monoscript/fileName/ChangelistMenu.cs: ca33bac56b3a337faa90a1b1bba632d6 -> c1bf5aeb760cc5eae584ea3944d6531b
  custom:scripting/monoscript/fileName/TargetUtils.cs: 333a156d0fb186d60e5317c3502637fc -> 
  custom:scripting/monoscript/fileName/NotificationBar.cs: d1a4cf5e8103d80fd25347275f906aa8 -> 50f1a85fa18d94338418def78dcd8543
  custom:scripting/monoscript/fileName/LightAnchorHandles.cs: 264a65bac2dc82b2f379459e789549b4 -> 
  custom:scripting/monoscript/fileName/UnityThreadWaiter.cs: dbd556f2802baab90a20da38c288d36c -> 99333406d92d10003984b4d1920de2f9
  custom:scripting/monoscript/fileName/BranchOnInputConnection.cs: 75397a9a4371077ce03aac03529f97dd -> 
  custom:scripting/monoscript/fileName/Matrix3ShaderProperty.cs: c1fd621c053452425644c809b69b5c6e -> 
  custom:scripting/monoscript/fileName/SquareBoxHandler.cs: f51b387b421e24615d4af4bc4c1614bb -> 
  custom:scripting/monoscript/fileName/VectorHand.cs: d4f424284308160a4d17d97836c59cdd -> 
  custom:scripting/monoscript/fileName/Matrix2MaterialSlot.cs: 93b6e87bdd33a71b4bfbaff3294fb80f -> 
  custom:scripting/monoscript/fileName/EditorWindowWithHelpButton.cs: 7615512044a09ac0b22677cf7e6564f0 -> 
  custom:scripting/monoscript/fileName/CredentialsDialog.cs: 179b5e49656a1623c2e79d838f0f5876 -> c785d5e40f8d66b7ef7ba04ee7c324e0
  custom:scripting/monoscript/fileName/TimedScope.cs: bf3d0d298d67ce31c0947db19da9f0f8 -> 
  custom:scripting/monoscript/fileName/SphereMaskNode.cs: d90ce48cae4e046a7a54d828910e4908 -> 
  custom:scripting/monoscript/fileName/AnchorPopupUtils.cs: a0584789c81f7f2d245326e3bebfa472 -> 
  custom:scripting/monoscript/fileName/DebugManagerWidgetUsedAnalytic.cs: cec7972a73f91023c3a95d5af1eaa641 -> 
  custom:scripting/monoscript/fileName/BaseArtifactCache.cs: 78ba67a07741bdd99c65c4dee258c39d -> 
  custom:scripting/monoscript/fileName/ExportHandler.cs: 1f8c2e2b9a25519d9a16ef0717256c8c -> 
  custom:scripting/monoscript/fileName/StringConstants.cs: 4dc223908517d89f5568f1bf4e9cfb06 -> 
  custom:scripting/monoscript/fileName/GetRestorePathDialog.cs: e21eb9983f0b989125951478cd5e9b35 -> 353d1126ca2d2063d5bdbd06806ffc08
  custom:scripting/monoscript/fileName/LightUI.Skin.cs: 570418b2eb18fb38d3dac62948c1bfd4 -> 
  custom:scripting/monoscript/fileName/IRectInterface.cs: aacdf0e3bc448efc0f435560577b612e -> 
  custom:scripting/monoscript/fileName/SGBlackboardField.cs: 585eb38cee0b6df385dc0300f8cc79a9 -> 
  custom:scripting/monoscript/fileName/UpdateReportListHeaderState.cs: 64a5bf775d221ad9a5ff8c78a1e0e1fa -> d6cbe54be2898ed2c96c2e79572c2e08
  custom:scripting/monoscript/fileName/SceneReadmePing.cs: 9b25e02b0229f3334982b3412c6ce1c6 -> 
  custom:scripting/monoscript/fileName/LocksListView.cs: 8c6202774eebcf67be9c3b5a2926cc7c -> 7aa51ff93bcc98aa05dec8b46ec200c4
  custom:scripting/monoscript/fileName/DownloadAndInstallOperation.cs: b043b8d5921892e87f4566e00162cff6 -> 4f4065aeafda2af0ec272a3c228e27b2
  custom:scripting/monoscript/fileName/OrNode.cs: 9782dc69ee68d31eed954cde967b1bf7 -> 
  custom:scripting/monoscript/fileName/DayPicker.cs: 3336c9057b1563f28e3d9c3a4250f8bf -> 
  custom:scripting/monoscript/fileName/ShaderDebugPrintManager.cs: 878035d2af0e822a777c15ace5361f02 -> 
  custom:scripting/monoscript/fileName/MigrationDialog.cs: 1a69d399f9c8aa816a053d285dd8bc5d -> 
  custom:scripting/monoscript/fileName/Anchor.cs: 92f81ef618fb83f66175ae6260a523e9 -> 
  custom:scripting/monoscript/fileName/ToggleControl.cs: 60d144dcba51798d3da8dbb18341ad2f -> 
  custom:scripting/monoscript/fileName/StartTrialResponse.cs: 4f89ea955d5f973884b90522d0e795e0 -> 
  custom:scripting/monoscript/fileName/ArtifactDragAndDropHandler.cs: e66449520ec138bdd53eec7634b6963c -> 
  custom:scripting/monoscript/fileName/Units.cs: 38daa0ea7a5f2c380de6e7a7c609ae24 -> 37c4edb88e9b56be5f2707f3667ee057
  custom:scripting/monoscript/fileName/BrushTool.cs: 0cdf409b5aa8d4c25876d72b5c6a3b60 -> 
  custom:scripting/monoscript/fileName/AsyncUtils.cs: 155ba1bf93fd0ef84c4a81a74ec7e9fb -> 
  custom:scripting/monoscript/fileName/GrabHelper.cs: 4541a9df053956b2156bf72af65deb25 -> 
  custom:scripting/monoscript/fileName/BookmarkManager.cs: d9e8641b6dd9d08743ab96743bebf8d2 -> 
  custom:scripting/monoscript/fileName/AssetsList.cs: 31d86d36f93c653f8720ba0424fb6e4f -> 
  custom:scripting/monoscript/fileName/DiffTreeViewMenu.cs: 3e62bfc69ca7486976988e151b88922e -> 8039fc4ecf68b3e966e1f4822789e7fa
  custom:scripting/monoscript/fileName/GradientEdge.cs: 81e0534ed426d5a7efc8cc1833300e37 -> 
  custom:scripting/monoscript/fileName/XRView.cs: 373d34f7d23b6980b61aef09e1a9d67d -> 
  custom:scripting/monoscript/fileName/ProfilingScope.cs: fe7bbf733eb633d739d6b231e7c0e0b5 -> faccdf064a44a2daaa0f0119bf865d8d
  custom:scripting/monoscript/fileName/GenerateLowerCaseStrings.cs: 8d64f621c9e8b7007dcbb267e8c822be -> 
  custom:scripting/monoscript/fileName/HandPoseValidator.cs: 372fe3f32029580835d71f4e57b03502 -> 
  custom:scripting/monoscript/fileName/UnityStyles.cs: 3baa02211be39820dbbec2a866a726db -> a77bf4c43409620cb9527bf40c7b31b2
  custom:scripting/monoscript/fileName/AssetVersion.cs: c0262ae848b4c268583fe7440af325ce -> 
  custom:scripting/monoscript/fileName/ColorMaterialSlot.cs: c9974e996e7b25a81a49eaea165db696 -> 
  custom:scripting/monoscript/fileName/SubTarget.cs: a3f994b931efdcf3d37d6bc087efae58 -> 
  custom:scripting/monoscript/fileName/CeilingNode.cs: c744213b34f40b0c63d08f9a48fefa53 -> 
  custom:scripting/monoscript/fileName/SerializationExtensions.cs: 0d0c499c61411a162f3c0b79e534e231 -> 
  custom:scripting/monoscript/fileName/SquareRootNode.cs: ae648ece4ec71d20cdc21077ea5ced73 -> 
  custom:scripting/monoscript/fileName/DebugManager.Actions.cs: 0a375f34ff2eff4c9a9b30e2b9c4fa38 -> 
  custom:scripting/monoscript/fileName/StructFields.cs: 873a2608dbe2a294cabca147bc1e6474 -> 
  custom:scripting/monoscript/fileName/HistoryTab.cs: 4d086984813cd90d6be245dd8e03a2ba -> d57f000c65fde42a2228c7a105a836e5
  custom:scripting/monoscript/fileName/HandModelManager.cs: cad9fb17855602ba5bd682b9d87f4527 -> 
  custom:scripting/monoscript/fileName/AnchorableBehaviourEditor.cs: ba3a76d98b8b36c320be49422caf1552 -> 
  custom:scripting/monoscript/fileName/RenderGraphResourcePool.cs: 341f54b84e13cb5332e31a59be8091d8 -> 
  custom:scripting/monoscript/fileName/ColorspaceConversion.cs: 3ac52b3dfff7b30791c4288e39cb54da -> 
  custom:scripting/monoscript/fileName/InstancingOptions.cs: da60cc1507ef72fc2fa9aa05bed3e83f -> 
  custom:scripting/monoscript/fileName/HistorySelection.cs: 7c3afcf345a55e8b77ea41ca0f570218 -> 3d07a3d1241e204b5420d71f1137eba4
  custom:scripting/monoscript/fileName/SGController.cs: 6ac971b1d1ee160f9776e5a9b10b35da -> 
  custom:scripting/monoscript/fileName/ShowWindow.cs: c731454122754eec192bc3c53fac3d95 -> a6bb1d20733c178256b38974418d7450
  custom:scripting/monoscript/fileName/CreateWorkspace.cs: 7b3086384e5ddcd73cd5064a3ce31cd2 -> 5256205b5cf0570b6f698c7abe518f5a
  custom:scripting/monoscript/fileName/AccountDropdownContent.cs: 4eee64192f1486edf0f7c526c4614d1a -> 
  custom:scripting/monoscript/fileName/LocksListHeaderState.cs: b80c5f044f18764adef2e9dbea5f0fb1 -> c7fe4d3b5f954615048f8e79925d29e3
  custom:scripting/monoscript/fileName/Artifact.cs: f9b3ce1896376c81c396ae4c652fdc60 -> 
  custom:scripting/monoscript/fileName/TrainingRoundsContent.cs: 541d8113a84b8e005f2a6624d5989a8f -> 
  custom:scripting/monoscript/fileName/PrecisionColors.cs: e3cfd602324c789797e01ffb5d67bc55 -> 
  custom:scripting/monoscript/fileName/SVSquare.cs: 1b432deb87fac92f80a0fe99a56c4ff8 -> 
  custom:scripting/monoscript/fileName/IncludeCollection.cs: 1c038cd7cb4bcef079611fca79cf38ce -> 
  custom:scripting/monoscript/fileName/CreateRepositoryDialog.cs: 1e1c5399cf3d0b071c7982c565a710ce -> 5cec3e66b09e0dbe1f805953c5c64af9
  custom:scripting/monoscript/fileName/SpritePreferences.cs: 60cded6df0fe684b8a08905a3ac238ff -> 
  custom:scripting/monoscript/fileName/ProgressControlsForMigration.cs: dafc8442bdd0dcb5e871e398f32473ec -> 
  custom:scripting/monoscript/fileName/RenameBranchDialog.cs: a3111a345c6451ee64cd16f1989c2313 -> e5c89c05c87517babb3730e87196a494
  custom:scripting/monoscript/fileName/ContactHand.cs: 11e4bbb850dcbbca2b105b2ade06f336 -> 
  custom:scripting/monoscript/fileName/ReflectionProbeNode.cs: 182d55271fe9b97a41f0167ca7e2fb89 -> 
  custom:scripting/monoscript/fileName/SimpleImageArtifact.cs: 03f41fbc7b8afabc190bf9bab6e49edc -> 
  custom:scripting/monoscript/fileName/Swizzle.cs: 0b3a0210a7cc34ae62cac85a59c9c8cc -> 
  custom:scripting/monoscript/fileName/Texture2DArrayInputMaterialSlot.cs: 3357b5df35fb9e2858362c78d19c544d -> 
  custom:scripting/monoscript/fileName/KeyCodeExtensions.cs: bc64d91ab9eab30889fb6bcd41dad5d0 -> 
  custom:scripting/monoscript/fileName/AddNode.cs: 99a7d5a15d18be29ef0817e1cc4abf40 -> 
  custom:scripting/monoscript/fileName/EncryptionConfigurationDialog.cs: 6423045767c07e6360ff314ec741c601 -> 19e9c54aff6ffc68d60fe11f80578947
  custom:scripting/monoscript/fileName/DielectricSpecularNode.cs: fa592a1c315a9037d8b23600c4338708 -> 
  custom:scripting/monoscript/fileName/IApp.cs: 67d80403cf6549b9afa9c4656bcee33d -> 
  custom:scripting/monoscript/fileName/OutputMetadata.cs: 3ff85b993b3bd129934f2a951181d982 -> 
  custom:scripting/monoscript/fileName/AbstractMaterialNode0.cs: c1380a255463575644bce9bc9f459bfc -> 
  custom:scripting/monoscript/fileName/MuseModeAsset.cs: b9a420f824c31b3edcda0befabdedc15 -> 
  custom:scripting/monoscript/fileName/Logging.cs: dd3d661ffaebba62958d74f71aff62b2 -> 
  custom:scripting/monoscript/fileName/SubscriptionExpiredNotificationView.cs: a3fd2efc2c58564ef6bad16f60c918dd -> 
  custom:scripting/monoscript/fileName/BlackboardCategoryController.cs: 3eb54254a3b9bee318b1b43744f0e832 -> 
  custom:scripting/monoscript/fileName/VolumeParameter.cs: 005432ce47891dd47f1826e5449dafc6 -> 
  custom:scripting/monoscript/fileName/ChangingEvent.cs: 52294d215f73118153766794d56d2473 -> 
  custom:scripting/monoscript/fileName/SimpleNoiseNode.cs: faad7eaafa61b443ff96be8eb718c485 -> 
  custom:scripting/monoscript/fileName/GraphData0.cs: 4e5874440c7e3df8ae6441d1bfc7d8db -> 
  custom:scripting/monoscript/fileName/EnumPropertyDrawer.cs: ab52acf746d4ae1e3c1dbf50d9edd711 -> 
  custom:scripting/monoscript/fileName/Texture2DAtlasDynamic.cs: 31643daeb9958a0a8cdbf55cdb90144f -> 
  custom:scripting/monoscript/fileName/RefDataEnumerable.cs: 0cdf409b5aa8d4c25876d72b5c6a3b60 -> 
  custom:scripting/monoscript/fileName/CheckinProgress.cs: 298ac58365579798eb3b4defc181ccaf -> 75b93dbc5ef307111f0647f735640420
  custom:scripting/monoscript/fileName/RenderPipelineUtils.cs: 360f0663fcb7d100aa69df48bf3c9c97 -> 
  custom:scripting/monoscript/fileName/MaterialRefineView.cs: f4b4052fae6377f28d7dc0c4cab6e5b4 -> 
  custom:scripting/monoscript/fileName/IMusePreferences.cs: abae60b8cbff56f74d04b9e75189e040 -> 
  custom:scripting/monoscript/fileName/Toggle.cs: 017904334519ba6715a1a15f6aaaacc0 -> fc59b554e8aca13c5f78dc9bb5f2dcbb
  custom:scripting/monoscript/fileName/BlackboardViewModel.cs: d569dd3e5950f2026366f406ef038587 -> 
  custom:scripting/monoscript/fileName/GenerateOperatorUI.cs: 8b7f80ad8efd8c599e6417e8b8454481 -> 
  custom:scripting/monoscript/fileName/ProbeVolumePositioning.cs: c1e4bbbf7b8a1ee4380c4c0893d787c8 -> 
  custom:scripting/monoscript/fileName/PageView.cs: b6575a0cd18fba497277a29259801e70 -> 
  custom:scripting/monoscript/fileName/PbrMapGeneratorJob.cs: 92a94fefd1ad1a6b5d3d66339fe8e9bb -> 
  custom:scripting/monoscript/fileName/TouchSliderFloat.cs: 3e57afb4e5b2b34607b95cbe35359ce8 -> 
  custom:scripting/monoscript/fileName/Modal.cs: ac4f1ddb04edb0dd87aee595e7480a25 -> 
  custom:scripting/monoscript/fileName/PositionMaterialSlot.cs: 5afb2c710415cb30297af7a2f2c03aa4 -> 
  custom:scripting/monoscript/fileName/AdditionalPropertiesPreferences.cs: 3198283b161ec5304674eb4bc14c27c6 -> 
  custom:scripting/monoscript/fileName/DegreesToRadiansNode.cs: fe4aa751b90507ff58846f4f3a07181d -> 
  custom:scripting/monoscript/fileName/PendingChangesSelection.cs: 766664749a54eea9ecce5dff917430ef -> 1721ad72d074757364587c71b49d9382
  custom:scripting/monoscript/fileName/MaterialPreviewSceneHandler.cs: 6e6d28ddcc566d62837ba66db20879fd -> 
  custom:scripting/monoscript/fileName/TextureSamplerState.cs: fa032aa80d2b589cd23cc43cf2d3df49 -> 
  custom:scripting/monoscript/fileName/ProbeVolumeEditor.cs: 22592b55d4ac0e101bb581b172a6eba4 -> 
  custom:scripting/monoscript/fileName/ArtifactData.cs: 2b8227e2d001a0449d584e15a3844f28 -> 
  custom:scripting/monoscript/fileName/Vector2Field.cs: 6b17e9437443e0cbb2f04b30e343c6d5 -> 
  custom:scripting/monoscript/fileName/SampleTexture2DLODNode.cs: b90e79ac0535e770229358ec9dd0b24d -> 
  custom:scripting/monoscript/fileName/StackPool.cs: 90647cc400823b41df847a6cbfc29026 -> 
  custom:scripting/monoscript/fileName/FieldDependency.cs: 016807e5ad00ead7a39b332a06dfb49a -> 
  custom:scripting/monoscript/fileName/Handler.cs: 37a2fd607c6ff4883384408b7183ae79 -> 
  custom:scripting/monoscript/fileName/StyleModelEditorUIEvents.cs: 3c685096cfeb812484068abc2178cceb -> 
  custom:scripting/monoscript/fileName/CanvasManipulator.cs: 51c58ff48bcc2da62ab8258b844bf1e9 -> 
  custom:scripting/monoscript/fileName/PhysicalHandEventsEditor.cs: b1ba163e06c3f526400417b60ab91aea -> 
  custom:scripting/monoscript/fileName/MaterialGeneratorUtils.Jobs.cs: e051205dad2cfdcbc65a83de5cdb81ab -> 
  custom:scripting/monoscript/fileName/DebugManager.cs: b5b6c6e0a3a5071aac556c096ee98154 -> 
  custom:scripting/monoscript/fileName/MultiIntegerSlotControlView.cs: c5970743598a387d4bf9d88c87de6154 -> 
  custom:scripting/monoscript/fileName/MuseModeImporter.cs: 056ea6e19325cb40b7a8ce2d477ebdbd -> 
  custom:scripting/monoscript/fileName/MetalReflectanceNode.cs: a291dc3bbf72397a92ee33543879e80d -> 
  custom:scripting/monoscript/fileName/DebugUIHandlerPersistentCanvas.cs: 881cb6da0581e458cc1d1b1032615074 -> 
  custom:scripting/monoscript/fileName/Utils.cs: bc1e2299af153b91ed82798eb25359d1 -> 40c528c300bfc0733192292a788cb076
  custom:scripting/monoscript/fileName/ShaderStrippingWatcher.cs: d0483b6d92c8f2a1338f54ef985e87c0 -> 
  custom:scripting/monoscript/fileName/ShaderSubGraphImporterEditor.cs: 06566c8d3e116836ac6e23527398c9da -> 
  custom:scripting/monoscript/fileName/LongField.cs: e1e7f73a20df11b5b5836a08d4ef0814 -> 
  custom:scripting/monoscript/fileName/TextAreaCount.cs: 246c29ebce272a035a405afe611bd2d8 -> 
  custom:scripting/monoscript/fileName/HierarchicalSphere.cs: 33dd18c9974f4503485d40564984db28 -> 
  custom:scripting/monoscript/fileName/CreateShaderGraph.cs: 165435789e1010305b59dbe9987d16f9 -> 
  custom:scripting/monoscript/fileName/HandBinderData.cs: b6f8be1fc9e9d40611d6bc7395dd34b1 -> 
  custom:scripting/monoscript/fileName/GenerationAPIAttribute.cs: fca5e4c4754178ef8c2272b3502b7966 -> 
  custom:scripting/monoscript/fileName/MaterialQuality.cs: 3003f4dff6b765b397e8ebcb0d3b0b85 -> 
  custom:scripting/monoscript/fileName/AOCache.cs: b4fceafc116b9c9cdaec3ad8e7b592ef -> 
  custom:scripting/monoscript/fileName/LoadAsset.cs: 9042eb334fc462cf466672445be1d4c2 -> 5e4e082aa5b21c13b80eb237fe94d00b
  custom:scripting/monoscript/fileName/ProbeTouchupVolume.cs: 7d25ed5e4fbf70734e71aa6ded08ab86 -> 
  custom:scripting/monoscript/fileName/AsyncRelayCommand{T}.cs: a78b7dd3235f68e176b91d4ce37350d3 -> 
  custom:scripting/monoscript/fileName/VolumeAdditionalGizmo.cs: f9ee2381d7eba89616f0b6172a4f1461 -> 
  custom:scripting/monoscript/fileName/ExponentialNode.cs: 6ef769ab4df38ec70175dc27d2fb2300 -> 
  custom:scripting/monoscript/fileName/Images.cs: 0b0c14141950fed99e3ef33199b3b4c9 -> fbdd1e600315d249327f3effde045c9d
  custom:scripting/monoscript/fileName/DrawLocksListViewItem.cs: ce3a3d64ec2d84c3556ffd4141efc4f7 -> 6201c4d50383e970d554210505562d37
  custom:scripting/monoscript/fileName/SpriteRefinerBackend.cs: 84bf89c12de06aee628b7f464eca7a0f -> 
  custom:scripting/monoscript/fileName/ResizeSideHandle.cs: c628b98303f6122a4cf4c38b9ce4270a -> 
  custom:scripting/monoscript/fileName/DrawProgressForOperations.cs: ea9179848be98ee7719316b39339ef29 -> b544f18e6532ba53bbd1b691fa5cd571
  custom:scripting/monoscript/fileName/TrackpadGestureManipulator.cs: 58b1136f367f60be8c53e52c844a3d03 -> 
  custom:scripting/monoscript/fileName/ProbeVolumeUI.Drawer.cs: 87e9c7910750af1fd635a31a863f013b -> 
  custom:scripting/monoscript/fileName/RenderGraphResources.cs: 37061c2f5f7894143beb9c0e77e39e55 -> 
  custom:scripting/monoscript/fileName/ClientDeprecatedNotificationView.cs: 353ae66bc3f592131011ced583c4dee0 -> 
  custom:scripting/monoscript/fileName/GradientControl.cs: 323bfe3fc3fc416107ea053b9a7c8b0c -> 
  custom:scripting/monoscript/fileName/SubtractNode.cs: 6ffd21b973bc26a88645a8d6bb37479c -> 
  custom:scripting/monoscript/fileName/SerializableMesh.cs: 33a42fba66be740a4dd92deeb80ba186 -> 
  custom:scripting/monoscript/fileName/SliderInt.cs: 15d5dd9c532a4e4102831f3b424ae31e -> 
  custom:scripting/monoscript/fileName/GraphObject.cs: 495846df814ac129cd979629710b945d -> 
  custom:scripting/monoscript/fileName/CategoryColors.cs: d938da63573f09f3a227826d72f06942 -> 
  custom:scripting/monoscript/fileName/ViewSwitcher.cs: 4df4bf16a6790d08087362d43c346234 -> dd1f6d6bc6ad5beda69b13cdb560799f
  custom:scripting/monoscript/fileName/SpriteGeneratorBackend.cs: 6bf3da9ab2fc01add511d63ba5dc7c5e -> 
  custom:scripting/monoscript/fileName/RepositoryListViewItem.cs: 2f16ba7694ec7934685021093e722c4e -> 3cabcd81911a2500dcd9e2b6ffae3f00
  custom:scripting/monoscript/fileName/InspectorAssetSelection.cs: 71ba78e42827a9b22a9a6016733d756f -> 4b3c1ae4c44d88205aef26229acfe022
  custom:scripting/monoscript/fileName/LengthNode.cs: a498f3332cd1fd8e9ab8769b7fc090ec -> 
  custom:scripting/monoscript/fileName/RenderGraphLogger.cs: 1f7cedd928b1794552eeaf5ac375607b -> 
  custom:scripting/monoscript/fileName/LensFlareEditor.cs: 7141c522ebf9958bfe3c3bbc28b1f213 -> 
  custom:scripting/monoscript/fileName/ISelectableElement.cs: 550dbbfaa6f508cb3e546e5270ea56a9 -> 
  custom:scripting/monoscript/fileName/DefaultControl.cs: 9cb08b21926893ba69a3ff12dad8fa5b -> 
  custom:scripting/monoscript/fileName/StickyNoteData0.cs: a54c1a2c1fbfd6cc4737a0e8c187342f -> 
  custom:scripting/monoscript/fileName/UVCPackageVersion.cs: c4d95cb84d9d8dff4727eba6b0a64378 -> 
  custom:scripting/monoscript/fileName/IncomingChangesTreeHeaderState.cs: 67923e7c73743bbc0577bc7d884f3ba2 -> 9fcb97ef2da44c66332f5c6800c2e6ed
  custom:scripting/monoscript/fileName/TextureArraySlotControlView.cs: 9daed598b0443ebcf7a9613203390d04 -> 
  custom:scripting/monoscript/fileName/DefaultShaderIncludes.cs: c799633db67ccea2f71847c02d7df1ba -> 
  custom:scripting/monoscript/fileName/TextureXR.cs: b45ac17e1af7c719bc92462d9967f047 -> 
  custom:scripting/monoscript/fileName/RenderPipelineGlobalSettingsUI.Drawers.cs: 0679449e826e891c094dc0e864842b41 -> 
  custom:scripting/monoscript/fileName/Vector4ParameterDrawer.cs: 56131359163895f44318af914b8db51e -> 
  custom:scripting/monoscript/fileName/TimeUtils.cs: 969b6b65df9eb2062c5034c63a4433d1 -> 
  custom:scripting/monoscript/fileName/HDROutputUtils.cs: 9438361ffa1f27efae2239670b2b02ee -> 
  custom:scripting/monoscript/fileName/KeywordDescriptor.cs: 3ead088fab00afaf0f68e50aba69dac0 -> 
  custom:scripting/monoscript/fileName/RemoveRange.Extensions.cs: 449327d926c8242df000be9a6e08887a -> 
  custom:scripting/monoscript/fileName/CalculateLevelOfDetailTexture2DNode.cs: 1ffe1e8f01a5e3959b126f2583bad30d -> 
  custom:scripting/monoscript/fileName/KeyboardFocusController.cs: 2c23b93e7effc67939cfc047dfc68ea9 -> 
  custom:scripting/monoscript/fileName/WorkspaceOperationsMonitor.cs: 5f05751fd4d94e02e79a5bf200f98f9a -> 43dcc435c252a54bdaaf4d6588b7d66e
  custom:scripting/monoscript/fileName/BaseTextElement.cs: f0acf0cb60299ab3ab5a2958d337d80c -> 
  custom:scripting/precompiled-assembly-types:Unity.RenderPipelines.ShaderGraph.ShaderGraphLibrary: 2b0f70078629f68eaf72bd5c996d479d -> 
  custom:scripting/monoscript/fileName/KernelCollection.cs: 2603acf0598cc6c46703f1cf5241be85 -> 
  custom:CustomObjectIndexerAttribute: 9a22284fe3817be447336de3de66b15e -> 
  custom:scripting/monoscript/fileName/DummyShaderGraphLibrary.cs: 41e966b44a323280b81a439303fbb896 -> 
  custom:scripting/monoscript/fileName/SubscriptionCallout.cs: 29787b3c50c2d1c4bbad7bcf14f95252 -> 
  custom:scripting/monoscript/fileName/NodeUtils.cs: c3de1fa7d415926ee4d17872fe450873 -> 
  custom:scripting/monoscript/fileName/DebugUIDrawer.cs: 6461ca30604cde9cde36cda6949bc070 -> 
  custom:scripting/monoscript/fileName/SceneDepthNode.cs: d395d2146c43caf5e9e45a338894cc77 -> 
  custom:scripting/monoscript/fileName/DateRangeField.cs: 18a3081d423f9dd00074bdd2a1decfde -> 
  custom:scripting/monoscript/fileName/SampleOutputData.cs: 22897aa19694a789bc4585e82c2b289b -> 
  custom:scripting/monoscript/fileName/BaseShaderGUI.cs: 027bf8702e8a7b80538a4cde9cffdb8f -> 
  custom:scripting/monoscript/fileName/RedirectNode.cs: 934b52eba3c628494b9b5a702aded844 -> 
  custom:scripting/monoscript/fileName/PhysicalHandsAnchorable.cs: b508847e6a3b5efea365c3da3ebe2939 -> 
  custom:scripting/monoscript/fileName/ResizeBorderFrame.cs: 7a774684061922ae2fd242db9638ef4b -> 
  custom:scripting/monoscript/fileName/VolumeComponentListEditor.cs: 886928832cf33ebbc49a67caf6e72f85 -> 
  custom:scripting/monoscript/fileName/MatrixTransposeNode.cs: 7049d8a94c05248ea66e6c5ff6e5825b -> 
  custom:scripting/monoscript/fileName/SessionStatusTracker.cs: d1bd15b3f52d6a967c41a0ae6696be12 -> 
  custom:scripting/monoscript/fileName/SingleLayerEditor.cs: ccbe7a0e77f891393bc795657f3ca081 -> 
  custom:scripting/monoscript/fileName/Matrix3MaterialSlot.cs: 5aba613fcb2fdcd132d5da0335ed1d08 -> 
  custom:scripting/monoscript/fileName/CustomFunctionNodePropertyDrawer.cs: 29b64018b4eda097929f22dbdbc34699 -> 
  custom:scripting/monoscript/fileName/ArcsineNode.cs: ae07d633f0d3dad04d3ecf95a8371211 -> 
  custom:scripting/monoscript/fileName/AvatarGroup.cs: 856ba944e1220d5eccc32d6f44f5fce6 -> 
  custom:scripting/monoscript/fileName/DebugUIHandlerIndirectFloatField.cs: 95b277ed711fe70eace7b31293d272cb -> 
  custom:scripting/monoscript/fileName/TextureSlotControlView.cs: 2c9e551b84d00e25927276b05e64d7ef -> 
  custom:scripting/monoscript/fileName/IRequiresData.cs: 90647cc400823b41df847a6cbfc29026 -> 
  custom:scripting/monoscript/fileName/GraphEditorView.cs: 7ed274a5604e03394582f9448c4a4094 -> 
  custom:scripting/monoscript/fileName/BackgroundExtensions.cs: 386ca0ce48d2373077577e9f234c43b8 -> 
  custom:scripting/monoscript/fileName/DivideNode.cs: f5b5aa8a7cdce7f5896a2240e43a17b6 -> 
  custom:scripting/monoscript/fileName/FocusControllerExtensions.cs: 3e28bd997a1bd462eec9a663b45883e4 -> 
  custom:scripting/monoscript/fileName/SpriteMuseArtifact.cs: 169af3c16476726535ea090295f9f19c -> 
  custom:scripting/monoscript/fileName/ObservableList.cs: 0cdf409b5aa8d4c25876d72b5c6a3b60 -> 
  custom:scripting/monoscript/fileName/GestureRecognizer.cs: 69c54d4064c4fac5398cdf6a7d82738d -> 
  custom:scripting/monoscript/fileName/GenericShaderGraphMaterialGUI.cs: 707be86a803c27f435ceb3f2f8849d44 -> 
  custom:scripting/monoscript/fileName/ContextualMenuDispatcher.cs: 66b714e105ffefc8223b1d698dd7d8c1 -> 
  custom:scripting/monoscript/fileName/UIToolkitHost.cs: 5ddc88fbbd5f6c588fe3a6491f51af09 -> 
  custom:scripting/monoscript/fileName/UndoCommand.cs: 84bd278cfab2b81c7d20ce863ce8a773 -> 
  custom:scripting/monoscript/fileName/MacOSConfigWorkaround.cs: 8634a542fc5c45ea8cd9a8244bf2c871 -> 9fe61e763da506601651f6c451cecb0a
  custom:scripting/monoscript/fileName/IncomingChangesSelection.cs: 281fe0b171b5382d8cd906c4490e5804 -> d86f9f4463e6f9d99bb815e1f018ccf1
  custom:scripting/precompiled-assembly-types:Unity.RenderPipelines.Core.ShaderLibrary: 3c0b64ed630330ed2a6537a9f18dabb5 -> 
  custom:scripting/monoscript/fileName/Edge.cs: 270eeb3545dc302af543cef48dee1505 -> 
  custom:scripting/monoscript/fileName/AccountStatus.cs: a31543dc3392e6c786f25ead659fdd93 -> 
  custom:scripting/precompiled-assembly-types:Unity.Muse.AppUI.Undo: 90c4760754dea85555fa42533ea09da1 -> 
  custom:scripting/monoscript/fileName/DistanceNode.cs: 7f1bfda7e5fbd4cffc73b57bee9199d9 -> 
  custom:scripting/monoscript/fileName/SerializedHashSet.cs: 90647cc400823b41df847a6cbfc29026 -> 
  custom:scripting/monoscript/fileName/HandTrackingHintManager.cs: 0c0570d9d14436d342247485eb9d5364 -> 
  custom:scripting/monoscript/fileName/Text.cs: 1b125045ab42deab9337829e89569121 -> f3cd2527cc0cf233b21b58a0a7d6ebc9
  custom:scripting/monoscript/fileName/ModuloNode.cs: 0005d8d462be0bcb49c3fc662377c4c3 -> 
  custom:scripting/monoscript/fileName/InspectorViewModel.cs: 0888ac1596555ddb96e64fa2d9a41c78 -> 
  custom:scripting/monoscript/fileName/ICache.cs: 90647cc400823b41df847a6cbfc29026 -> 
  custom:scripting/monoscript/fileName/DefaultTextureExporter.cs: 6e9bc6f59a9b59ee880ee1fb7a5cce7c -> 
  custom:scripting/monoscript/fileName/BlackboardUtils.cs: e07f7d9c186311962d0e94dadff7125b -> 
  custom:scripting/monoscript/fileName/ValueUtilities.cs: 2583410ddc8a2b51c717f97370293c59 -> 
  custom:scripting/monoscript/fileName/SampleOutputPromptExample.cs: a795a77ce31794a73cb2faffe136be7b -> 
  custom:scripting/monoscript/fileName/TaskExtensions.cs: e5efce602ba92c639819dd2bae61750f -> 
  custom:scripting/monoscript/fileName/IVolumeDebugSettings.cs: d284003db842de1e393a4d587b979d0e -> 
  custom:scripting/monoscript/fileName/Optional.cs: 5e2ab9cfe81e04de31d18dbafae66b8c -> 
  custom:scripting/monoscript/fileName/PlasticProjectSettingsProvider.cs: cef4f9742a881d06eb679f9d361242a3 -> 8c4ae1aeb34c51d2a5a8924265075ff2
  custom:scripting/monoscript/fileName/CapsuleHand.cs: 9643c85e715d551bf04a8ccb7f75485d -> 
  custom:scripting/monoscript/fileName/SoftContactParent.cs: 4bfc6cc255dd07ba23a36e5ca3c3618c -> 
  custom:scripting/monoscript/fileName/SerializedProbeTouchupVolume.cs: 6e1625e5cf9e6147fb34d8f08a426bc5 -> 
  custom:scripting/monoscript/fileName/AssetMenuItems.cs: 9ce81cedb8e568c6b7b646aa6263645b -> 
  custom:scripting/monoscript/fileName/AnchorPopup.cs: 44ef4c6c726e4a1804f6d0c83e493e3e -> 
  custom:scripting/monoscript/fileName/RTHandles.cs: f8bd5612a2e588042e75c94d0f90f684 -> 
  custom:scripting/monoscript/fileName/MessageManager.cs: 18a22eb4f1ab146e49f583363b8f7aba -> 
  custom:scripting/monoscript/fileName/ArrayExtensions.cs: 586f3d775bf9cb769bdcc142d72eecd8 -> 
  custom:scripting/monoscript/fileName/ToolConstants.cs: a088b027c7b0922429c756f12b0507ea -> 3b0d2490617bc7f94a0bdab65a399e1d
  custom:scripting/monoscript/fileName/UVNode.cs: cbb7266edd5ca5b6a2c047332ffaf56b -> 
  custom:scripting/monoscript/fileName/BooleanMaterialSlot.cs: 032e657665a7a3e2d5edda2698c926fe -> 
  custom:scripting/monoscript/fileName/AbstractSelfRefreshingCacheWrapper.cs: 90647cc400823b41df847a6cbfc29026 -> 
  custom:scripting/monoscript/fileName/UsageResponse.cs: c0592b045a5c3e090f870b45c3f76b9b -> 
  custom:scripting/monoscript/fileName/ShaderTypeGeneration.cs: c77a77319aa341b6da7db8c134cae8ef -> 
  custom:scripting/monoscript/fileName/RemapNode.cs: 570ae176f7e563dd4b3ade9aa62c5a4d -> 
  custom:scripting/monoscript/fileName/ShowArm.cs: 5bfbe67de8a9e84623a626c5757d22ca -> 
  custom:scripting/monoscript/fileName/FieldCollection.cs: 6c9bbaa11690f91d9836da5ff0a30618 -> 
  custom:scripting/monoscript/fileName/ColorSwatch.cs: d6d756065a06eb0db3d1f414d0f5f0f2 -> 
  custom:scripting/monoscript/fileName/Platform.cs: d5901f8152568d72ce4278c2421275e0 -> 
  custom:scripting/monoscript/fileName/ConditionalField.cs: c564f8a3a018d0a0828ffed4b4b01fa4 -> 
  custom:scripting/monoscript/fileName/GetSelectedPaths.cs: 02423a81496d6c63598b5cdc203f4354 -> be35dd49dddd53fc840b9febf21b4d0d
  custom:scripting/monoscript/fileName/TokenExchangeResponse.cs: 0dd9138dbeab6f132711a5b608de5c13 -> f20183d4cf939766d3c1e15cc3bec2e3
  custom:scripting/monoscript/fileName/InspectorView.cs: 6dbb9e353e62a56cce5e9afd9e78aecc -> 
  custom:scripting/monoscript/fileName/ExperimentalProgramChangedTracker.cs: 4598bec9764a10141ec9916b6d4b787c -> 
  custom:scripting/monoscript/fileName/ChangesetsTab_Operations.cs: eca44847b108faefa69f8c525242c965 -> 3290c4c0cd248666e01a08ee6d621249
  custom:scripting/monoscript/fileName/Tooltip.cs: 02ca485cb24f1d508c09d3d0ff6a5982 -> efbd10c978725fde614599dc839eb715
  custom:scripting/monoscript/fileName/LeapImageRetriever.cs: c184e471d5e849cfae351dc71b82aa05 -> 
  custom:scripting/monoscript/fileName/OverlayRect.cs: 59d6887e4803f8a44ffaa0409470e410 -> 
  custom:scripting/monoscript/fileName/ConfigurePartialWorkspace.cs: 309d4276b0164b05348aedbd51cc0b2f -> 10fcc6b6d43dd5ed36c43c6f7b5906c4
  custom:scripting/monoscript/fileName/DebugUIHandlerValue.cs: e17a49bd7d7afcbd1140aa8f466d0c60 -> 
  custom:scripting/monoscript/fileName/IESEngine.cs: d4367da80063ba1b79cde6213e76034a -> 
  custom:scripting/monoscript/fileName/VisualElementExtensionsBridge.cs: ec369d36c6468c97e130328c90e933ce -> 
  custom:scripting/monoscript/fileName/ValidRepositoryName.cs: 43c262be3f66a970816e3d3a3ee8872a -> 56bcf92a3678f6ad6215cae2e4914cfd
  custom:scripting/monoscript/fileName/ActionDetector.cs: 844f06a6b8ee11ba11ab9057f085cff1 -> 
  custom:scripting/monoscript/fileName/Vector3Field.cs: 09c662da12b61f0e60a1a72c1ad65484 -> 
  custom:scripting/monoscript/fileName/Arm.cs: 010ea98d3323a185f2519303e59c455c -> 
  custom:scripting/monoscript/fileName/GraphCode.cs: 2f3a13dd45adf62515a891644f26050b -> 
  custom:scripting/monoscript/fileName/SerializedBitArray.cs: 3124f9ab59b458ae8b8667ef2d167f46 -> 
  custom:scripting/monoscript/fileName/SpriteGeneratorSettingsOperator.cs: 6e3ddac79652e84170610f2a2e0c4d5e -> 
  custom:scripting/monoscript/fileName/TouchSliderInt.cs: 8342ec31db7f867f98fe73e71fb25340 -> 
  custom:scripting/monoscript/fileName/PanelExtensionsBridge.cs: 5ae73243ab5212c82fc6c5c257483cd7 -> 
  custom:container-demuxer-webm: 4f35f7cbe854078d1ac9338744f61a02 -> 
  custom:scripting/monoscript/fileName/CategoryData.cs: a952e7360f78e5e6228dbe2661e68e40 -> 
  custom:scripting/monoscript/fileName/UndoStack.cs: f2a7a896a3eb43f16c36c3ace5ee0903 -> 
  custom:scripting/monoscript/fileName/VoronoiNode.cs: 664cc8054b20c3b2197e59e6d4d687f0 -> 
  custom:scripting/monoscript/fileName/VolumeComponentEditor.cs: e713fb5ef22374f3d1d0fd6d90d25c83 -> 
  custom:scripting/monoscript/fileName/AccountUtility.cs: 4a5fe01e813df741308fab2fbbeb902f -> 
  custom:scripting/monoscript/fileName/VolumeProfileUsageAnalytic.cs: c303191e0589f049d0401b7828e41445 -> 
  custom:scripting/monoscript/fileName/QuaternionPropertyDrawer.cs: 16041442e75d4d955aa971c3c1eeadba -> 
  custom:scripting/monoscript/fileName/GetPlasticShortcut.cs: 2a84c035152261f00e7e66eb44cd0ffa -> 5c2b7bf07ddd2284efc64b09ef0f1f72
  custom:scripting/monoscript/fileName/TextureStackNode.cs: 5577248ad493b8eb80830f7800809157 -> 
  custom:scripting/monoscript/fileName/VersionCheckTask.cs: c676fa93c50f9db1805f03cebbaa3105 -> 
  custom:scripting/monoscript/fileName/KeywordEntry.cs: bb057a1b8ea36a0cfa9fefa32dca8f9e -> 
  custom:scripting/monoscript/fileName/CSharpToHLSL.cs: 38b06233807f54c46b18038446e5b273 -> 
  custom:scripting/monoscript/fileName/RuntimeGizmoManager.cs: 62abafbfec9821801e1846f63ba7b148 -> 
  custom:scripting/monoscript/fileName/ShaderGraphRequirementsPerKeyword.cs: 33081336a47a3f3aab4dc88f78e77c53 -> 
  custom:scripting/monoscript/fileName/LensFlareCommonSRP.cs: e040bda547003d870feb49f4a812737a -> 
  custom:scripting/monoscript/fileName/GuiEnabled.cs: 1b1658fd7715b5cc664c10a130c6b629 -> 7bb13fcc8d8cbd392e00f7232841f086
  custom:scripting/monoscript/fileName/FeedbackManager.cs: 1ebd3b7a4415ad0d311cd77eac0e15c1 -> 
  custom:scripting/monoscript/fileName/Drawers.cs: c785ed4942098e751ced76453e8d4c1f -> 
  custom:scripting/monoscript/fileName/BuildPathDictionary.cs: 943911b84162d26cea47f964f9a0a399 -> 9fabc7cc73fcfc50b8a3307c6aa6ec4d
  custom:scripting/monoscript/fileName/FindEditorWindow.cs: 2bb64182aef631315344623cf583c78a -> 8c3c78bb7e82ac5008f8a2b8a0d68cff
  custom:scripting/monoscript/fileName/DebugWindow.cs: 8c578d72b05b0ea4a8def6cd7527fca9 -> 
  custom:scripting/monoscript/fileName/ObjectUtils.cs: 4fd3929bdf9a1e1e0030f700f0e79eb8 -> 
  custom:scripting/monoscript/fileName/SampleVirtualTextureNode.cs: 0253cf198849574bc8dd18038cec5517 -> 
  custom:scripting/monoscript/fileName/BuiltInTarget.cs: d1a419093fcce99b9bc3407874041f3f -> 
  custom:scripting/monoscript/fileName/FractionNode.cs: bcf3e78bb51847c69f139a8174d77938 -> 
  custom:scripting/monoscript/fileName/DrawProgressForViews.cs: c153245b67af73b7ee03f693a1127796 -> 068a172cb549ad77d9873d721698bd0d
  custom:scripting/monoscript/fileName/Texture2DExtensions.cs: 2bf942fe70866dac1f9e913650fab5b1 -> 
  custom:scripting/monoscript/fileName/SearcherTreeUtility.cs: 1c1dde25a990554df40195be39ea9474 -> 
  custom:scripting/monoscript/fileName/SampleOutputVersionRow.cs: 298873222f83390232355adadae7e1be -> 
  custom:scripting/monoscript/fileName/MultiFloatSlotControlView.cs: 2c3d24e60c902415ec2784ac0d2a1bc7 -> 
  custom:scripting/monoscript/fileName/StartTrialRequest.cs: 6b8cb74dbc4afb801e1fa00cf68fbdb6 -> 
  custom:scripting/monoscript/fileName/IOperatorAddHandler.cs: dc8103e14f76aadee5a0ebb8a7464f73 -> 
  custom:scripting/monoscript/fileName/SerializableEnum.cs: b94fa8ae7a3d143cd17fa4f38c0d1da4 -> 
  custom:scripting/monoscript/fileName/UpdateReportDialog.cs: 706e7e86547c339cdb3a4462e3f7a54d -> 087837d8f73228f1a817d0de82c77260
  custom:scripting/monoscript/fileName/SaturateNode.cs: 699472c06e43bbf995782a88e4317d65 -> 
  custom:scripting/monoscript/fileName/EnumEventTableEditor.cs: d2dcdb7de2ae719813f4704638229579 -> 
  custom:scripting/monoscript/fileName/SampleVirtualTextureNodePropertyDrawer.cs: ba35fb91682dfcd143a224ae6f509126 -> 
  custom:scripting/monoscript/fileName/HistoryListView.cs: 527da2d093462f1c4a278d6957e7d5ac -> 7b2d1d2c12ab43d9d244e35197127919
  custom:scripting/monoscript/fileName/RetrieveDefaultStyleTask.cs: 7ccfecca194d13e5f9362b45aead0523 -> 
  custom:scripting/monoscript/fileName/AssetTargetField.cs: b0f499b9caf1456ffbe3eb6bf0f204c0 -> 
  custom:scripting/monoscript/fileName/IAdditionalData.cs: 810db5327ffb9880a04f2a783a99459a -> 
  custom:scripting/monoscript/fileName/ChangeTreeViewItem.cs: e3d78a2bee9cc81382a4cb8578dc4fb0 -> b0a38ce0a620643c776a3db4fd91bc4c
  custom:scripting/monoscript/fileName/RenderPipelineResourcesEditor.cs: da12466a77e8246247437b56706dcc8e -> 
  custom:scripting/monoscript/fileName/ColorNode.cs: dc3b622ead159f9b1dbd4b336a7ed5df -> 
  custom:scripting/monoscript/fileName/CreateBatchPbrMapJob.cs: 43020fbfd59750908682950f09216659 -> 
  custom:scripting/monoscript/fileName/DateRangePicker.cs: 8d5e43f6351a5491058c70c73c6e5764 -> 
  custom:scripting/monoscript/fileName/LightmappingShaderProperties.cs: 693fbd896015807765d3c0420fada953 -> 
  custom:scripting/monoscript/fileName/SGBlackboardCategory.cs: 1f33298b31cd20c215c4b754296d5230 -> 
  custom:scripting/monoscript/fileName/BaseSlider.cs: 0cdf409b5aa8d4c25876d72b5c6a3b60 -> 
  custom:scripting/monoscript/fileName/CubemapSlotControlView.cs: 1b9ebba3af004db687146fae7ff22318 -> 
  custom:scripting/monoscript/fileName/EnvironmentLibrary.cs: 81bfe315836a7746628030a8a000f64e -> 
  custom:scripting/monoscript/fileName/PinchDetector.cs: dbf14b640955b5cfc3e469d098350aa9 -> 
  custom:scripting/monoscript/fileName/ClientStatusRequest.cs: d7116851b0af3916e0de23bee73945f9 -> 
  custom:scripting/monoscript/fileName/DrawState.cs: fcfb22c9164866a2ea462c65383188f7 -> 
  custom:scripting/monoscript/fileName/PhysicalHandsSettingsPopup.cs: 81a31fde36163116b1cc550c9025efe6 -> 
  custom:scripting/monoscript/fileName/GlobalPreferences.cs: f1f6286dcc811ce5819558867abf8414 -> 
  custom:scripting/monoscript/fileName/AccountInfo.cs: a6eecfd9eb4ce59620bf9573a08812ac -> 
  custom:scripting/monoscript/fileName/ControlNetGenerateRequest.cs: c1242a9adc4f69f0a5c367461591d60a -> 
  custom:scripting/monoscript/fileName/VolumeProfileFactory.cs: 07cba80e1acee59cfc91e9a2ae5de351 -> 
  custom:scripting/monoscript/fileName/ContextView.cs: 894de9edad232a906733dbe0604ff311 -> 
  custom:scripting/monoscript/fileName/CreateLitShaderGraph.cs: 401711b3796d8d79ee08a6a26df4ba52 -> 
  custom:scripting/monoscript/fileName/BringWindowToFront.cs: 88b20f2a2881db6a013f54923d68cdee -> a30c7c1ba746c6d277a5aedd3057d15e
  custom:scripting/monoscript/fileName/ServerConfig.cs: 007537d1aaca1dea14b2594125e38207 -> 
  custom:scripting/monoscript/fileName/PhysicalHandsButtonEditor.cs: ffbf990c9bf4e06868cf9305dbb44772 -> 
  custom:scripting/monoscript/fileName/SplitViewPaneCollapsedEvent.cs: 48a706f8d96743963653e5f96f4a2489 -> 
  custom:scripting/precompiled-assembly-types:Unity.RenderPipelines.Core.Editor: f8860ff5929cb85b004a64116af8e0c7 -> 
  custom:scripting/monoscript/fileName/ProbeVolume.Migration.cs: 90647cc400823b41df847a6cbfc29026 -> 
  custom:scripting/monoscript/fileName/RectField.cs: d14c37cd497b121aa9c60eb568c940cd -> 
  custom:scripting/monoscript/fileName/PowerNode.cs: e140ed63a07306e1605770c1307a3854 -> 
  custom:scripting/monoscript/fileName/ElementResizer.cs: 89881509c81716ab7ffc0211e63b240a -> 
  custom:scripting/monoscript/fileName/DebugUIHandlerProgressBar.cs: 5c9de320a5b26c78920d45e64e640bd3 -> 
  custom:scripting/monoscript/fileName/Chunk_tEXt.cs: 35e653231bbafc7536c57eb63ecb05cd -> 
  custom:scripting/monoscript/fileName/LaunchCheckinConflictsDialog.cs: 4417eba1591eccb2221bfdce0106c1e0 -> e2c1e3f8f4e14a62e4363fe6259adbc2
  custom:scripting/monoscript/fileName/BlockFields.cs: 009858767e9ac588e945745ac4bb7993 -> 
  custom:scripting/monoscript/fileName/Panel.cs: e7d27ab93edbfa2b8581c2361506daff -> 
  custom:scripting/monoscript/fileName/UnityObject.cs: 508786b4d8395f87febfd22c86f8828d -> 
  custom:scripting/monoscript/fileName/ParseArguments.cs: 03c1a4d7e357164ca313a0019713c3db -> ae915d9f5fe287ced40627c9ca8bfafd
  custom:scripting/monoscript/fileName/PropertyNodeView.cs: 1f85a7f6237ebd36b9e03a330244de0d -> 
  custom:scripting/monoscript/fileName/DropdownEntry.cs: db5289b6277aa5d447d21aff046b3d05 -> 
  custom:scripting/monoscript/fileName/ExternalLink.cs: 7eb9650651b43fb98c07816e49275ba9 -> a8ff952d8c27d10f226ab92b7aa83b69
  custom:scripting/monoscript/fileName/WaitingSignInPanel.cs: 247680fcfc6a176b9fa28a3df600a754 -> 7585e1c7111b6b900784e6d1c9454258
  custom:scripting/monoscript/fileName/ProbeReferenceVolumeProfile.cs: 21d07430f4ea5ffdd88994079a001e9a -> 
  custom:scripting/monoscript/fileName/LensFlareEditorUtils.cs: 19d9ebbefdcfdbabdd8e3ef723a9db75 -> 
  custom:scripting/monoscript/fileName/ICanvasTool.cs: 012b86214b80934bb2b9ce7a93591b32 -> 
  custom:scripting/monoscript/fileName/IMaySupportVFX.cs: 3166db1a8a7d1f64edbeb3ab405f11c4 -> 
  custom:scripting/monoscript/fileName/AmbientNode.cs: e05c8e9760550c6a36e7c15781fa5170 -> 
  custom:scripting/monoscript/fileName/TypeMapper.cs: 7f16345aafb00d4f5b0a96b0ad05718b -> 
  custom:scripting/precompiled-assembly-types:Unity.Muse.Texture.Editor: 992181d0f240a02e75b9dde4132ba528 -> 
  custom:scripting/monoscript/fileName/TestingHelpData.cs: 0d1f98ae9b6fa0253523889fad413adb -> 
  custom:scripting/monoscript/fileName/OperationProgressData.cs: 0db72349eeecbe9449a517b1d79cc760 -> 15f68712baaea535af36d9e0333c0a6e
  custom:scripting/monoscript/fileName/Identifier.cs: 623cfbd28a15ebbc5052c092af66ed56 -> 
  custom:scripting/monoscript/fileName/ExternalLinkMenuItem.cs: 23530011005c4434a25ddf2167e5b34a -> 
  custom:scripting/monoscript/fileName/IMayRequireTime.cs: ad507264604dd04184c0529a3756b5bc -> 
  custom:scripting/monoscript/fileName/DebugState.cs: 08c6f080780f0e58ab66c0a3e8c209e4 -> 
  custom:scripting/monoscript/fileName/ProbeVolumeGIContributor.cs: a8ecca381c7fd8254ce6d9180ba95af5 -> 
  custom:scripting/monoscript/fileName/XRGraphicsAutomatedTests.cs: eae85d88de55e6520580ddb15f4f529f -> 
  custom:scripting/monoscript/fileName/IControlAttribute.cs: ef027089ea9ebc99b4a09681ebaffb5e -> 
  custom:scripting/monoscript/fileName/ServicesCollectionExtensions.cs: d177dd596a6cfe0290b20f9cf6b22d0a -> 
  custom:scripting/monoscript/fileName/PinchGesture.cs: cdd2d4ea9ed0a448dc676e483f74e33c -> 
  custom:scripting/monoscript/fileName/UIFoldoutEditor.cs: d40e3e7b47c78d373d8e78599c52a994 -> 
  custom:scripting/monoscript/fileName/CSharpExtensions.cs: 85106955723467757fce4c5c47b96afc -> 
  custom:scripting/monoscript/fileName/PhysicalHandsButton.cs: a310cd191f4f4a1dde9f1da68490aabc -> 
  custom:scripting/monoscript/fileName/RepositoriesListHeaderState.cs: c0353a1af15ae4fd3d5a2a3cac816423 -> fb71b961ab7c924511a6b0e8680b60ee
  custom:scripting/monoscript/fileName/DebugUIHandlerObjectList.cs: a475d22ce8f16edbf16eeb7f9ade8601 -> 
  custom:scripting/monoscript/fileName/HandBinderAutoBinder.cs: edb82f8ce8c83a0eee563dac58b30740 -> 
  custom:scripting/monoscript/fileName/DebugUIHandlerToggle.cs: 740a014288b306e4dea1a34b1032b829 -> 
  custom:scripting/monoscript/fileName/PropertyUtil.cs: 77e9d16978431b3c694e883dcf23240a -> 
  custom:scripting/monoscript/fileName/TextToImageItemRequest.cs: f6d3179c46f42b42a71ae0053f7f72d0 -> 
  custom:scripting/monoscript/fileName/StackIndicator.cs: f711fef9166a824dc71a6e80a46ef66a -> 
  custom:scripting/monoscript/fileName/ClientDiffTreeViewItem.cs: 56be9d3aa410e770e75de2d8b93be89d -> 43bdd7aa5bf1aa039a5b572c119c38d0
  custom:scripting/monoscript/fileName/Blitter.cs: e1b76b0af1a215217f8675b505b84f93 -> 
  custom:scripting/monoscript/fileName/ClientStatus.cs: 9056ded828cbe92c0cb28adadd2c0606 -> 
  custom:scripting/monoscript/fileName/InspectorName.cs: a645d37531a0c2b48fd054600f314a8a -> 
  custom:scripting/monoscript/fileName/ILegacyTarget.cs: 923f47aa4547412e5de6f4b3c4999997 -> 
  custom:scripting/monoscript/fileName/CreateWorkspaceView.cs: c40bc4c8524ef3e2374ef997beb2e4a6 -> 9ae2295080d141c0f12d02a71014e11c
  custom:scripting/monoscript/fileName/CommandLineArguments.cs: 0d20ca25f94249586a7c1484c469d8a2 -> 48a62ad3f817c0269ea7fc4a53799594
  custom:scripting/monoscript/fileName/NetworkNotificationView.cs: ff7afcebb6c381a93c69345000c49c8e -> 
  custom:scripting/monoscript/fileName/PrimitiveObjectsProvider.cs: 3285e9119ddddcd1007b2cc368a47b1e -> 
  custom:scripting/monoscript/fileName/DownloadRepository.cs: 46fc68d9cc4da8e8ed765ff28b2dd438 -> 5bad8d3f76a3fcb41a94637e37c11ab0
  custom:scripting/monoscript/fileName/SampleTexture3DNode.cs: 9c49d9ef8f525311c7d3367fb2236654 -> 
  custom:scripting/precompiled-assembly-types:UltraLiteDB: a4536179d4e722c80ce4b464dccf6a50 -> 
  custom:scripting/monoscript/fileName/ObjectPools.cs: bd9b03fedf47069fb35d83319d7bb848 -> 
  custom:scripting/monoscript/fileName/ParentWindow.cs: 2476d8a6ba9c3055f984ac9792cae61a -> d6aa079e592e01701c5baa3ab98898bc
  custom:scripting/monoscript/fileName/OperationParams.cs: 091a140b35535b91c773ddf98925322d -> 3312c7a4424a66ffbf2f88f056f329aa
  custom:scripting/monoscript/fileName/TextFieldExtensions.cs: 7efb6ce12656100110538ee0fafe2876 -> 
  custom:scripting/monoscript/fileName/IControl.cs: 28bf27fcbc3918495f7363c219f5d509 -> 
  custom:scripting/monoscript/fileName/IMaterialSlotHasValue.cs: 90647cc400823b41df847a6cbfc29026 -> 
  custom:scripting/monoscript/fileName/DebugUIHandlerIntField.cs: 086f57d3c5f4df925fc8a9793bf5b625 -> 
  custom:scripting/monoscript/fileName/PortInputView.cs: d7994c9c42fe213110eabe96af4b2caa -> 
  custom:scripting/monoscript/fileName/ProbeVolumeBakingProcessSettingsDrawer.cs: a732d4179f45764caa1691bb55cefa57 -> 
  custom:scripting/precompiled-assembly-types:Unity.Muse.Sprite.Common: 8eebeddf6e23be20804381c76d824c3d -> 
  custom:scripting/monoscript/fileName/Heading.cs: a16c68fa00c01f804b13f9452b287284 -> 
  custom:scripting/monoscript/fileName/ImageOverride.cs: 879be216ecf9cf4cec0fe9f1c19b0302 -> 
  custom:scripting/monoscript/fileName/FresnelEffectNode.cs: d1c618e4224796ea6c2f366b433bca6d -> 
  custom:scripting/monoscript/fileName/RenderGraphViewer.cs: 26a9115bcc21e5c36ba722be1441e8d1 -> 
  custom:scripting/monoscript/fileName/SimpleAnchorFeedback.cs: 3665e1889154e3af3c5d796e5c582816 -> 
  custom:scripting/monoscript/fileName/SerializedProbeVolume.cs: 659d623ae1f3fa20040907491cb7a084 -> 
  custom:scripting/monoscript/fileName/Comment.cs: 25347c85bea1c4f7f81ef2e7e846a724 -> 
  custom:scripting/monoscript/fileName/IAnalyticsData.cs: cd0ff3d6b4d339cb6972d1eb5be477c9 -> 
  custom:scripting/monoscript/fileName/SignInWithEmailPanel.cs: a5823728eb62cf6dbd8c933c1cb26f53 -> 6e8957c0ed7609303e68389067e72d72
  custom:scripting/monoscript/fileName/BufferedRTHandleSystem.cs: b3c5d78351e9fd8c620ba35efb81184c -> 
  custom:scripting/monoscript/fileName/VolumeMenuItems.cs: d8525aaf2535cbc3e22aa5153cbfd864 -> 
  custom:scripting/monoscript/fileName/ContextChangedEvent.cs: 90647cc400823b41df847a6cbfc29026 -> 
  custom:scripting/monoscript/fileName/SliderBase.cs: 0cdf409b5aa8d4c25876d72b5c6a3b60 -> 
  custom:scripting/monoscript/fileName/DebugUIHandlerField.cs: 90647cc400823b41df847a6cbfc29026 -> 
  custom:scripting/monoscript/fileName/ProbeSubdivisionResult.cs: d41dab42f8f0f436ef0f7c95a7754191 -> 
  custom:scripting/monoscript/fileName/HardContactBone.cs: 6ca47938be8a18501277992230753ea0 -> 
  custom:scripting/monoscript/fileName/Utilities.cs: 09f0e0edaa1a2a592528d4ee11740803 -> 
  custom:scripting/monoscript/fileName/NumericalField.cs: 0cdf409b5aa8d4c25876d72b5c6a3b60 -> 
  custom:scripting/monoscript/fileName/GenerateAnalyticsData.cs: 3d522ceb9078c3a62566f2acd66d0805 -> 
  custom:scripting/monoscript/fileName/VolumeParameterDrawer.cs: 4f7ed0dd5606800b0584aa45570acd09 -> 
  custom:scripting/monoscript/fileName/EditorTexturePreferences.cs: cbc8839c662ae888b3cb91fc8d5c773e -> 
  custom:scripting/monoscript/fileName/Matrix4ShaderProperty.cs: ff58c6654172fcb3f2bad12ed5e02a31 -> 
  custom:scripting/monoscript/fileName/ArtifactComparer.cs: 50988d3e62d0157bb981f1848f3d6cb1 -> 
  custom:scripting/monoscript/fileName/VolumeDebugSettings.cs: 90647cc400823b41df847a6cbfc29026 -> 
  custom:scripting/monoscript/fileName/ColorShaderProperty.cs: 85812e83c056d2832dd294fd38221d6f -> 
  custom:scripting/monoscript/fileName/LaunchInstaller.cs: f9b7c99441bc32980ce9b95be066824b -> b75efdf5909b501e06cacd9c66f75981
  custom:scripting/monoscript/fileName/PngMetadata.cs: 3648d1d1b8822c750e60d6d9f7b6437a -> 
  custom:scripting/monoscript/fileName/DisplayWindow.DebugSidePanel.cs: fdc76af93c95796253fa211c3d9c79fa -> 
  custom:scripting/monoscript/fileName/AvatarImages.cs: ea6dca998cf0ec5122553a9e010ef687 -> 3aa8c25a350843151ec4070c820c411a
  custom:scripting/monoscript/fileName/AsyncThunkActionCreator{T,U}.cs: 90647cc400823b41df847a6cbfc29026 -> 
  custom:scripting/monoscript/fileName/ServiceDescriptor.cs: 2586fb8ba53c7794e33a539f04b7ecb0 -> 
  custom:scripting/precompiled-assembly-types:Unity.ShaderGraph.Editor: c1525a57fcc0975bebd8e69021b1ccd9 -> 
  custom:scripting/monoscript/fileName/PhysicalHandsSettings.cs: d0f455c53af84dccb014c620669fe864 -> 
  custom:scripting/monoscript/fileName/LookDev.cs: 081eaeba7abf519152f4b806040014ac -> 
  custom:scripting/monoscript/fileName/Breadcrumbs.cs: b9a221ac08089146c355402840a63981 -> 
  custom:scripting/monoscript/fileName/BooleanNode.cs: 1d8422a441c52773972a805fe68bbf97 -> 
  custom:scripting/monoscript/fileName/DrawHelpPanel.cs: 58c832ce9ea1a11e2724de5dd46ca0cb -> 
  custom:scripting/monoscript/fileName/BuiltInStructs.cs: d8cfc2348442544723b6903c1220b3fe -> 
  custom:scripting/monoscript/fileName/CameraUI.Skin.cs: 6b931c755be6b8c07068541044964215 -> 
  custom:scripting/monoscript/fileName/ShaderGraphVfxAsset.cs: 6262928fe123b0b018ee700d7453cf36 -> 
  custom:scripting/monoscript/fileName/DrawUserIcon.cs: 2f65feb9bed897237f97fbf9c5479092 -> 7d5385bf780ae84e648a8b49f8fe0825
  custom:scripting/monoscript/fileName/ExploreWindow.cs: 9c0beea6d7c242ec9c43321ff5d0cf44 -> 
  custom:scripting/monoscript/fileName/ColorPropertyDrawer.cs: f299dbde1ed48058d7c3a657e2baaace -> 
  custom:scripting/monoscript/fileName/ProbeGIBaking.Dilate.cs: 330e56460745b2173b246e880ce62600 -> 
  custom:scripting/monoscript/fileName/MuseProjectSettings.cs: f6bfc58722c0bef559f10b25da829363 -> 
  custom:scripting/monoscript/fileName/ProbeVolumeUI.Skin.cs: 7801e9e2c1b1a7b2a9bdb93331590558 -> 
  custom:scripting/monoscript/fileName/AssetStatus.cs: b9ea657347f2c22e8e401cdb256c516c -> e017010009bdb28bcb0d7d8ef05e7dd9
  custom:scripting/monoscript/fileName/FloatPropertyDrawer.cs: 7cae5c87d04fa44fe05c3c5f9c4c3327 -> 
  custom:scripting/monoscript/fileName/StringBuilderExtensions.cs: 9c3fe87dfb0e6e574f80d909898312d9 -> 14a3bca92eed52569c50d58813f48a9b
  custom:scripting/monoscript/fileName/BranchesListView.cs: 334a3fb302f855f71fb71520fb442a71 -> 3f5ed9fe5a1bca512014ae1600ee1666
  custom:scripting/monoscript/fileName/DrawGuiModeSwitcher.cs: 363adc150c5f1c5059a678f179906090 -> d3be34a3134d3fe80ef6b14d0d519128
  custom:scripting/monoscript/fileName/IInpaintArtifact.cs: 71710b84521c09da603d6f610d632e8f -> 
  custom:scripting/monoscript/fileName/DefaultStyleData.cs: f107dc8d7d955fb03d1c0c3f0e07ea88 -> 
  custom:scripting/monoscript/fileName/ViewDirectionMaterialSlot.cs: 7f2e086f1f2545af02d9e066e7521d2b -> 
  custom:scripting/monoscript/fileName/PostProcessProvider.cs: 5dc671b1ce468d0ceaa22040b0b96cae -> 
  custom:scripting/monoscript/fileName/PropertyCollector.cs: 5aec76e46f924ccaca627d25d35b649a -> 6105c04b1425b941f8345268630cb955
  custom:scripting/monoscript/fileName/Pressable.cs: ecc7fce147591205ea46c279670392ed -> 
  custom:scripting/monoscript/fileName/SearcherHighlighter.cs: 96b2a76d470d934733c63af4ac6c5753 -> 
  custom:scripting/monoscript/fileName/TexturePreferences.cs: 9e9eeb28a9e9254f0670ad9fd580d6f4 -> 
  custom:scripting/monoscript/fileName/ServiceProvider.cs: 585a79ab47dd4bdc2641355277c4bb84 -> 
  custom:scripting/monoscript/fileName/FrameTimeBottleneck.cs: d01d47bf3e1bc0a82ba4d22b88f163af -> 
  custom:scripting/monoscript/fileName/SceneReadme.cs: 837784e580c2b09dc3be74ed25e121f9 -> 
  custom:scripting/monoscript/fileName/AllNode.cs: 83b94838bda7348905391e55c215aa61 -> 
  custom:scripting/monoscript/fileName/MaterialGeneratorUtils.cs: 264156a956160884654db046ba84c385 -> 
  custom:scripting/monoscript/fileName/UnityMenuItem.cs: 5f445176ad3735e69769d93250663be7 -> 73f3c859f1b5092ad362c09e23b3a922
  custom:scripting/monoscript/fileName/WebRestApiClient.cs: c0bdde7ff9e25b1ad06e078e6d9b2fe0 -> 746756fd499dddd02a4e7ccdbac48be3
  custom:scripting/monoscript/fileName/GenericLoader.cs: e1fa4e0d631497395ff28f361b27ae1f -> 
  custom:scripting/monoscript/fileName/VectorControl.cs: fec38ebbffeaceffe3a426e14dc05343 -> 
  custom:scripting/monoscript/fileName/ISGViewModel.cs: 6d5f55b34620b5e6e80de89953ea7619 -> 
  custom:scripting/monoscript/fileName/RenderSettingsData.cs: 69aff330f4c2053056bb8a1a13ade9e5 -> 
  custom:scripting/monoscript/fileName/TextField.cs: 27b8e2d765b2a044de50e0789c8d472f -> 
  custom:scripting/monoscript/fileName/RTHandleSystem.cs: 5daf6630b1cf6890990a3fe2d5894f57 -> 
  custom:scripting/monoscript/fileName/PooledHashSet.cs: 90647cc400823b41df847a6cbfc29026 -> 
  custom:scripting/monoscript/fileName/GrabBall.cs: 5cb523a35a193328aa0d3569ba6d3ae4 -> 
  custom:scripting/monoscript/fileName/ArtifactCache.cs: b88f9181a4477b01f1fabac4cee659a5 -> 
  custom:scripting/monoscript/fileName/TextureUtils.cs: 96c52c9335cfe3a7c581206bf4bd5190 -> 
  custom:scripting/monoscript/fileName/ChannelMixerNode.cs: f8fa57c5899bfd5b3c064a5e50084c10 -> 
  custom:scripting/monoscript/fileName/VisualEffectMasterNode1.cs: 3167e4ed8c337d21ef1f60ad900e1ed1 -> 
  custom:scripting/monoscript/fileName/EditorFactoryRegister.cs: 0baddd38abcf103706b8f94fddb3e44d -> 
  custom:scripting/monoscript/fileName/DebugUpdater.cs: 9f45699e51aad71e72798c0917e036ec -> 
  custom:scripting/monoscript/fileName/Progress.cs: 7fd32468eca0fb3d9196b2ee9ce33d83 -> 
  custom:scripting/monoscript/fileName/Config.cs: 6db961422a9eb4ebb513fcaebf633aea -> 
  custom:scripting/monoscript/fileName/IUIToolkitHost.cs: 86bb7925232ce352b3beae83884edafe -> 
  custom:scripting/monoscript/fileName/Link.cs: a604654c6a55510100b9ec850d60965b -> 
  custom:scripting/monoscript/fileName/VolumeGizmoDrawer.cs: 8dbc4f9ac43bd980d2e6c851ff7abb4c -> 
  custom:scripting/monoscript/fileName/GradientSlotControlView.cs: 6aa8c827bcb9730efaf8c4c543b8a406 -> 
  custom:scripting/monoscript/fileName/PrefabCreateMenu.cs: 824eef5039ecb1c3a2ba97f088b746a2 -> 
  custom:scripting/monoscript/fileName/Connection.cs: 2ee471f900f6cc4109915e5da51dc329 -> 
  custom:scripting/monoscript/fileName/RefValueEnumerable.cs: 0cdf409b5aa8d4c25876d72b5c6a3b60 -> 
  custom:scripting/monoscript/fileName/IncomingChangesTreeView.cs: 78411a54601a32b278de0dd7d80f8670 -> 96479648d4498738733254eb4e4c6fb5
  custom:scripting/monoscript/fileName/GenericProgress.cs: 11287c7d038c487f32d0c8edc476a32d -> 8492ec26f01fc248d3eb3c2f5b3b6c0f
  custom:scripting/monoscript/fileName/ContactUtils.cs: 80ef19b742cfd55f5cd608ad4b75ec54 -> 
  custom:scripting/monoscript/fileName/ThirdPartyDialog.cs: b9fd89df3c96090c2136db7f708a4926 -> 
  custom:scripting/monoscript/fileName/DebugConfig.cs: 911a8027ed6925e28ba42c6639aeed57 -> 
  custom:scripting/monoscript/fileName/CanvasBackground.cs: 1a5e02a5093a6b0acb21a1340832dd51 -> 
  custom:scripting/monoscript/fileName/SpriteTextureDropManipulator.cs: 65dd243619523b490574e56c0a7688f3 -> 
  custom:scripting/monoscript/fileName/MergeCategoryTreeViewItem.cs: c1ecd9dc0cd73eb7eb129994dedc1a91 -> 6bd59fcbfeafe06987a54631991d755b
  custom:scripting/monoscript/fileName/UpscaleOperator.cs: c8f680caca627842632169b5226ea2c2 -> 
  custom:scripting/monoscript/fileName/CheckinDialog.cs: 1709b78fae1329cc05fd4f39334b25f5 -> 702fdb8d0a3b4bfcb9ba109e71325cad
  custom:scripting/monoscript/fileName/HandBinder.cs: 96338de9f44e9b767ff7f165eab3e092 -> 
  custom:scripting/monoscript/fileName/PositionNodePropertyDrawer.cs: d861897e7dc6e5354efb456bec1b85e2 -> 
  custom:scripting/monoscript/fileName/ProcessCommand.cs: 2cc3b6e2a763c7f353b474b6904b45a6 -> 
  custom:scripting/monoscript/fileName/NeededCoordinateSpace.cs: c0fa3569cde4bce581e19d224b878525 -> 
  custom:scripting/monoscript/fileName/StyleTrainerConfig.cs: 478a647c1b8f7e7cab6b229b88339ed8 -> 
  custom:scripting/monoscript/fileName/INodeModificationListener.cs: 049764a02981c89e0f2136f3b74968d0 -> 
  custom:scripting/monoscript/fileName/BlendNode.cs: b4b4f143c52d64a21519d88e8be249aa -> 
  custom:scripting/monoscript/fileName/SignInController.cs: 28bdc22b3b4ee913c93e5c55da9130db -> 
  custom:scripting/monoscript/fileName/SortOrderComparer.cs: 8f6297df34271fdb1ce2d9607ec6261d -> 90647cc400823b41df847a6cbfc29026
  custom:scripting/monoscript/fileName/Hammersley.cs: 339155ffee6a61a50f127221824effe3 -> 
  custom:scripting/monoscript/fileName/ProbeVolumeBakingWindow.cs: 6398185119c24ed7ab727bbfaaa97955 -> 
  custom:scripting/monoscript/fileName/TrackingMarkerObject.cs: 6a486067d52d517689e002cc07ffa479 -> 
  custom:scripting/monoscript/fileName/MuseToolbar.cs: 1e77ae6d5a9783d0ad66e76460888b2a -> 
  custom:scripting/monoscript/fileName/GUIActionRunner.cs: 69af7de0762ed6d085feb4cc4b5101b3 -> 4a0608de635b0d82868d57923d68eff7
  custom:scripting/monoscript/fileName/TitleAttribute.cs: 6053f45d1ef3cb2403c076ab952fed60 -> 
  custom:scripting/monoscript/fileName/EditorPrefBoolFlags.cs: 90647cc400823b41df847a6cbfc29026 -> 
  custom:scripting/monoscript/fileName/PlasticMenuItem.cs: 30c3a785b4c2607e2ae9aad693d5f604 -> 
  custom:scripting/monoscript/fileName/KeywordUtil.cs: c019dfc0d535a55189103208d163ebfb -> 
  custom:scripting/monoscript/fileName/MemoryManager.cs: 2338971ab50b15cd7d4fd5181ba63ee3 -> 
  custom:scripting/monoscript/fileName/FieldDescriptor.cs: 4d97f5765ff9e60faa7a5a5be9ac1c1e -> 
  custom:scripting/monoscript/fileName/NoContactBone.cs: 3d44afd15265c0e48526a039f91b96db -> 
  custom:scripting/monoscript/fileName/CameraUI.Output.Skin.cs: ea37b571f4b5213ec876c626bae4a6c0 -> 
  custom:scripting/monoscript/fileName/StructCollection.cs: b4d030c45ad297d13f89c52edd7c257b -> 
  custom:scripting/monoscript/fileName/Chunk.cs: cca47b98fd785b592b1c7cd06ff9c138 -> 
  custom:scripting/monoscript/fileName/Toast.cs: 2a5099e05a183c4d8fec79a577fc0ba1 -> 
  custom:scripting/monoscript/fileName/RoundedRectangleNode.cs: e50705491f4f9a5d728ba9e7ecb91ffc -> 
  custom:scripting/monoscript/fileName/ShaderGraphImporter.cs: 73b5f0538c43ad6850fb45b79c67b42e -> 
  custom:scripting/monoscript/fileName/DebugUIHandlerColor.cs: cff0ea2688fdd62ca8e6bff81367f8c8 -> 
  custom:scripting/monoscript/fileName/HandModel.cs: 3cb2a336b2e301d300cf2101e3cae087 -> 
  custom:scripting/monoscript/fileName/StyleModelInfoEditorContent.cs: bb13f71cff2203d3e54ac5161860cfad -> 
  custom:scripting/monoscript/fileName/PendingChangesTreeView.cs: f3722f38014385705913f17dbe0f90c1 -> 17142d220a0a50a3f3d184c4718a0da7
  custom:scripting/monoscript/fileName/XRMirrorView.cs: 4157fb6dd9301a412a4aa8c3f9744bb0 -> 
  custom:scripting/monoscript/fileName/TextControl.cs: bf8d9deebeade1d35f8af0460f483b70 -> 
  custom:scripting/monoscript/fileName/AsyncThunkAPI.cs: 90647cc400823b41df847a6cbfc29026 -> 
  custom:scripting/monoscript/fileName/VCSPlugin.cs: 69c1b7249af35f35848ae707bd5e7113 -> 
  custom:scripting/precompiled-assembly-types:Unity.Muse.Common: 559ec084372ffb0950c1bd63a9dfa69b -> 
  custom:scripting/monoscript/fileName/VisualFOV.cs: aa99e0705033069550030b30ee500d4e -> 
  custom:scripting/monoscript/fileName/GetClientDiffInfos.cs: 4ae14b15e2cf5177a84735548a44cdc9 -> f8db8e637ded2d5e935a953a13b85ebe
  custom:scripting/monoscript/fileName/DebugUI.Fields.cs: 7956bd0a0c7f1cc9d2a32c1bd9fd25ad -> 
  custom:scripting/monoscript/fileName/DrawActionButtonWithMenu.cs: d7f31944358aed2f3ed3982246fca039 -> 8d4f5edd02a1dd0f38c4f2baf5ee8a33
  custom:scripting/monoscript/fileName/ErrorListViewItem.cs: a9f229dd6829be37e3d3d11493cd30e3 -> 509edc26860f8be303ec97d68aabc30d
  custom:scripting/monoscript/fileName/CoreUtils.cs: a766f7394c434d4d7f520bfa9dc4645e -> 
  custom:scripting/monoscript/fileName/PaintingManipulator.cs: 8629e97bbeada2ad9ff6af39fa4c2fe3 -> 
  custom:scripting/monoscript/fileName/RefineAssetView.cs: fb91b173b042104d8014e62834376cc9 -> 
  custom:scripting/precompiled-assembly-types:Unity.Muse.AppUI.Redux: 85e2c978c7ce0b0575f4da810cbdbcd4 -> 
  custom:scripting/monoscript/fileName/StatusResponse.cs: e54c13d0ac064896784dae66ff9ae6da -> 
  custom:scripting/monoscript/fileName/IMuseEditorPreferencesView.cs: a6a18b547ffb714d29188fb3f80a933c -> 
  custom:container-muxer-webm: aa71ff27fc2769a1b78a27578f13a17b -> 
  custom:scripting/monoscript/fileName/NormalVectorNode.cs: 8c26b3f4d92270aa40e7b1f481a272f1 -> 
  custom:scripting/monoscript/fileName/TextureArrayControl.cs: 1dc184796033ffea0942ca3c7551ab61 -> 
  custom:scripting/monoscript/fileName/Vector2MaterialSlot.cs: 768efe5fe99a019959a928f37f2ae4ea -> 
  custom:scripting/monoscript/fileName/JsonData.cs: 90647cc400823b41df847a6cbfc29026 -> 
  custom:scripting/monoscript/fileName/EditorProgressControls.cs: b1f133fa38afd918d537a72574fc93a0 -> 2e606eb01a6e6a567f3de9a0379ed3ae
  custom:scripting/monoscript/fileName/ColorUtils.cs: aba8d09519b8ffb0c53574f67251e4d5 -> 
  custom:scripting/monoscript/fileName/ActionTriggeredEvent.cs: e821cdcaeb920d67ed7e723f7e777fd1 -> 
  custom:scripting/monoscript/fileName/Tray.cs: 7a711dd19bb9244677b132d499910d5d -> 
  custom:scripting/monoscript/fileName/ServerConfigEditor.cs: 027019688d54fdf90089cfa95b215a10 -> 
  custom:scripting/monoscript/fileName/BooleanSlotControlView.cs: 553aeada05a3af377a0f1ae2dcdf6079 -> 
  custom:scripting/monoscript/fileName/BranchesListHeaderState.cs: d47f1164fa7093137db851c4c16ffba3 -> 82eab21603f4efc696334ee80641c2c9
  custom:scripting/monoscript/fileName/App.cs: 212c2c32b36ffbd7fb64014716abc66c -> 
  custom:scripting/monoscript/fileName/DrawSearchField.cs: b11b864a92c7d76f85d4ec87d6faf61c -> 3de70beba9f4447205d50241d95b066a
  custom:scripting/monoscript/fileName/PendingChangesTab.cs: c99065f3c85ec85c85ece2a1a30665af -> 15ae6787065f4af65778e981f418a60b
  custom:scripting/monoscript/fileName/NodeClassCache.cs: 2201850454163165f2c7bb2d7ed05b65 -> 
  custom:scripting/monoscript/fileName/HelpPanel.cs: 625fbcc6029d5fe5cf4aa833f68adb0c -> 
  custom:scripting/monoscript/fileName/ArtifactExporterFactory.cs: 9b2965a9f912ed2b720f5d5088dd546a -> 
  custom:scripting/monoscript/fileName/PhysicalHandsManager.cs: 4a1f07fa289dd8cd046e0c545018c745 -> 
  custom:scripting/monoscript/fileName/DebugUIHandlerEnumField.cs: dfe34fa077fcc7109ecd793749f36832 -> 
  custom:scripting/monoscript/fileName/SampleOutputUIEvents.cs: 546fe1a3fe8c6ef519d4713fe345afaa -> 
  custom:scripting/monoscript/fileName/BuildGetEventExtraInfoFunction.cs: 1308a6936e8051866a117b3b7c2c7b77 -> 74bfc8c01f931108a3c2b127aa04cc8d
  custom:scripting/monoscript/fileName/LoraOperator.cs: 0bafeef1415bae1ead90bec092cc3c55 -> 
  custom:scripting/monoscript/fileName/GraphSubWindow.cs: 8f7e7a23862edf1b0150f178eeacaed9 -> 
  custom:scripting/monoscript/fileName/IMayRequireScreenPosition.cs: 968f9c93acd804ac34f4c24b410d370e -> 
  custom:scripting/monoscript/fileName/DragAndDropFactory.cs: 8362683d86540d73627ba60688706621 -> 
  custom:scripting/monoscript/fileName/Pane.cs: 4c634aa9bd3c3f5304f33e132dab44bd -> 
  custom:scripting/precompiled-assembly-types:Ultraleap.Tracking.Hands: 2701cd555a22c1adbcb40f02306e7c1d -> 
  custom:scripting/monoscript/fileName/RenderStateCollection.cs: 1a7b6cf13f7ac8e2de3adf4f48b74b17 -> 
  custom:scripting/monoscript/fileName/StickyNote.cs: 79e9e9828b38cf99efe5fe8524d51b63 -> 40ced788af8eb44078f25e5a73c3b765
  custom:scripting/monoscript/fileName/RejectionNode.cs: dd3c55d1df44fa382db0832289dc2a86 -> 
  custom:scripting/monoscript/fileName/ScreenNode.cs: 120bbfb9661c3b1045af17ed7d1bc4cf -> 
  custom:scripting/monoscript/fileName/AnchorGroup.cs: d0a3536476ae4e6c1345dac24c1971af -> 
  custom:scripting/monoscript/fileName/Button.cs: b2931094fcc1603d87a3a21fd937e886 -> 18874d3cd8f6e3668320e6beabdb6cbc
  custom:scripting/monoscript/fileName/SpriteLitMasterNode1.cs: 2232a4e080eefdf31b8c76f113fc4b5a -> 
  custom:scripting/monoscript/fileName/SGPropertyDrawerAttribute.cs: 206a382a66ae66362e302edecd31dc1f -> 
  custom:scripting/monoscript/fileName/GrabBallEditor.cs: 9a200c1ebb74802551702ccd2492a739 -> 
  custom:scripting/monoscript/fileName/TangentVectorNode.cs: 86ad40264752662271de7715b278b324 -> 
  custom:scripting/monoscript/fileName/OneMinusNode.cs: cdcdbdc299c6d4956e1ea37aa564f72e -> 
  custom:scripting/monoscript/fileName/ShaderPreprocessor.cs: df7d717f84f92c365d5736fad98dc68e -> 
  custom:scripting/precompiled-assembly-types:Unity.Muse.AppUI.InternalAPIBridge: cfd5be5885e69da966b269ba8c733bf2 -> 
  custom:scripting/monoscript/fileName/SoftContactHand.cs: e283dcc4c0929329fe8295ff95a845ed -> 
  custom:scripting/monoscript/fileName/ShaderStage.cs: ea8e6b55f20bd649909b7334f2235038 -> 
  custom:scripting/monoscript/fileName/BuildValidation.cs: 73732fc82347556a9bf8c64b797d6d49 -> 
  custom:video-decoder-webm-vp8: 9c59270c3fd7afecdb556c50c9e8de78 -> 
  custom:scripting/monoscript/fileName/WelcomeView.cs: 07e35bfe1faa2c52c049eb30958acd54 -> f06c185659ea2f4a75f9397861dc6096
  custom:scripting/monoscript/fileName/PhysicalHandsSlider.cs: ba9e4bac8445554ebfc616ff4d2b9361 -> 
  custom:scripting/monoscript/fileName/BoolPropertyDrawer.cs: 9586634d3ceef80c3fe1376f95d9bdb0 -> 
  custom:scripting/monoscript/fileName/StepNode.cs: 0cf1fe76415b9b4855057e268b1ff98c -> 
  custom:scripting/monoscript/fileName/RenderGraphPass.cs: 0afbd3891b59f7d87ba5a17dba9cdc11 -> 
  custom:scripting/monoscript/fileName/HueNode.cs: ae8c443fd25348be4c046eebd095956b -> 
  custom:scripting/monoscript/fileName/DebugUIHandlerBitField.cs: be9771bd1a0b74dd596578dd9d2623f5 -> 
  custom:scripting/monoscript/fileName/FailedDeviceList.cs: fef2af07eb00ca06cb57960ef688bad4 -> 
  custom:scripting/monoscript/fileName/GenerationService.cs: 66114e6dfe3a7248c98daf662898681b -> 
  custom:scripting/monoscript/fileName/IUpscaleArtifact.cs: 8cb81b592ecad799f262821a092a0542 -> 
  custom:scripting/monoscript/fileName/CustomEditorBase.cs: 1caa3c35d1cc670959067530eb851299 -> 
  custom:scripting/monoscript/fileName/LensFlareDataSRPEditor.cs: ae260090d157cf61fee0bb22c85ca6d6 -> 
  custom:scripting/monoscript/fileName/IsNanNode.cs: c613c46dbf6e562629aeeabce6a6413f -> 
  custom:scripting/monoscript/fileName/DebugUIHandlerFoldout.cs: 6434777e9242f358a264c2e1a166d5b7 -> 
  custom:scripting/monoscript/fileName/PbrArtifactDragAndDropHandler.cs: 57e78cf5e18e9e1296d4846b3fbf6c11 -> 
  custom:scripting/monoscript/fileName/CombinablePropertyAttribute.cs: 77ed71d32a70730e2c41a270fe514e9b -> 
  custom:scripting/monoscript/fileName/IGroupItem.cs: bbab023933cb52d4a75f616bb9d89811 -> 
  custom:scripting/monoscript/fileName/DebugUIHandlerHBox.cs: 490343c5e0670c38540ab21dbc03d0a7 -> 
  custom:scripting/monoscript/fileName/CameraCaptureBridge.cs: 3a8109537ef2226ecde8bacab43d1c91 -> 
  custom:scripting/monoscript/fileName/CopyFromLeapCExtensions.cs: 855f10755e2efaa6caaa1c89ac6f9a2d -> 
  custom:scripting/monoscript/fileName/FieldLabel.cs: b472c6903c090bce756588b81f72fefd -> 
  custom:scripting/monoscript/fileName/HelpFormat.cs: 92b36f6584b3d7ccdc99b0ae4e152c53 -> 
  custom:scripting/monoscript/fileName/ResourceReloader.cs: 7f0140f7643d9055d7a5650d5bf7f9a0 -> 
  custom:scripting/monoscript/fileName/AsyncThunkOptions.cs: 0839f0fab552382e336c9612735c5dc8 -> 
  custom:scripting/monoscript/fileName/Matrix2ShaderProperty.cs: cc12977346773b822ad2151aacd198d8 -> 
  custom:scripting/monoscript/fileName/PrecisionUtil.cs: 3a2f515e7232454cb9ff582b0dece139 -> 
  custom:scripting/monoscript/fileName/PolarCoordinatesNode.cs: 78e97cdb8a59c7af369c858253ef0fe9 -> 
  custom:scripting/monoscript/fileName/EnumerableExtensions.cs: 5151b56054fbd041e477fa284e69380c -> 
  custom:scripting/monoscript/fileName/NormalBlendNode.cs: e6f7c25e39b1d3d371ed0a0c4d1fc933 -> 
  custom:scripting/monoscript/fileName/ShaderGraphAssetPostProcessor.cs: 9a73e58e20756e83279de86d8db019b3 -> 
  custom:scripting/monoscript/fileName/PlasticApp.cs: c440a0fb380601a77ad475d6c15d4fa1 -> c57de230d90beac7b586f10b9c7c6cb5
  custom:scripting/monoscript/fileName/SearchWindowAdapter.cs: 02a2b676782025564e6f7cf72c15eaa0 -> 
  custom:scripting/monoscript/fileName/ChangesetsTab.cs: ef408d8aaf89e01b17643ed0c836680d -> 46dde8f7856048792ad2e75490bb8c5e
  custom:scripting/monoscript/fileName/SampleTexture2DNode.cs: f768cec6b51716c5f96da423e9aea9ab -> 
  custom:scripting/monoscript/fileName/CopyPasteGraph.cs: 7dedce59d5bdae0e185b87d4717d9da2 -> 
  custom:scripting/monoscript/fileName/IRemoveBackgroundArtifact.cs: 6b63c5b153f97ace3d36fc38006ba3a0 -> 
  custom:scripting/monoscript/fileName/DrawProgressForMigration.cs: 0390721ecd322e9ab47db03bd0f98a12 -> 
  custom:scripting/monoscript/fileName/IDebugDisplaySettingsQuery.cs: e6ce1eb5d4950f0433c0947a0f3a6a5c -> 
  custom:scripting/monoscript/fileName/DeleteBranchDialog.cs: efbbc070bfeda2b746e8b15a4380cb26 -> 8549b0fc52962c89115fd78724fee578
  custom:scripting/monoscript/fileName/IncomingChangesNotification.cs: 5d73d1f1a99af71ddd954044bdf322d2 -> caa8ea2c7336b9227381f0971759e01a
  custom:scripting/monoscript/fileName/DebugUIHandlerObject.cs: 51493b926f53831f9d389a586ddf409e -> 
  custom:scripting/monoscript/fileName/Vector3MaterialSlot.cs: b7b3026f1ff7f4e22246cf818d8c1782 -> 
  custom:scripting/monoscript/fileName/SplitNode.cs: bb7b8924fe83f6464adcf8b446b9ace9 -> 
  custom:scripting/monoscript/fileName/SampleGradientNode.cs: f6195a43d695f0d8a48fc09c30d29819 -> 
  custom:scripting/monoscript/fileName/DrawTreeViewEmptyState.cs: d4c16fd6aad8161eda7d99fd74cbb08e -> 
  custom:scripting/monoscript/fileName/LeapXRServiceProvider.cs: 983045dd0cd5c40746d8d58ec66cd4b2 -> 
  custom:scripting/monoscript/fileName/PhysicalHandUtils.cs: 6f4928e83261f9b48cc2e44886c65142 -> 
  custom:scripting/monoscript/fileName/ProbeReferenceVolume.Streaming.cs: 14ec65114600d0196c6247bfcb9633f8 -> 
  custom:scripting/monoscript/fileName/OperatorRegistration.cs: a25ffafbc25d2314cc88ac8cef29cd79 -> 
  custom:scripting/monoscript/fileName/ErrorsListView.cs: 7cfd18bb17e557401eb4aa1ca93dbfd5 -> cd35171982f17897dd5148dda46e0956
  custom:scripting/monoscript/fileName/Vector3ShaderProperty.cs: 70cec1a3276ebe99d07902a792996d37 -> 
  custom:scripting/monoscript/fileName/SlotValueTypeUtil.cs: 9b31e56e95c09433b974dd519589f877 -> 
  custom:scripting/monoscript/fileName/BitangentMaterialSlot.cs: d7f69008fda1e8f29eb9e6df0b7d5cfb -> 
  custom:scripting/monoscript/fileName/HardContactParent.cs: 4b87a1e60c9d586d6eba7d4cc7a42968 -> 
  custom:scripting/monoscript/fileName/UnityPendingChangesTree.cs: fd6f0a038401268983bd9328d10dec93 -> f391d9a00dc9e202cee4d4ebcf6d21c0
  custom:scripting/monoscript/fileName/BaseArtifact.cs: e1000af842861c85a9c19ee1cfd234fc -> 
  custom:scripting/monoscript/fileName/LoadingTask.cs: 0c30658e9d080b52264eb809847462ed -> 
  custom:scripting/monoscript/fileName/DebugDisplaySettingsUI.cs: 89cbd60af687477caa5cd25059d8b863 -> 
  custom:scripting/monoscript/fileName/Vector4Node.cs: efd729cfe207fda5317fd0959074259f -> 
  custom:scripting/monoscript/fileName/ShadowCascadeGUI.cs: 2cb2120b36a52e12a237aae9e91e22fb -> 
  custom:scripting/monoscript/fileName/StyleModelListItem.cs: 813f0d88f020b50344146e7911e292ef -> 
  custom:scripting/monoscript/fileName/ShaderKeyword.cs: 7e10fa48e788f2a9ca448e838d41eae4 -> 
  custom:scripting/monoscript/fileName/DummyShaderLibrary.cs: 118dd4b5a671cac351149718bd315413 -> 
  custom:scripting/monoscript/fileName/SearcherWindow.cs: 31f518e88f1895987c6e40bce9b59292 -> 
  custom:scripting/monoscript/fileName/MenuSection.cs: 1a583c84b39a86fac1bcda305190bc57 -> 
  custom:scripting/monoscript/fileName/PreviewNode.cs: 008ca8a2ae13b0f0e523f96153a22a22 -> 
  custom:scripting/monoscript/fileName/Texture3DControl.cs: 89f268dcf2a94db5cc16a9061d576c8e -> 
  custom:scripting/monoscript/fileName/FunctionRegistry.cs: 16dc0bee02f47cca70519103460e3bf2 -> 
  custom:scripting/monoscript/fileName/JsonRef.cs: 90647cc400823b41df847a6cbfc29026 -> 
  custom:scripting/monoscript/fileName/DebugUI.Panel.cs: 8cd4a9cf945a66d68bf3f9f0a9c51f8e -> 
  custom:scripting/monoscript/fileName/Drawer.cs: 5c66ca509fb82aae8c8846febc112182 -> 
  custom:scripting/monoscript/fileName/TransformationMatrixNode.cs: 3baaeba44bf124e0b9c641d3a312f5a5 -> 
  custom:scripting/monoscript/fileName/RangeSliderInt.cs: 4b8a618f6055514ee9d7eb7e0e73a6b4 -> 
  custom:scripting/monoscript/fileName/RadiansToDegreesNode.cs: bf70ef254edbb32d62812077822559d8 -> 
  custom:scripting/monoscript/fileName/ISerializedRenderPipelineGlobalSettings.cs: c1d921b345606d4e846443d4a5f46d14 -> 
  custom:scripting/monoscript/fileName/VirtualTextureShaderProperty.cs: 71af8808a119d95417372c6deb7f6e61 -> 
  custom:scripting/monoscript/fileName/ServiceCollection.cs: b8e5a595d699aff8877f7359456008d7 -> 
  custom:scripting/monoscript/fileName/HyperbolicTangentNode.cs: ccabf3f8104a9abaef6874c12878bb74 -> 
  custom:scripting/monoscript/fileName/EmptyCheckinMessageDialog.cs: e95636a2119dec4d0c1f323f7ba65603 -> 
  custom:scripting/monoscript/fileName/IMayRequireTangent.cs: fbb60974ce22980a4a05a95a247ef085 -> 
  custom:scripting/precompiled-assembly-types:Unity.Searcher.Editor: 6e08cc58a0d3846aad56b26936b9a264 -> 
  custom:scripting/monoscript/fileName/IntField.cs: d093d2abc62bd9a6506506f5e9f94e9b -> 
  custom:scripting/monoscript/fileName/PlasticDialog.cs: b0aae1bf1889af041741f324070b7b84 -> 63a17a2b696bc2a13c9046aa16f8cea4
  custom:scripting/monoscript/fileName/SearchBar.cs: 0200d9dbae6250c7ba578b5902232c7a -> 
  custom:scripting/monoscript/fileName/MemoryUtils.cs: c0a8b93219c4b1948c28fd1fbb532b45 -> 
  custom:scripting/monoscript/fileName/MenuTrigger.cs: 04c9fa66d7546b7535e0c372e7119d1c -> 
  custom:scripting/monoscript/fileName/GuidItemRequest.cs: 3315912074e8dd573d76e15943eee263 -> 
  custom:scripting/monoscript/fileName/ShaderGraphShortcuts.cs: be7c12b303f610fb77161cd72cdb58e0 -> 
  custom:scripting/monoscript/fileName/InpaintingItemRequest.cs: 07ff3afdd00f75bc58a717365b431abd -> 
  custom:SearchIndexIgnoredProperties: e643bd26f0fe6173181afceb89e7c659 -> 
  custom:scripting/monoscript/fileName/ColorRGBSlotControlView.cs: 47393949a40491ebca7d66fbe2be1130 -> 
  custom:scripting/monoscript/fileName/DoodlePadManipulator.cs: bf192b20c0e301c9915176d623ed122d -> 
  custom:scripting/monoscript/fileName/ShaderStrippingReport.cs: 5542a9defb85f2a681dfb801f868d80e -> 
  custom:scripting/monoscript/fileName/KeyImageUndo.cs: b36b70070aeaa7f5ad98f0f705aaafc4 -> 
  custom:scripting/monoscript/fileName/SystemEvents.cs: c99afc5f2ad2c14a86a75ee0646a3b57 -> 
  custom:scripting/monoscript/fileName/AutoRefresh.cs: 9d30d5d3f0e8985355be1ab597da1dbb -> 0a8afde180a876655ad16caa14493409
  custom:scripting/monoscript/fileName/Stepper.cs: ef3429fdb0e6ddc754bcbb2729969f38 -> 
  custom:scripting/monoscript/fileName/ColorField.cs: 31872cfea295c7b3d4114e1df0d1c3fa -> 
  custom:scripting/monoscript/fileName/Texture2DDropManipulator.cs: faaf0fbf0602f32ab2e566f5fcf8db60 -> 
  custom:scripting/monoscript/fileName/MatrixDeterminantNode.cs: fc20b2fb1b0d0945b7e4fa5ab032e685 -> 
  custom:scripting/monoscript/fileName/MeshGizmo.cs: 1367e325c4b3122f5e0c59a2898707b3 -> 
  custom:scripting/monoscript/fileName/PlasticPluginIsEnabledPreference.cs: 7953272c37f4a828a3d1096e7479f346 -> 
  custom:scripting/monoscript/fileName/ToolRegistration.cs: 05eec62e9ed0e5b68abed1743f542d4a -> 
  custom:scripting/monoscript/fileName/UIModeRegistration.cs: 7cce35454b243ea4cf8c577787a356a0 -> 
  custom:scripting/monoscript/fileName/Logger.cs: f57b8addf9045964dedbc9b035a52780 -> 
  custom:scripting/monoscript/fileName/HelpData.cs: 9293e68e835820b452391937547d1531 -> 
  custom:scripting/monoscript/fileName/Texture3DShaderProperty.cs: fe2e7085475a591b2d8a7a0478e2404d -> 
  custom:scripting/monoscript/fileName/Frame.cs: ba75f25d179d1e97e330c8bc437b6b99 -> 
  custom:scripting/monoscript/fileName/GetRelativePath.cs: 9b16eb2de9e98b392077181cc34243c1 -> ab04ae5e0cafb93ebf5c96148bb52df0
  custom:scripting/monoscript/fileName/UnityEvents.cs: 253411328de37811883aded592b97268 -> c830e584565fcd66ca0d5a23ad8b9bd6
  custom:scripting/monoscript/fileName/Dragger.cs: 182e8f02e8857de32f667d13d420a072 -> 
  custom:scripting/monoscript/fileName/OrganizationDropdown.cs: 3c95d1500889f53ae9c954f0b8de08e6 -> 
  custom:scripting/monoscript/fileName/WindowMenuItem.cs: 7d88111db83c32af70af04b746df2361 -> 
  custom:AudioImporter_EditorPlatform: d09bf68614088b80899f8185d706f6e7 -> 
  custom:scripting/monoscript/fileName/NormalReconstructZNode.cs: 1ec75dc5dde4ca1e4699da923bba6306 -> 
  custom:scripting/monoscript/fileName/SampleOutputTrainedView.cs: 937eb13f12dbcea012d0859e7cd71714 -> 
  custom:scripting/monoscript/fileName/HlslFunctionView.cs: 91fe4fc2572601d51314d48c648308df -> 
  custom:scripting/monoscript/fileName/FieldCondition.cs: 68c14bb711f90162091b8d00dc18ac08 -> 
  custom:scripting/precompiled-assembly-types:Unity.Muse.StyleTrainer: 8d66a6457d5265a2b7e7982f809c02f3 -> 
  custom:scripting/monoscript/fileName/PhysicalHandsManagerEditor.cs: 2b804dd5f97e228333eed7e0cecbbeee -> 
  custom:scripting/monoscript/fileName/ColorPicker.cs: 45940f1accfa39b8fb55ad9d157ce6eb -> 
  custom:scripting/monoscript/fileName/AccountDropdownWindow.cs: a33f56b937fd0adc97b5ff1c4ffeb000 -> 
  custom:scripting/monoscript/fileName/DockEditorWindow.cs: 581124d5e19667105f2446d6dfbf7982 -> a9e5e467234133af999283610b6e84e6
  custom:scripting/monoscript/fileName/Scrollable.cs: b42d32cbdb0d0e84f707c5311b3fb0e7 -> 
  custom:scripting/monoscript/fileName/ColorToolbar.cs: 96923e6da6120f579a224f7246cab420 -> 
  custom:scripting/monoscript/fileName/HandModelManagerEditor.cs: 9ea110736aa9ec9b9412b11ae9a16995 -> 
  custom:scripting/monoscript/fileName/Avatar.cs: 8a016dcb257e2d72937135a10fec2330 -> 
  custom:scripting/monoscript/fileName/EnumControl.cs: a155ea2049bcc4b730fdb35a04228a60 -> 
  custom:scripting/monoscript/fileName/ReadonlyHashSet.cs: 90647cc400823b41df847a6cbfc29026 -> 
  custom:scripting/monoscript/fileName/DataOpInDialog.cs: 69f4fb06f82ae1e2636cc50964feb500 -> 
  custom:scripting/monoscript/fileName/CloudContextFactory.cs: c7ad3d18b1424fd8a57623e4962b184a -> 
  custom:scripting/monoscript/fileName/MaterialGraphEditWindow.cs: 22b7af5f54d64dd16e9b45a307a0001b -> 
  custom:scripting/monoscript/fileName/PreviewProperty.cs: d93fac191c27dba0152ab509a218a801 -> 
  custom:scripting/monoscript/fileName/RectangleNode.cs: 2af038361905b60eb5a622cc97d1e5bc -> 
  custom:scripting/precompiled-assembly-types:Unity.Muse.Texture: 48bcd1e6f20b15aad6cd18e738dcd98c -> 
  custom:scripting/monoscript/fileName/TrainingSetUIEvents.cs: 8a91337b896321c8b9deb4926749f2e0 -> 
  custom:scripting/monoscript/fileName/MatrixNames.cs: ae8a14b06d41d79868ce214701267a70 -> 
  custom:scripting/monoscript/fileName/MultiArtifactDragAndDropHandler.cs: c3a93436904503a08bc378a513458658 -> 
  custom:scripting/monoscript/fileName/IShaderPropertyDrawer.cs: 8016b3468bea062c187693dbe94fc480 -> 
  custom:scripting/monoscript/fileName/IMayRequireVertexID.cs: 3aba08464f87293afb55f26eaeebf2b7 -> 
  custom:scripting/monoscript/fileName/BranchesSelection.cs: 7eb1fcb556f0fad697e4ec9d989be099 -> 33b36e7b03910960966036894ec90c7c
  custom:scripting/monoscript/fileName/XRSupportUtil.cs: 3df47f32fc6cd322ee462c54faf6c76a -> 
  custom:scripting/monoscript/fileName/AdditionalPropertiesState.cs: 90647cc400823b41df847a6cbfc29026 -> 
  custom:scripting/monoscript/fileName/VirtualTextureInputMaterialSlot.cs: e41c02373c08cd0f91a0b28b252af957 -> 
  custom:scripting/monoscript/fileName/TileLayoutUtils.cs: defa2e88135c81d660ccde9eb7e02db6 -> 
  custom:scripting/monoscript/fileName/NormalFromTextureNode.cs: a2846d748b3c243ec56c2c82bfd47b94 -> 
  custom:scripting/monoscript/fileName/Builder.cs: 0cdf409b5aa8d4c25876d72b5c6a3b60 -> 
  custom:scripting/monoscript/fileName/AsyncThunkOptions{T}.cs: 0839f0fab552382e336c9612735c5dc8 -> 
  custom:scripting/monoscript/fileName/CameraUI.Environment.Drawers.cs: 6b931c755be6b8c07068541044964215 -> 
  custom:scripting/monoscript/fileName/AlertDialog.cs: f53159e52163caa1ddbe8d7e2c95f739 -> 
  custom:scripting/monoscript/fileName/TrialNotificationView.cs: 88113aa24d5443fe73350b54dd735614 -> 
  custom:scripting/monoscript/fileName/SaveAction.cs: b68fbb4319dbb368959c40781b39fdf8 -> 27c387bb58f3a69b0c9ff60d2209e18f
  custom:scripting/monoscript/fileName/AutoConfig.cs: 6c4e7f9dc55323aa1299debfe9723aa6 -> bf4bbd2f2e752464ef51dbf102faed17
  custom:scripting/monoscript/fileName/CompatibilityExtensions.cs: bcd4366262f2aa1ee3d32a6a84b15d03 -> 
  custom:scripting/monoscript/fileName/PositionNode.cs: bc54121527f459f91c14738c0deabade -> 
  custom:scripting/monoscript/fileName/ProbeGIBaking.VirtualOffset.cs: 330e56460745b2173b246e880ce62600 -> 
  custom:scripting/monoscript/fileName/MaterialExporter.cs: fe88532e546858432754970c783248c0 -> 
  custom:scripting/monoscript/fileName/ChannelEnumMaskControl.cs: 45fe80850185e23820380f2640f38e98 -> 
  custom:scripting/monoscript/fileName/GraphUtil.cs: 466dfa1fb6f876d5fc9f40e8fca7e0d0 -> 
  custom:scripting/monoscript/fileName/AttachmentPointFlags.cs: 7946c220ea61e71c1186a2444fc7ddbd -> 
  custom:scripting/monoscript/fileName/CustomFunctionNode.cs: 915a68c03d05916b943b7723817f1168 -> 
  custom:scripting/monoscript/fileName/DitherNode.cs: 42349e7f980412e319f98011c21241d0 -> 
  custom:scripting/monoscript/fileName/Preloader.cs: cbd9d8c98c6031c24a87ace9273a7387 -> 
  custom:scripting/monoscript/fileName/CheckpointData.cs: c08ccf8c887ea2030f37db29afc3fd95 -> 
  custom:scripting/monoscript/fileName/FlipNode.cs: 48bb1c008fa02da183e45f28086a00a6 -> 
  custom:scripting/monoscript/fileName/UploadResponse.cs: 273fbc12b343e8d95f607b71c0aa3dd7 -> 
  custom:scripting/monoscript/fileName/DebugUIHandlerRow.cs: 5aa34c839041921a8bb4782962dd40d0 -> 
  custom:scripting/monoscript/fileName/ProbeVolumeAsset.cs: a5e0c9ed947690b267844429bc5fb834 -> 
  custom:scripting/monoscript/fileName/ChannelMixerControl.cs: 477ffb2c13d59c3bbff0aa9446c183ef -> 
  custom:scripting/monoscript/fileName/ObjectNode.cs: 1764c6f0687197738dd4af7ad53537b8 -> 
  custom:scripting/monoscript/fileName/SelfRefreshingGenesisAccessTokenCacheWrapper.cs: 37f614fb8744ff46e79f0265574aa077 -> 
  custom:scripting/monoscript/fileName/Vector4PropertyDrawer.cs: 5dae06f12781d463895f20a2573fe3a0 -> 
  custom:scripting/monoscript/fileName/EditorCloudContext.cs: afcc104cf3a31ce52b4bd196744aacf9 -> 
  custom:scripting/monoscript/fileName/ServerStatus.cs: f08fb735d27cf26f7ef0bfd900a7a6fc -> 
  custom:scripting/monoscript/fileName/IDebugDisplaySettingsPanel.cs: 268c0fea34c9d6cdb0a803b95b28efce -> 
  custom:scripting/monoscript/fileName/DiffPanel.cs: 02288a38bd14cc2b52a25b302a6f154e -> 210366dab3631628227b9406f87a9b7f
  custom:scripting/monoscript/fileName/RangeSliderFloat.cs: 7df532bf94e2a0387f1941318d126699 -> 
  custom:scripting/monoscript/fileName/GraphDataUtils.cs: e2f79c65340ccfe3db9c0a87b99dbfce -> 
  custom:scripting/monoscript/fileName/ShaderGraphRequirements.cs: 6c90d639187e7a2cb4ef2011d914257b -> 
  custom:scripting/monoscript/fileName/PaintingElement.cs: 503ed1b98bf9acbbdd394fc8e09e5b3b -> 
  custom:scripting/monoscript/fileName/PlasticAssetsProcessor.cs: ff731c8aacf4a537dc74c7cf9eaeaed0 -> 
  custom:scripting/monoscript/fileName/YearPicker.cs: f1a57f3cc536b55b3a1d0bdd82d97e36 -> 
  custom:scripting/monoscript/fileName/DrawActionToolbar.cs: 52293cb82089e0370f52e257f41c0869 -> e05748a99799f26304c1bbafd90f703b
  custom:scripting/monoscript/fileName/IHost.cs: 43ae4f944ec024b2fb54e61a1decbf1d -> 
  custom:scripting/monoscript/fileName/ExperimentalProgram.cs: a1dabe1dec19a9640d4b6f6ee86bb915 -> 
  custom:scripting/monoscript/fileName/EditorVersion.cs: 70953c9eccf7726f70c672a9a51619e9 -> 698aba075b19a52a056d67a7b809d179
  custom:scripting/monoscript/fileName/TeamEditionConfigurationWindow.cs: d06f049421c16e5927ec29f770917e09 -> e53b1ca5561894aaeff930afb696d001
  custom:scripting/monoscript/fileName/TreeViewItemIds.cs: 7d654a2b5b3a10da3e7d8472196e96d1 -> 0cdf409b5aa8d4c25876d72b5c6a3b60
  custom:scripting/monoscript/fileName/CubemapAssetNode.cs: aed46f7168590ce85b34679df34e78ae -> 
  custom:scripting/monoscript/fileName/ShaderGraphNodeValidationExtension.cs: 68e3c95119bf1bf0a35f08ff22cf2563 -> 
  custom:scripting/monoscript/fileName/AnchorEditor.cs: f49dab896fcefdae8e0d77a18ee1044d -> 
  custom:scripting/precompiled-assembly-types:Unity.Muse.Sprite: 12e9a6f0fb9e0a016ab5c2ca49b2912a -> 
  custom:scripting/monoscript/fileName/RangeSlider.cs: 0cdf409b5aa8d4c25876d72b5c6a3b60 -> 
  custom:scripting/monoscript/fileName/DebugDisplaySettingsVolumes.cs: 980ceb204a68987a079e7c3766607f32 -> 
  custom:scripting/monoscript/fileName/Styles.cs: d574ed300700f2732b97aec39cdfef36 -> 1728aa377394bacc23133c7e998f0fa5
  custom:scripting/monoscript/fileName/ProgressOperationHandler.cs: 5fbb4e0f656dcfaa4498bd2e492e4710 -> ec62666c0ca1649dd33cc6bc6834c6f7
  custom:scripting/monoscript/fileName/UnityPlasticTimer.cs: 961fdb6492c99b4a3eadbed28e78c4b0 -> 6c887e722e951c2964523825cad70c4c
  custom:scripting/monoscript/fileName/TreeHeaderColumns.cs: 9fc4a0396a421346b8aa3b7788860851 -> 316e5ea62e66b20fd6e687a6b9e5958e
  custom:scripting/monoscript/fileName/TilingAndOffsetNode.cs: 5f8c418d189cdb22adc1dc1014866312 -> 
  custom:scripting/monoscript/fileName/IProxyOperator.cs: c813baa04a9219aea825a899390cc4eb -> 
  custom:scripting/monoscript/fileName/SpriteAnalyticsManager.cs: 7e8f0b697c5d72ceac35085b114b8bd8 -> 
  custom:scripting/monoscript/fileName/Toolbar.cs: 26e6ba8304be5dedc8f3aa32863259d8 -> 
  custom:scripting/monoscript/fileName/Vector2Node.cs: 27a5f70bf425f3e4ecab79166cac2f10 -> 
  custom:scripting/monoscript/fileName/PngMetadataEncoder.cs: 91f4d0f4e2a47289312053d7e56b5fa1 -> 
  custom:scripting/monoscript/fileName/SubShaderDescriptor.cs: c46bf66e7269673486bde05407331190 -> 
  custom:scripting/monoscript/fileName/TargetSetupContext.cs: 8f890170e86629e5cf1de773fa1c4c00 -> 
  custom:scripting/monoscript/fileName/SubscriptionResponse.cs: ddcdb33a250e9f08098b9585cca7859a -> 
  custom:scripting/monoscript/fileName/IESObject.cs: 44f389ed9102ee4b311260e8a2ba5b10 -> 
  custom:scripting/monoscript/fileName/ActionButton.cs: da9cf9c1593674e12e8c4fbf1511f25f -> 
  custom:scripting/monoscript/fileName/ProbePlacement.cs: 96cb1cde9d2502ce2fedd6b29bccd394 -> 
  custom:scripting/monoscript/fileName/SearcherDatabaseBase.cs: 1176fb177f3ee60ce859aada50e71de2 -> 
  custom:scripting/monoscript/fileName/AssetFilesFilterPatternsMenuBuilder.cs: 8fe5de6e5dc3d42fb7e95de2aaedbf5a -> 0d99e7514c6a33cda8314deed8f34bc5
  custom:scripting/monoscript/fileName/VolumeProfileOverridesAnalytic.cs: 3eda3a3105bc4bd130cf1060d6d35f83 -> 
  custom:scripting/monoscript/fileName/Stage.cs: 8207a8497643b50b80f8ad65c6b0c3a3 -> 
  custom:scripting/monoscript/fileName/PlasticNotification.cs: 3629fdff9f054b2013702f5b131b2c47 -> 
  custom:scripting/monoscript/fileName/GrabDetector.cs: 5eace2d0fa35d4ac304dfa6329831428 -> 
  custom:scripting/monoscript/fileName/SearcherItem.cs: 1109dbb77f9f1b0162720b68baa17e53 -> 
  custom:scripting/monoscript/fileName/ConfirmContinueWithPendingChangesDialog.cs: c0e147ff008a0b77c9337132a3ea70af -> 77462b1904ad8f6fee2f8da4523d59fe
  custom:scripting/monoscript/fileName/GradientNoiseNode.cs: 134baa69ccf721841d0d43b5e023da45 -> 
  custom:scripting/monoscript/fileName/BasicImageOperatorView.cs: 29aa753068149595cccdc0bffe34cabb -> 
  custom:scripting/monoscript/fileName/NoContactParent.cs: 0f218c5ab34af7dc58b851960a65d11d -> 
  custom:scripting/monoscript/fileName/UsageTracker.cs: 8553928dd34c9ea8481d5e26ef42bae7 -> 
  custom:scripting/monoscript/fileName/Context.cs: 9f2868ee92231bc7f785cc05a1299416 -> 
  custom:scripting/monoscript/fileName/MultiJson.cs: 1369d60f528f78fbf4d963f80f73ed13 -> 
  custom:scripting/monoscript/fileName/Picker.cs: 794c2431b2e9ff63ff6cfae36a1169a7 -> 
  custom:scripting/monoscript/fileName/OperatorOverridePublishers.cs: cb39dec6744bb0b3b1058a9a8737a634 -> 
  custom:scripting/monoscript/fileName/Events.cs: 883e19962c501e1b26a1623169b062e1 -> 5e6fd182c984e3c981a7ddda9fb543ef
  custom:scripting/monoscript/fileName/ChangelistTreeViewItem.cs: a4a6f6169cdb3afe249e104e2b7b1a2c -> 87f69636be8bd1a264ec4eac1bffa701
  custom:scripting/monoscript/fileName/Divider.cs: 677c824aea886dad636a71302437f2ed -> 
  custom:scripting/monoscript/fileName/MaximumNode.cs: 3d81206fda4110b751cae570cdd9e099 -> 
  custom:scripting/monoscript/fileName/LeapImageRetrieverEditor.cs: 3c1d7874a20c026a88bf02a5b7f87045 -> 
  custom:scripting/monoscript/fileName/HandModelBase.cs: 24637bd004e2255ddefdde887c3b2214 -> 
  custom:scripting/monoscript/fileName/ColorManager.cs: 42d9b52a0f5738e13965fe5213a0eece -> 
  custom:scripting/monoscript/fileName/IServiceCollection.cs: 29439a3a80f03a2ece062845045838b2 -> 
  custom:scripting/monoscript/fileName/CollabPlugin.cs: bda741ff77a19affbf276298e29313ec -> ca276d65e7cd77c5c99d9f119ffdb215
  custom:scripting/monoscript/fileName/TabButton.cs: 209224933ef150b047623939760d7928 -> 
  custom:scripting/monoscript/fileName/LaunchTool.cs: 3ac53c8af1f56365aad9e1ae5366d98d -> 60773d78646dc188d4b2caca77f20b17
  custom:scripting/monoscript/fileName/ParallaxMappingNode.cs: 2d5d21ef3cc884ce2d0f39560fdb108a -> 
  custom:scripting/monoscript/fileName/CameraUI.PhysicalCamera.Skin.cs: ea37b571f4b5213ec876c626bae4a6c0 -> 
  custom:scripting/monoscript/fileName/ISGControlledElement.cs: c98ab0f8fa2c364fe9d6f134861565e6 -> 
  custom:scripting/monoscript/fileName/DebugUIHandlerEnumHistory.cs: 45d0932c2171072f0ab05fc6dbe0c326 -> 
  custom:scripting/monoscript/fileName/RunModal.cs: 33b931100ee477e6812324eabaa2e837 -> c83ee2ef642c5d8b8dfd32f033bfc438
  custom:scripting/monoscript/fileName/MaskOperator.cs: 96a09c8859eb978cd98bcf5b0abca0ed -> 
  custom:scripting/monoscript/fileName/BuiltInMetadata.cs: b758f793a906b752ebe574d6ace8ba11 -> 
  custom:scripting/monoscript/fileName/ShaderSpliceUtil.cs: 296a64ad3e8dd4ca6d3fee43f5f88197 -> 
  custom:scripting/monoscript/fileName/EditTimeOnly.cs: 0f597af6ca67f1d1e3456daa299a48b2 -> 
  custom:scripting/monoscript/fileName/DynamicVectorMaterialSlot.cs: 2b2bf75e6117850f940e772416b441ea -> 
  custom:scripting/monoscript/fileName/Vector1Node.cs: 0e338eccfb56abdbd9ec69df71e8d08a -> 
  custom:scripting/monoscript/fileName/BranchListViewItem.cs: 8fdaa5aa842f5a70237affa304b9d506 -> 55028f4aef24d6227589aaa95582b2ff
  custom:scripting/monoscript/fileName/CubemapInputMaterialSlot.cs: 879b4a2537adb12fea356ac2bff015ac -> 
  custom:scripting/monoscript/fileName/SignInUtility.cs: 237c491af772bb4290257375eabafa53 -> 
  custom:scripting/monoscript/fileName/CacheWrapper.cs: 90647cc400823b41df847a6cbfc29026 -> 
  custom:scripting/monoscript/fileName/IInspectable.cs: 5245f36409879a59996fa0e3f92ab12a -> 
  custom:scripting/monoscript/fileName/RotateAboutAxisNode.cs: 062bed844de8e017e255f954c505ade0 -> 
  custom:scripting/monoscript/fileName/ClampNode.cs: a7c78cfaad14a6e898c8ec2cd969b01e -> 
  custom:scripting/monoscript/fileName/IMayRequireMeshUV.cs: a0bceafe344f99e5a953d06e3b2ba490 -> 
  custom:scripting/monoscript/fileName/DropArea.cs: e5297c892c4f377561567d7e5c07eddb -> 
  custom:scripting/monoscript/fileName/PbrDatabaseObject.cs: 5bb5d8492c56a5366519c7e5046b605c -> 
  custom:scripting/monoscript/fileName/SerializableGuid.cs: 00ccf160b58b099b7c9658b3c5a164ed -> 
  custom:scripting/monoscript/fileName/AssertHelpers.cs: 71a7e432bbb25adbd741880130af5059 -> 
  custom:scripting/monoscript/fileName/ProbeGIBaking.Invalidation.cs: 6175994ec88bb43d2596e758da499508 -> 
  custom:scripting/monoscript/fileName/GetAvatar.cs: 07c98163f75f0b7c672bd453fc82bf61 -> 04ffae2a9e5a4c32a119f93144f558d2
  custom:scripting/monoscript/fileName/ShaderModel.cs: 5cf9d74447b1e6f5e3bacc8044d3fc92 -> 
  custom:scripting/monoscript/fileName/SerializableTextureArray.cs: 0bee458622d49ab0111b7d692c545e6d -> 
  custom:scripting/monoscript/fileName/ListUtilities.cs: e91fcc1a4b3a626aa6fbbd13c79048a5 -> 
  custom:scripting/monoscript/fileName/BoundsField.cs: 0c2df330476f58f563ac988dc83afe1b -> 
  custom:scripting/monoscript/fileName/HaltonSequence.cs: a3239711e10942cbbdb76cce3d18fd36 -> 
  custom:scripting/monoscript/fileName/StringExtensions.cs: 4c240168765d5302d695805d8bd7c2c3 -> 
  custom:scripting/monoscript/fileName/BaseDatePicker.cs: daaed6be3b79fdc4ec588f4fbd150e0a -> 
  custom:scripting/monoscript/fileName/PostProcessProviderEditor.cs: 0e0ee0ba5e6dc18d75d242c20f7e8783 -> 
  custom:scripting/monoscript/fileName/PreviewSceneResources.cs: 6b86b2dd532cefcde875061b2937c098 -> 
  custom:scripting/monoscript/fileName/IUIToolkitApp.cs: 26a879251d13fd00c4f8d49b79ad5876 -> 
  custom:scripting/monoscript/fileName/IGenerateArtifact.cs: 36119dce8383c466df276e192fc13f68 -> 
  custom:scripting/monoscript/fileName/FindTool.cs: fc3b0710b24078288fe829d0bb041dd0 -> 2f9d82566cfb01fb68fc30111fb47624
  custom:scripting/monoscript/fileName/DebugUIDrawer.Builtins.cs: 5d0037884c83169940102660bf529305 -> 
  custom:scripting/monoscript/fileName/CoreAttributes.cs: f03c6ad4dde63ffbf55cfeca716c4c07 -> 
  custom:scripting/monoscript/fileName/FogNode.cs: b9ee0398f36530ca5ee705d172cd0d96 -> 
  custom:scripting/monoscript/fileName/ComparisonGizmoState.cs: 207e057ba229ffc960362d8a8a5b7ffc -> 
  custom:scripting/monoscript/fileName/ChannelCertificateUiImpl.cs: 75d7831ab5da75cc0082e28863abb142 -> cefccf1e13b7bcf15e3c9f2dd4cd2fc8
  custom:scripting/monoscript/fileName/Preferences.cs: a7fa3b38f30bcef78c8fba009e2a6ef1 -> 
  custom:scripting/monoscript/fileName/PinchGestureRecognizer.cs: a6897e88e6eb02500523261de9af742c -> 
  custom:scripting/monoscript/fileName/ApplyCircleMask.cs: 02eb67e485278e7c9b719fee5ff90f4a -> b955b378d261fdcbd6272fe8711d1e4f
  custom:scripting/monoscript/fileName/IPropertyDrawer.cs: 14aea0f1675ba1be97bef2c03e191c86 -> 
  custom:scripting/monoscript/fileName/CameraUI.Output.Drawers.cs: 6b931c755be6b8c07068541044964215 -> 
  custom:scripting/monoscript/fileName/MenuItem.cs: a1a7148e573c53a3e72776ec916010b4 -> 
  custom:scripting/monoscript/fileName/DotProductNode.cs: 3d6927e8fbe6749097ac731eb476aa51 -> 
  custom:scripting/monoscript/fileName/SearchWindowProvider.cs: 3218e4fbbc11b3551df91fd1d225696f -> 
  custom:scripting/monoscript/fileName/IVolumetricCloud.cs: a109cf95a5821af8228689d7851a2e81 -> 
  custom:scripting/monoscript/fileName/IArtifactDragAndDropHandler.cs: f23a950e15cad74e58bb7efcc2cb10cb -> 
  custom:scripting/monoscript/fileName/MainThreadDispatcherComponent.cs: 1cd04b806c6c2db2c168f3df414334b2 -> 
  custom:scripting/monoscript/fileName/EditorSpritePreferencesView.cs: 89dd60a3002166802af3f6bf33960631 -> 
  custom:scripting/monoscript/fileName/ReciprocalSquareRootNode.cs: 9ce1a8760dec6764ce4024f8be1d92b4 -> 
  custom:scripting/monoscript/fileName/AssetMenuOperations.cs: e8e4dc7e916ba19764d008f240e56b46 -> ebcce67603e288b4a84d49287db6ef5a
  custom:scripting/monoscript/fileName/VisualElementExtensions.cs: 0c10367c202cd70af709bd8f5980ade2 -> 0aad2728225c469038631668406aebb3
  custom:scripting/monoscript/fileName/MinValue.cs: 85cd723464b27a78ca606c47d2808519 -> 
  custom:scripting/monoscript/fileName/NotificationManager.cs: 8dd284e0067a494fd4fa7648075e1110 -> 
  custom:scripting/monoscript/fileName/DebugUIHandlerValueTuple.cs: d634df7643b5297902d49f55d38b9a4f -> 
  custom:scripting/precompiled-assembly-types:Unity.Muse.AppUI.Editor: 8860f0a6cae26e6bbb198641f18e3dd4 -> 
  custom:scripting/monoscript/fileName/Vector1ShaderProperty.cs: 3c299809aa353f8aa1854626005411f2 -> 
  custom:scripting/monoscript/fileName/SamplerStateNode.cs: 6bc38490f4dee89097730d6d317a8160 -> 
  custom:scripting/monoscript/fileName/SaveTextureData.cs: 82d1d28f25e2a0668ab22305fcc26017 -> 
  custom:scripting/monoscript/fileName/MatrixShaderProperty.cs: 6920f4f73b447d579d242531bf79ea6b -> 
  custom:scripting/monoscript/fileName/EditorPreferences.cs: 6c90fc90f1fd9ef6e09cb84d55de425f -> 
  custom:scripting/monoscript/fileName/CameraEditorUtils.cs: 9ecb09c6e5e1f3cd8796a420e0060e54 -> 
  custom:scripting/monoscript/fileName/ColorPickerExtensionsBridge.cs: 3c61624512e9132c7340f48db90d47e1 -> 
  custom:scripting/monoscript/fileName/TypeMapping.cs: e578f25795269fbf07606248925e8d5c -> 
  custom:scripting/monoscript/fileName/Texture3DAssetNode.cs: e9f924e349ed9ec8670f4117105fb2dc -> 
  custom:scripting/monoscript/fileName/MaterialUtils.cs: 05c1be0b707be95100719839807c37a3 -> 
  custom:scripting/monoscript/fileName/ToggleDataPropertyDrawer.cs: ad2994fdbff12e703f206902ddbe1ec7 -> 
  custom:scripting/monoscript/fileName/BatchPbrResponse.cs: 5cdcfb29dfd3fc7a009e7a69edf59e27 -> 
  custom:scripting/monoscript/fileName/BlackbodyNode.cs: 2cbb0202adc8852dde784ba72daffc7b -> 
  custom:scripting/monoscript/fileName/LensFlareComponentSRPEditor.cs: 29c085a3f3fe95ceca1a486a408cee06 -> 
  custom:scripting/monoscript/fileName/LocksSelector.cs: 70b046a562568fd78d093736e68a3a58 -> 7b0f4fc5552c1d92ba7f4648526ceb21
  custom:scripting/monoscript/fileName/NeverAllowedByTargetAttribute.cs: 5e23c9c64cd39b78ee55dec681b9bdc7 -> 
  custom:scripting/monoscript/fileName/ListViewItemIds.cs: 8f6297df34271fdb1ce2d9607ec6261d -> 90647cc400823b41df847a6cbfc29026
  custom:scripting/monoscript/fileName/ArccosineNode.cs: a35e27d63b8a0b87495f9dc3cd2385c9 -> 
  custom:scripting/monoscript/fileName/Chip.cs: a905f48c629f79ad5565fe0f337d81b9 -> 
  custom:scripting/monoscript/fileName/CreateWorkspaceViewState.cs: 1deb37b3c17c224d9a7dca9c990ea191 -> 0fe23b7cca9336b31a27790c714de652
  custom:scripting/monoscript/fileName/FullscreenMetaData.cs: 2dd8128f018fb0776bd5c2867e8e930a -> 
  custom:scripting/monoscript/fileName/PhysicalHandsAnchorableEditor.cs: 14687722aaa2f12cee19966ae3f404f0 -> 
  custom:scripting/monoscript/fileName/Texture3DSlotControlView.cs: 7ea95dd24830f5d8af189e4e6bc7c100 -> 
  custom:scripting/monoscript/fileName/MergeLinkListViewItem.cs: ebc1e6f9e3a3005d8f4c51a794adfdaa -> 3fa407d29597803190dd374d88ed170d
  custom:scripting/monoscript/fileName/MaterialNodeView.cs: cb2ca08d17b9e6ae4f1ad4c4faf5b1c4 -> 
  custom:scripting/monoscript/fileName/InputRegistering.cs: cb47d0b372583ed4212bfacf4d681feb -> 
  custom:scripting/monoscript/fileName/DependencyCollection.cs: 5643c35ae77cc5e66d1b11ef7126e706 -> 
  custom:scripting/monoscript/fileName/ContactBone.cs: 0d186963a9a811721bce8e06a300bc24 -> 
  custom:scripting/monoscript/fileName/ShaderGraphMaterialsUpdater.cs: c70ed0aeeed4e1073c0cfbdb252e088b -> 
  custom:scripting/monoscript/fileName/StyleTrainerProjectData.cs: d7352c51275132cbb32cef880d02e819 -> 
  custom:scripting/monoscript/fileName/DrawCommentTextArea.cs: ad5449f632fd412ac0f7ba0d171fd453 -> c58c26552f95f108a8d9610eaf001fbc
  custom:scripting/monoscript/fileName/Environment.cs: 88ed5c5b879a17136454598d4f1afab4 -> 
  custom:scripting/monoscript/fileName/BuiltInFields.cs: 55bdce375a9e879aa17c40288c131a68 -> 
  custom:scripting/monoscript/fileName/SpriteMiscBackend.cs: 866cc4fefcfc3ffe5f19421303f67c38 -> 
  custom:scripting/monoscript/fileName/GatherTexture2DNode.cs: 14267b6db3c1045c368a2ee1372601ac -> 
  custom:scripting/monoscript/fileName/ErrorsListHeaderState.cs: f366e16fac061f262479ccab9ff07a93 -> b961336a4a43551eb826f97c57673007
  custom:scripting/monoscript/fileName/TextureControl.cs: 52e7f4648e3f53963b9180a4a76cecf3 -> 
  custom:scripting/monoscript/fileName/SerializedDictionary.cs: a53f96815da50de15010b1c479bc70cf -> 
  custom:scripting/monoscript/fileName/StoreExtensions.cs: 7f3a8c80d98df63f5d80dc116828fc6a -> 
  custom:scripting/monoscript/fileName/RefreshAsset.cs: 4479d2949a66a97f66d1e550067f3767 -> 5a15c606785f1f54a697bb0d0d846dfb
  custom:scripting/monoscript/fileName/SawtoothWaveNode.cs: a04767749f4068d8d2ea1dd9fe867d31 -> 
  custom:scripting/monoscript/fileName/BuiltInUnlitSubTarget.cs: cd934080f7c805b6bbd061db48b93788 -> 
  custom:scripting/monoscript/fileName/NullableColorField.cs: a45894631a2c70c7e9441a31822142a1 -> 
  custom:scripting/monoscript/fileName/StackView.cs: 07df23718393071a6be17c735336a856 -> 
  custom:scripting/monoscript/fileName/HelpText.cs: ae17a9903119c6c4b47752757faca430 -> 
  custom:scripting/monoscript/fileName/PreviewImage.cs: 2d3cdead3ad53b71b25bee2a396e8de6 -> 
  custom:scripting/monoscript/fileName/Target.cs: 4d59880ea1d71addf2977271f44dbb24 -> 
  custom:scripting/monoscript/fileName/CameraController.cs: 90f26c7c63924735c23c826b8a781463 -> 
  custom:scripting/monoscript/fileName/Preference.cs: dcffa4837428e139966556d1521dfd24 -> 
  custom:scripting/monoscript/fileName/KeyImageOperator.cs: 6e51d56f993ccbe0ad5601d3c03b0a03 -> 
  custom:scripting/monoscript/fileName/RemoveAdditionalDataUtils.cs: aa9656d15f0c27d99401c03a7ce23b81 -> 
  custom:scripting/monoscript/fileName/BoolSetting.cs: d67f952c3a5976591f3e9a9e7356bbab -> 12bf039ccd38b0f4ccfffbec3cbbf108
  custom:scripting/monoscript/fileName/RuntimePreferences.cs: c7d13a8c28292fb800de1ea70001ac2c -> 
  custom:scripting/monoscript/fileName/SceneDepthDifferenceNode.cs: 8b4af65ee125e4459f757cffcf74b7ec -> 
  custom:scripting/monoscript/fileName/AccordionItemValueChangedEvent.cs: 7ee7139f28cbc268764faa7bb88ee7d9 -> 
  custom:scripting/monoscript/fileName/NotificationView.cs: aecaeebffcc647dfa00092e8648c00ac -> 
  custom:scripting/monoscript/fileName/Texture2DInputMaterialSlot.cs: f095c115703cb7bc1c3247deb706bacb -> 
  custom:scripting/monoscript/fileName/CustomTextureSelf.cs: f53ae610c96d8cd316112a71827058f1 -> 
  custom:scripting/monoscript/fileName/ActionBar.cs: 37f8c49690121e371b81aec172b548e6 -> 
  custom:scripting/monoscript/fileName/IMayRequireCameraOpaqueTexture.cs: 12bfffea18266b1a23ce102521eca097 -> 
  custom:scripting/monoscript/fileName/SamplerStateNodePropertyDrawer.cs: 044a23d9afc5313cf8ba9462f9fb3fc3 -> 
  custom:scripting/monoscript/fileName/TouchSlider.cs: 0cdf409b5aa8d4c25876d72b5c6a3b60 -> 
  custom:scripting/monoscript/fileName/IGraphDataAction.cs: 2bbf15ec78509ab836a9f8c43a9c727f -> 
  custom:scripting/monoscript/fileName/BlockNode.cs: a6e6423167f3cb487458ab4384bcca3b -> 
  custom:scripting/monoscript/fileName/AttachmentHands.cs: 13e261712a7db22f75fd298aaf539307 -> 
  custom:scripting/monoscript/fileName/NotNode.cs: f931cfeed3a6ce3f983d1a7764b0aee4 -> 
  custom:scripting/monoscript/fileName/StickyNoteData.cs: 50de03a5593c3db20c79d821fbf50dfd -> 
  custom:scripting/monoscript/fileName/InvertColorsNode.cs: 21e5001b17acc89ec931712bf2a25ed9 -> 
  custom:scripting/monoscript/fileName/SessionStatusNotifications.cs: 43355689a6519fa83f3785618409d53c -> 
  custom:scripting/monoscript/fileName/CubemapPropertyDrawer.cs: 2c78f71715ce4f50ca396b15a55c428a -> 
  custom:scripting/monoscript/fileName/DoodlePad.cs: 83192d03aa89fc2731d76ee96670d63b -> 
  custom:scripting/monoscript/fileName/INode.cs: e23b655906be2b9889b714c3007781bb -> 
  custom:scripting/monoscript/fileName/Vector4MaterialSlot.cs: 5513e99cb99efc729655c724300102cf -> 
  custom:scripting/monoscript/fileName/SchedulerGameObject.cs: 86df6e41a1de752cf01437ee305ca040 -> 
  custom:scripting/monoscript/fileName/HandPoseRecorder.cs: 68cf5aa99438127367c6d376c03e77f7 -> 
  custom:scripting/monoscript/fileName/MaterialPreviewer.cs: a7a351f3991c9727472adeb45a6b764e -> 
  custom:scripting/monoscript/fileName/RadioGroup.cs: 2c55c1c3945f76b4b30af88bb9c0fef3 -> 
  custom:scripting/monoscript/fileName/CreateChangelistDialog.cs: 774371d4233cc1d394d98dc80507a1f8 -> 386b03e27c951c5f1d63daf7aae486ca
  custom:scripting/monoscript/fileName/VertexIDNode.cs: 278b4af0e1d263c7a6a8330120e8ef67 -> 
  custom:scripting/monoscript/fileName/PosterizeNode.cs: 22eec0de0b0ff2be25b885d81fc10f30 -> 
  custom:scripting/monoscript/fileName/KeywordNode.cs: 69447c6571188bb1a4378849842e6c36 -> 
  custom:scripting/monoscript/fileName/HandBinderEditor.cs: 48b63a6af107a556e7182b3a9649133e -> 
  custom:scripting/monoscript/fileName/Pose.cs: d68bd6c291084079d3bfee3332e2edfd -> 
  custom:scripting/monoscript/fileName/FakeJsonObject.cs: ebe0642e955ceece6f734ed7a2ecdaa9 -> 
  custom:scripting/monoscript/fileName/RTHandle.cs: 198beeada0783b102b5de49eaf76743d -> 
  custom:scripting/monoscript/fileName/DialogTrigger.cs: 26f7d6a3b9923b6f3c104f73661ca70d -> 
  custom:scripting/monoscript/fileName/TimeNode.cs: 228ce4766a99f0761289608e6ed4f9d5 -> 
  custom:scripting/monoscript/fileName/HistoryListViewMenu.cs: 15a489e494f04a7ea37a587c7601070e -> 29770348599c8d5473b78d72e5741b40
  custom:scripting/monoscript/fileName/ShaderGraphDataExtension.cs: a45ecda2d2e7082aa4a437a8997966ae -> 
  custom:scripting/monoscript/fileName/StyleModelController.cs: 90cde35f55beff4d4bc01ad6ed4e8670 -> 
  custom:scripting/monoscript/fileName/AccountDialog.cs: eb758620b10e7bc03deac3fbb715ff61 -> 
  custom:scripting/monoscript/fileName/ExperimentalProgramNotifications.cs: b9eaf0e2ed8629abee2bbd33fccc71ef -> 
  custom:scripting/monoscript/fileName/DropZone.cs: 393981527a8d8276e9be4b7751b7985a -> 
  custom:scripting/monoscript/fileName/CoreEditorDrawers.cs: 2510b50dc7159cd7832baf63ade3e6bf -> 
  custom:scripting/monoscript/fileName/CommandBufferPool.cs: 35881b26195c08fe29d91784b3493017 -> 
  custom:scripting/monoscript/fileName/TabItem.cs: d0e1f1498924ec418de97bc614378027 -> 
  custom:scripting/monoscript/fileName/FilterRulesConfirmationDialog.cs: 5186d89f21d03764f0cca01c2a0122d7 -> 9c91c6c91f20e6d013a753f32343b327
  custom:scripting/monoscript/fileName/ExporterHelpers.cs: fa331b7e968c869e9c634ead5c71e4b9 -> 
  custom:scripting/monoscript/fileName/LegacyUnknownTypeNode.cs: 6bce94b33b90a7d08d9d8065ebc0bdb4 -> 
  custom:scripting/monoscript/fileName/ShaderGraphAnalytics.cs: cd0d162bc6048dda7cc300c26b687cc0 -> 
  custom:scripting/monoscript/fileName/FingerModel.cs: 865652628f08e8ae95483bc7a3ac7ccd -> 
  custom:scripting/monoscript/fileName/Store.cs: fd55b3abf8197d7fcd3a0103b24e0c2e -> 
  custom:scripting/monoscript/fileName/LegalConsentRequest.cs: 9f74b331b036daa157f4824aa8d095b5 -> 
  custom:scripting/monoscript/fileName/SlotReference.cs: 7f27af84058579befc37c5d31958d340 -> 
  custom:scripting/monoscript/fileName/AccountEditorInternals.cs: a5cfd6ff5afffe7586eaf35aad71b58d -> 
  custom:scripting/monoscript/fileName/Controller.cs: bdc9ac143787ad03b0d1b9c100065c1c -> 
  custom:scripting/monoscript/fileName/TextureAnalyticsManager.cs: ac4941f2a13b64880e168242830b234b -> 
  custom:scripting/monoscript/fileName/ClientUpdateNotificationView.cs: b98252b27eaee9ea6667d9067006fb73 -> 
  custom:scripting/monoscript/fileName/HandPoseEditorScripts.cs: 7213512f83c243993dcb47a64c3d3bf1 -> 
  custom:scripting/monoscript/fileName/ChangesetsSelection.cs: d154d1782ed752b83834c54a0bde3df9 -> 8b9d539af9f7e269bac4e3d79e9ffab8
  custom:scripting/monoscript/fileName/BuiltInLitSubTarget.cs: aac3359589a4029dcae0bd2454bbaa85 -> 
  custom:scripting/monoscript/fileName/DistortionData.cs: 7b00a94fc06e3d65689e0e1132c45f25 -> 
  custom:scripting/monoscript/fileName/ContextProviderAttribute.cs: 9cbbd4f58287dd6e1dca437a5ae3f559 -> 
  custom:scripting/monoscript/fileName/AppUIManagerBehaviour.cs: 2853b7be127102594acb89f16109c52b -> 
  custom:scripting/monoscript/fileName/ShaderUtils.cs: 5b8b7d1bc60c052a1c695eafacbd98f7 -> 
  custom:scripting/monoscript/fileName/HandPoseEditor.cs: 9fd059b11f6d73a1461d2b5362188199 -> 
  custom:scripting/monoscript/fileName/AppUISettings.cs: f35e4421c274cb6f375d98e2c7c678e5 -> 
  custom:scripting/monoscript/fileName/AssetPostprocessor.cs: 96208057b904410715a8df295ba4f8f4 -> 
  custom:scripting/monoscript/fileName/FileUtilities.cs: 771f43e67585e5fce72a68dee6f48c42 -> 
  custom:scripting/monoscript/fileName/TestHandFactory.cs: 248a6b0a9bf7938e3cebf4c763f81dc1 -> 
  custom:scripting/monoscript/fileName/FSRUtils.cs: cc5a2350cf3d51f8c4e95d114b305009 -> 
  custom:scripting/monoscript/fileName/IsResolved.cs: 12b1cb46be3341613a9d03a0fb32ccfc -> f54a3e2c5134aa4306f9ad150b1911a9
  custom:scripting/monoscript/fileName/DebugUIHandlerToggleHistory.cs: 0efb67cbdca69bd93c6e89c840b7dddd -> 
  custom:scripting/monoscript/fileName/BlackboardInputInfo.cs: a25dfa010eeafa1bd76fb146177a2385 -> 
  custom:scripting/monoscript/fileName/LocalStatusCache.cs: a558fcf5f34357bab4cfc7b75e2bb356 -> 30974ea30517fbfd1b93153f6c849a76
  custom:scripting/monoscript/fileName/SampleOutputPromptRow.cs: 947988e2f88c44ae518771fe2d4de2e0 -> 
  custom:scripting/monoscript/fileName/DebugUIHandlerMessageBox.cs: eae216b4275440e05f67b5fc8b459028 -> 
  custom:scripting/monoscript/fileName/IColorProvider.cs: db28d082041ca082dcdcb6bea551bbba -> 
  custom:scripting/monoscript/fileName/DropManipulator.cs: 90647cc400823b41df847a6cbfc29026 -> 
  custom:scripting/monoscript/fileName/ProbeSubdivisionContext.cs: 77380e81d520bb85c1b4f94c4b1458b8 -> 
  custom:scripting/monoscript/fileName/KeywordDependentCollection.cs: f0fb22e265a5f87d0185dc115b033693 -> 
  custom:scripting/monoscript/fileName/RepositoryExplorerDialog.cs: 143e7416b576681e1f2ea71288e530e6 -> eea34924da79ad7254f3e141a891c78d
  custom:scripting/monoscript/fileName/StyleTrainerWindow.cs: 99960aef40c7fc855db5a231d0da3022 -> 
  custom:scripting/monoscript/fileName/SubscriptionStartedDialog.cs: 9bb7b4ee78a1cf4b161e17d8f8de66e0 -> 
  custom:scripting/monoscript/fileName/EventBaseExtensionsBridge.cs: ce3de20bb7dce215ea4b3e10328d42d6 -> 
  custom:scripting/monoscript/fileName/GraphViewActions.cs: ca8d2c30bf20be877033840cbfefd483 -> 
  custom:scripting/monoscript/fileName/TrainingItemGridItem.cs: 39b148c71e2c4466fc6e71f386cf4161 -> 
  custom:scripting/monoscript/fileName/ProbeBrickPool.cs: 14b7482ce920c36421c3e0984e1cf843 -> 
  custom:scripting/monoscript/fileName/SimpleFacingCameraCallbacks.cs: a8cc76661ed5e6f99736eba590056656 -> 
  custom:scripting/monoscript/fileName/NormalizeNode.cs: 206e083603352147c800077850d90691 -> 
  custom:scripting/monoscript/fileName/Texture2DShaderProperty.cs: 2cc8ff8278e8514d47f8d0257ffba7e0 -> 
  custom:scripting/monoscript/fileName/IntParameterDrawer.cs: 1660f87314874ada5cd0d35c324db62f -> 
  custom:scripting/monoscript/fileName/HelpLinkData.cs: 298f428470bd6f0a46823cad390bf0d6 -> 
  custom:scripting/monoscript/fileName/DataStore.cs: 90647cc400823b41df847a6cbfc29026 -> 
  custom:scripting/monoscript/fileName/WorkspaceWindow.cs: ff52e13cd29dacd66db0169e14f71a23 -> b042f06133312d3bfed176231d97d77c
  custom:scripting/monoscript/fileName/AttachmentHandsEditor.cs: 679f39842b2ee442633c09f9d7c6f8f0 -> 
  custom:scripting/monoscript/fileName/ShaderGeneratorNames.cs: 1bbe896da98d1d154e6d5c5756923756 -> 
  custom:scripting/monoscript/fileName/XRGraphics.cs: 646c04de9fc8f194763ae67c06e8d189 -> 
  custom:scripting/monoscript/fileName/NandNode.cs: 23c9b6cc63194bd87293b257b3e30f9a -> 
  custom:scripting/monoscript/fileName/GridView.cs: 218e4cade9ebbe8b25f0fd72fb669305 -> 
  custom:scripting/monoscript/fileName/AppUIManager.cs: 35c76c99b52f444a32a4bf1b5da9079a -> 
  custom:scripting/monoscript/fileName/RelayCommand{T}.cs: b98e5608049019f2756175075d1dd454 -> 
  custom:scripting/monoscript/fileName/PlasticShutdown.cs: a8df8eeeed98372d06e446171a192a6d -> 
  custom:scripting/monoscript/fileName/IdentifierControl.cs: e3495e4ca87c994bf5ea600cf5b4136f -> 
  custom:scripting/monoscript/fileName/FilesFilterPatternsMenuBuilder.cs: 28072cd275c96994687e6d4d0d6e1dff -> cf716a8d336c8113475a9ca67a799ec1
  custom:scripting/monoscript/fileName/Tabs.cs: 4aff82d5ca8582a86962cfabfcfa2c55 -> 
  custom:scripting/monoscript/fileName/IgnoreCollisionsInChildren.cs: 1606e9ab4b646fa5cc87bf55e5b67037 -> 
  custom:scripting/monoscript/fileName/AccountDropdown.cs: 1f0fb4bbd95b8d9a8fe117eaae6147a5 -> 
  custom:scripting/monoscript/fileName/IPropertyFromNode.cs: 5a8c7873f0970db2476ff7e6c1e65620 -> 
  custom:scripting/monoscript/fileName/SerializedSettings.cs: 0b8f9718a63e7b28efe8872b30702b5c -> 
  custom:scripting/precompiled-assembly-types:Unity.Muse.StyleTrainer.Editor: 6c5095e2cd65b84235aaabd71dc25ddb -> 
  custom:scripting/monoscript/fileName/UnityConnectUtils.cs: c5f7da7345702fca9d7eafa173c657f6 -> 
  custom:scripting/monoscript/fileName/Texture3DInputMaterialSlot.cs: a249965d545b834a1461258c73ff703f -> 
  custom:scripting/monoscript/fileName/SignInDialog.cs: 718237e1d3788719eb31a2fb0ba22579 -> 
  custom:scripting/monoscript/fileName/MaterialPreviewSettings.cs: 6090ae28aa46edf53fc557142992e860 -> 
  custom:scripting/monoscript/fileName/ColorSpaceUtils.cs: 1d255e6551d8df71ffd04150d954b72b -> 
  custom:scripting/monoscript/fileName/EditorMaterialQuality.cs: 83d45c2d24380ad4d144c5f98f1500cf -> 
  custom:scripting/precompiled-assembly-types:Ultraleap.Tracking.PhysicalHands.Editor: 88661f8677d1353bd75ba87033a721bc -> 
  custom:scripting/monoscript/fileName/AppUIInput.cs: a311aa0da35a24a481a6cb54849f5076 -> 
  custom:scripting/monoscript/fileName/MaxValue.cs: 10750391c805536f4680ba8366f9b07b -> 
  custom:scripting/monoscript/fileName/CrossProductNode.cs: 5753a6163a344e80db4d0c8f1e930426 -> 
  custom:scripting/monoscript/fileName/ResizableElement.cs: 391fd1d62f71b65746f6e81e3871fffc -> 
  custom:scripting/monoscript/fileName/RenderGraphResourceRegistry.cs: ffe937371ff494b342e4f7da85f2a9c2 -> 
  custom:scripting/monoscript/fileName/SlotReference0.cs: 9e41ce82a2db67b39f4cbf374082143a -> 
  custom:scripting/monoscript/fileName/DDXNode.cs: 3a14d8880f4781619a905b53b679f34f -> 
  custom:scripting/monoscript/fileName/AsyncRelayCommand.cs: a78b7dd3235f68e176b91d4ce37350d3 -> 
  custom:scripting/monoscript/fileName/Icon.cs: 4503216c35da2c4475447a81b3711045 -> 
  custom:scripting/monoscript/fileName/InspectableAttribute.cs: b896b1b0232aa7224b2de8576324611c -> 38b788b4cc63dc944d9cb7cfc73677b3
  custom:scripting/monoscript/fileName/RotationProxy.cs: 92007ded9aae6803d1d4bb79eeac3bd0 -> 
  custom:scripting/monoscript/fileName/IsInfiniteNode.cs: bcbe18979f1abaee3b2f5891214af9fe -> 
  custom:scripting/monoscript/fileName/MaterialHeaderScopeList.cs: 0d6a9edf3c9eb4e8fa69c90ce08ee23b -> 
  custom:scripting/monoscript/fileName/TangentNode.cs: 5be4a5f6c1ed93d91b4bee14ddacc49a -> 
  custom:scripting/monoscript/fileName/SpriteArtifactExporter.cs: faacd0d9930d69bdf91bed1d1bf9bcf0 -> 
  custom:scripting/monoscript/fileName/EnumInfo.cs: 90647cc400823b41df847a6cbfc29026 -> 
  custom:scripting/monoscript/fileName/ValueOutOfRangeException.cs: 1dc5db054732e8d214be088a0776b471 -> 
  custom:scripting/monoscript/fileName/ICanChangeShaderGUI.cs: 149afd3c7e6c003c39b1dfc9a42bd842 -> 
  custom:scripting/monoscript/fileName/Documentation.cs: 63d5d1c8cc905c409cfdb9afce14bbef -> 
  custom:scripting/monoscript/fileName/SpherizeNode.cs: 23d3fca0c7958f0b21e4cab6cc90dd40 -> 
  custom:scripting/monoscript/fileName/SubGraphAsset.cs: 33cff28d8a5546149670a0e9c8e5b8a3 -> 
  custom:scripting/monoscript/fileName/HistoryListViewItem.cs: 2d3b1fc954b6bdbae298ec250ade0663 -> 96f2b67ec620b83e35d13f11877e1ac1
  custom:scripting/monoscript/fileName/MinimalGraphData.cs: 24c9a82381036b73bba9d0155e17f7b4 -> 
  custom:scripting/monoscript/fileName/ColorSlotControlView.cs: 451f03ded777b5172ed38dbc7778b409 -> 
  custom:scripting/monoscript/fileName/Profiling.cs: d65df0041ac5c5c4c58a1c33dafdbe6b -> 
  custom:scripting/monoscript/fileName/RemoteStatusCache.cs: 00463e6b90cfe7da080d7c266f783980 -> 402d5663f3675e9324c129274b0c00f2
  custom:scripting/monoscript/fileName/MaterialPreviewElement.cs: 8a968e5fb1117bbcaff188f422e81a9e -> 
  custom:scripting/monoscript/fileName/PhysicalHandsButtonHelper.cs: 1052634dc2a813e1279e91ce4165af19 -> 
  custom:scripting/monoscript/fileName/SaturationNode.cs: 4a0150bae6218cd390e874902d220017 -> 
  custom:scripting/monoscript/fileName/ParameterAttribute.cs: e1050b0cf7fa5ee533fdce844533738e -> 
  custom:scripting/monoscript/fileName/HyperbolicCosineNode.cs: 73e8d0e41fecb707e781d9037b52cb7b -> 
  custom:scripting/monoscript/fileName/AvailableToolsFactory.cs: 13442ef2ec715663e86a0bc2c529568b -> 
  custom:scripting/monoscript/fileName/ReuestSeatDialog.cs: 07e3c57eb1591894e9640af4846d1921 -> 
  custom:scripting/monoscript/fileName/ISerializedCamera.cs: d7b200b20c684d3011944cf7d1378800 -> 
  custom:scripting/monoscript/fileName/SessionData.cs: 2c927d9f5c6f82570f80332e8a8a17f5 -> 
  custom:scripting/precompiled-assembly-types:Ultraleap.Tracking.Core: 41a03eeeca5a1b34cd0c7dd2dab391b2 -> 
  custom:scripting/monoscript/fileName/FloatParameterDrawer.cs: 899092992342f8d1393b90bfe6c61d49 -> 
  custom:scripting/monoscript/fileName/EditorWindowFocus.cs: 1012e4e2e29e9b29bdcc03d8b92762a8 -> f258b0cf85078a7435d001e522d5e8e3
  custom:scripting/monoscript/fileName/EnumExtensions.cs: 2d494c1be5e83267369396f846fe59b3 -> 872fcb89b813d64606e680211dede528
  custom:scripting/monoscript/fileName/IPressable.cs: 695abd3da7d096446cd3145177b90a7b -> 
  custom:scripting/monoscript/fileName/CameraUI.Environment.Skin.cs: ea37b571f4b5213ec876c626bae4a6c0 -> 
  custom:scripting/monoscript/fileName/DefineCollection.cs: e1c72f4e3503f163edb100c8a092cf78 -> 
  custom:scripting/monoscript/fileName/NewIncomingChanges.cs: fc48261878ef7e4b956e7172f5803aee -> 
  custom:scripting/monoscript/fileName/EllipseNode.cs: 5a0d534b7000c4e0c9165457c8e4f0e5 -> 
  custom:scripting/monoscript/fileName/NegateNode.cs: 94a6b6efb00ed499f0715b504a59a22e -> 
  custom:scripting/monoscript/fileName/SignInNotificationView.cs: fc3b256640cb2080df890fd9116cd2a5 -> 
  custom:video-encoder-webm-vp8: eb34c28f22e8b96e1ab97ce403110664 -> 
  custom:scripting/monoscript/fileName/Edge0.cs: b8c3599d71272796679e59a534e95c81 -> 
  custom:scripting/monoscript/fileName/SGBlackboard.cs: 1f7428668e6d5a1439fb32f4eb755967 -> 
  custom:scripting/monoscript/fileName/EnumConversionControl.cs: 621787f518432fab85335d78afb7dda4 -> 
  custom:scripting/monoscript/fileName/PropertyConnectionStateSlotControlView.cs: 8e644e50bd0f394d592d214a26a4d874 -> 
  custom:scripting/monoscript/fileName/UnityIncomingChangesTree.cs: a6749c8b534ffb85ccf809bc8e274114 -> 42967773c43d3de5d23be4ddc6dfd9c4
  custom:scripting/monoscript/fileName/ShaderGraphMetadata.cs: 4e2fb0c623627109d410e2062edd78b2 -> 
  custom:scripting/monoscript/fileName/CustomTextureSize.cs: 9bbd5149e3f41e9a69c70a4637bf6c31 -> 
  custom:scripting/monoscript/fileName/UnityDiffTree.cs: 447fc3a8922f56330f4bae8c9dc9a8be -> 1029ffd567bc0e646e6b119719dcb2ff
  custom:scripting/monoscript/fileName/BatchRendererGroupGlobals.cs: 187c7c671b978d74ca2a118ab492e450 -> 
  custom:scripting/monoscript/fileName/GenerateOperator.cs: e111856e7c1e7d3da6622f174d1aa900 -> 
  custom:scripting/monoscript/fileName/TreeHeaderSettings.cs: 114eb9e27124403e8e111494b8eaf987 -> 662b1714c0fce36da72bbfe60201987a
  custom:scripting/monoscript/fileName/DielectricSpecularControl.cs: 7ac30c06d0369013691fdcb246b9c661 -> 
  custom:scripting/monoscript/fileName/DebugUI.cs: 398639f868eabde8ec4cfa5a98e2d32c -> 
  custom:scripting/monoscript/fileName/VertexColorMaterialSlot.cs: 9a35e2dd246f47bda426377aa27113db -> 
  custom:scripting/monoscript/fileName/ContactParent.cs: a1a90eb267b95ed3ea8eaec485c8c249 -> 
  custom:scripting/monoscript/fileName/UnlitMasterNode1.cs: 3d378576268d72287c9b90359bbe8833 -> 
  custom:scripting/monoscript/fileName/ArtifactRegistration.cs: e98929c192fc019cd9b3e5c2c5552d33 -> 
  custom:scripting/monoscript/fileName/NativePlugin.cs: 3c7852f512de52aefc36db8c83c0553c -> 
  custom:scripting/monoscript/fileName/UnityConstants.cs: 0eb92bed4b0c568cb341161b4319c2db -> e3d3c3e11a194da9e5bbbfb97087a7bd
  custom:scripting/monoscript/fileName/DebugUIHandlerCanvasEditor.cs: 0c98ba5da26cc48cd480944029611906 -> 
  custom:scripting/monoscript/fileName/FloorNode.cs: 8cd5a3ef634e6c8d8ccc7d29534db43e -> 
  custom:scripting/monoscript/fileName/DisplayWindow.EnvironmentLibrarySidePanel.cs: 29d7d4debd0b0b56b589a67c88c98687 -> 
  custom:scripting/monoscript/fileName/SerializableHashSetEditor.cs: 28ff9cfd819ba1731501265568b7b063 -> 
  custom:scripting/monoscript/fileName/IsExeAvailable.cs: 3e4283303610c884e542b8f6d3e922d4 -> 4a3dbc5ded94087064afd97407f26631
  custom:scripting/monoscript/fileName/ExpandedState.cs: 90647cc400823b41df847a6cbfc29026 -> 
  custom:scripting/monoscript/fileName/SessionOperator.cs: 2c8dcc1ddff454d4fdb557867afbf778 -> 
  custom:scripting/monoscript/fileName/AccountEditorUtility.cs: 45a03c883baa97a2f04b38ac448edb4f -> 
  custom:scripting/monoscript/fileName/VectorShaderProperty.cs: 6b11de3f68a621d16581f67570325ccd -> 
  custom:scripting/monoscript/fileName/DisplayWindow.cs: 5fbb58f67d9ef9189379b30fc85923ba -> 
  custom:scripting/monoscript/fileName/GraphDrawingData.cs: f5c450bd42c875c42ab0f55daaad921c -> 
  custom:scripting/monoscript/fileName/MuseAssetCreation.cs: a7819eab984c2489cab765de47c1e69d -> 
  custom:scripting/monoscript/fileName/LoadableImage.cs: cf4612146290a3bd8008674c6afc7736 -> 
  custom:scripting/monoscript/fileName/DebugConfigEditor.cs: 5b21f744642cc20e4e930bb84f98fd1e -> 
  custom:scripting/monoscript/fileName/StyleModelInfoEditor.cs: acbc81ca5a0b93078b49c9ee85171d23 -> 
  custom:scripting/monoscript/fileName/MatrixConstructionNode.cs: 9967ad2a53631a1bff24165e0e4f1f77 -> 
  custom:scripting/monoscript/fileName/DDYNode.cs: ea2cc2a2381402437bbbc15ccccbe572 -> 
  custom:scripting/monoscript/fileName/ShaderGraphImporterEditor.cs: bdac637587671ba15340ab379e88e5c6 -> 
  custom:scripting/monoscript/fileName/ExportedArtifact.cs: bf4b718c81d18a874d67f87d0b9eaa6b -> 
  custom:scripting/monoscript/fileName/RemoveComponentUtils.cs: cba4030f6674ff81eab416fbd0e4ea84 -> 
  custom:scripting/monoscript/fileName/AutoLogin.cs: e67ed70aada38469aeb667115929c368 -> b4cb98371fc38cca00d7123b7e649e12
  custom:scripting/monoscript/fileName/HardContactHand.cs: e1f8465b58c2a015b15f38b6c4232ec0 -> 
  custom:scripting/monoscript/fileName/RandomRangeNode.cs: b51d9d2bd8932cdc2ac3f3857bfcf1a3 -> 
  custom:scripting/monoscript/fileName/UINumericFieldsUtils.cs: 8a81c9c0328febd19543ffcd88207316 -> 
  custom:scripting/monoscript/fileName/ScreenSpaceType.cs: 708a02b75c3d0cdff7fd233f736a6f5f -> 
  custom:scripting/monoscript/fileName/BuiltInSubTarget.cs: a98908f467058654c6aaf46cd9e038b1 -> 
  custom:audio-decoder-ogg-vorbis: bf7c407c2cedff20999df2af8eb42d56 -> 
  custom:scripting/monoscript/fileName/RedirectNodeView.cs: 7117241b17e37a403dceb07917f1ba94 -> 
  custom:scripting/monoscript/fileName/UpdateReportLineListViewItem.cs: a101f0ba5292fc139445870b3f4af838 -> 9f63395e1ea590dbbab4d59cd0032ac4
  custom:scripting/monoscript/fileName/AbsoluteNode.cs: 80c13250d10231a7843225a44587e406 -> 
  custom:scripting/monoscript/fileName/SceneRenderPipelineEditor.cs: 7978f181dc78bc07a62dbc11b8a03913 -> 
  custom:scripting/monoscript/fileName/AssetReference.cs: 4a5235ff8e8e9ef9af658f0344b45958 -> 
  custom:scripting/monoscript/fileName/DrawSplitter.cs: ec7e8739eacabcca3e2946d9833eea0f -> d2f114a8e8e4167f7762d835a83b2f55
  custom:scripting/monoscript/fileName/OnboardWindow.cs: 2c343928b768f3a1215dace0f6c7552e -> 
  custom:scripting/monoscript/fileName/LightUnitSlider.cs: d37533252e5011f18d32062d16a5ca4a -> 
  custom:scripting/monoscript/fileName/ProduceConsumeBuffer.cs: 90647cc400823b41df847a6cbfc29026 -> 
  custom:scripting/monoscript/fileName/GenerateCountData.cs: b5f8b3474017c679470cc0fdaf5d4f4a -> 
  custom:scripting/monoscript/fileName/SwipeView.cs: d765507ebb0d22a5f0b1e8238bca893a -> 
  custom:scripting/monoscript/fileName/BuiltInUnlitGUI.cs: 5385a9107f8419cb0654a83d8d130c8c -> 
  custom:scripting/monoscript/fileName/PromptOperator.cs: 073a7a3feb353ab3f829319eb62c03e9 -> 
  custom:scripting/monoscript/fileName/LaunchDependenciesDialog.cs: e1c527862a66e73f0417ae177d7fdfb5 -> 2cabf22eb95430074b6c730a84e03493
  custom:scripting/monoscript/fileName/PhysicalHandEvents.cs: 16a7efb70f5a2c7d68db622fdffb96c6 -> 
  custom:scripting/monoscript/fileName/PhysicalHandsSettingsProvider.cs: 79927968ac4cf67bab368a837e7f932b -> 
  custom:scripting/monoscript/fileName/DynamicResolutionHandler.cs: 2c633d5b8c541c49ee13866f0fd3afad -> 
  custom:scripting/monoscript/fileName/IAsyncRelayCommand.cs: ae286909c3d29fcb184edf8329c8c349 -> 
  custom:scripting/monoscript/fileName/MuseEditor.cs: 4d69f52280a83fe1a1c10594160060ff -> 
  custom:scripting/monoscript/fileName/Controls.cs: 254a2b33ef5cb8cb752d017afc8f099b -> 
  custom:scripting/monoscript/fileName/WindowDockingLayout.cs: 630113a5efc6c12b70d63262990f21bf -> 
  custom:scripting/monoscript/fileName/DropdownPropertyDrawer.cs: 2120ab2037d876e6f65ba5dece9df770 -> 
  custom:scripting/monoscript/fileName/IServer.cs: 0a4ceca0ab667fda3d9c7e45993e146b -> 
  custom:scripting/monoscript/fileName/IMayRequireFaceSign.cs: edccb2ba772eaf9429b2276a1604f45c -> 
  custom:scripting/monoscript/fileName/ReplaceColorNode.cs: 431bf5e931174ebc6a28fc468bc6e28d -> 
  custom:scripting/monoscript/fileName/HasDependenciesAttribute.cs: 1994e3daf482d8c507492fc0431f2a21 -> 
  custom:scripting/monoscript/fileName/UsageView.cs: 46737a5c7162031f29ee65121ea60af2 -> 
  custom:scripting/monoscript/fileName/Bone.cs: c400bd4975023e6c4040cb74e2042bf9 -> 
  custom:scripting/monoscript/fileName/IntegerPropertyDrawer.cs: 6533f4c9eabbac5498573216a9ceebbf -> 
  custom:scripting/monoscript/fileName/TriplanarNode.cs: 90537466fe3f27af8d319b572631df67 -> 
  custom:scripting/monoscript/fileName/EdgeConnectorListener.cs: e11391e99e4e32d1221129184b7a5f3e -> 
  custom:scripting/monoscript/fileName/LogNode.cs: 6a74d8117017a06427518c3f78b4aa03 -> 
  custom:scripting/monoscript/fileName/LaunchDiffOperations.cs: aeae601320588a70eea7590a2f7e0f69 -> 871a0804a9fe2d9f2ad088303a89a63e
  custom:scripting/monoscript/fileName/DebugUIHandlerVector2.cs: d5c4c7d89d856249aba59298135734e4 -> 
  custom:scripting/precompiled-assembly-types:Ultraleap.Tracking.Hands.Editor: 91601cad0f39b313832ea3af5e75be5b -> 
  custom:scripting/monoscript/fileName/GlobalDynamicResolutionSettings.cs: cbd9fffe3093f62e451ed7cef29e252f -> 
  custom:scripting/monoscript/fileName/PlasticSplitterGUILayout.cs: 4cfaefa1a850aceff54713912c4a2bda -> 111849f67dfbfea65ad2a9298ad1654d
  custom:scripting/monoscript/fileName/HandTrackingSourceUtility.cs: a2ddd8e0a005a473ca10589debd1bd30 -> 
  custom:scripting/monoscript/fileName/RotationManipulator.cs: 5dfd29b82132f4b16d9952a2137d5269 -> 
  custom:scripting/precompiled-assembly-types:Ultraleap.Tracking.Core.Editor: b9dea0e2459cbdbc4e108a46d7355411 -> 
  custom:scripting/monoscript/fileName/HandPoseDetector.cs: 63217b95c59ecf279af0e7ba1132e423 -> 
  custom:scripting/monoscript/fileName/ReciprocalNode.cs: e9dc9c25581dec21f7553e0ae2091bf5 -> 
  custom:scripting/monoscript/fileName/CredentialsResponse.cs: 96b135ae1c4ea541dc762170ea524fa9 -> 3dd2507693e56dac75ee7783f598cbb9
  custom:scripting/monoscript/fileName/Compositor.cs: dae0903800afd8f8a89ef50c00659138 -> 
  custom:scripting/monoscript/fileName/DebugUIHandlerPanel.cs: 5720e729e9678befbefa3fbc3d574965 -> 
  custom:scripting/monoscript/fileName/SamplerStateShaderProperty.cs: 012e5cf5c9eb112d8b262fceb7e86d9d -> 
  custom:scripting/monoscript/fileName/MainLightDirectionNode.cs: cf8f5c90dcde96f9cc26ff927f26adb8 -> 
  custom:scripting/monoscript/fileName/InstanceIDNode.cs: 81bd4dc1b6300c32bd81bccfd38f23f4 -> 
  custom:scripting/monoscript/fileName/MenuManager.cs: 0343bcd059e803f90b5a61786ef257ee -> 
  custom:scripting/monoscript/fileName/ErrorView.cs: b434f9114bb601a615cfac4877f83e04 -> 
  custom:scripting/monoscript/fileName/SerializableVirtualTexture.cs: 2bacbd79cbb274b5fdc9d8731752e21f -> 
  custom:scripting/monoscript/fileName/SquareWaveNode.cs: b45226c65ba98c99cccf2d66e77b0bc5 -> 
  custom:scripting/monoscript/fileName/IMayRequirePosition.cs: 8887708717c204db632822e0c31db4c0 -> 
  custom:scripting/monoscript/fileName/CreateUnlitShaderGraph.cs: 57206e31c15418bccf1916643a130bd3 -> 
  custom:scripting/monoscript/fileName/SpriteRefiningMaskOperator.cs: 0fbb953c1f0a47984ded627754f83555 -> 
  custom:scripting/monoscript/fileName/FloatField.cs: 11e06b97f38e5eabfc1de35a3bb783b0 -> 
  custom:scripting/monoscript/fileName/ShaderVariablesProbeVolumes.cs: b2eac9c6df66322c3990c266691aae47 -> 
  custom:scripting/monoscript/fileName/XRLeapProviderManagerEditor.cs: 2095aeb1d4e1b9ca50faeabda9e198ba -> 
  custom:scripting/monoscript/fileName/LeapTransform.cs: 14bf8a803c8c800112b10551a33ee56f -> 
  custom:scripting/monoscript/fileName/PbrDataCache.cs: 837971af524c5783e7f7cf867757cf6d -> 
  custom:scripting/monoscript/fileName/StyleTrainerConfigEditor.cs: dac0bb58f7a849555eda6778c7c76e49 -> 
  custom:scripting/monoscript/fileName/CheckinDialogOperations.cs: 0b2a2cd4c41cf1865a29cf91b2a96a48 -> d032d69e8060311c06b88286e8f22ddd
  custom:scripting/monoscript/fileName/TrackingMarker.cs: 2dd036965205a0ddb718404e9d073cb0 -> 
  custom:scripting/monoscript/fileName/IntroductionManipulator.cs: 9983ffa5a33c47d13c32c676d600ead9 -> 
  custom:scripting/monoscript/fileName/PhysicalHandsButtonToggle.cs: 3960c22d6dbadc4595f904c529a7796e -> 
  custom:scripting/monoscript/fileName/BoundsIntField.cs: b57754c0924b374bc80e1af7b5018a0f -> 
  custom:scripting/monoscript/fileName/DebugUIHandlerVBox.cs: 62474eac231858d08f534ea8cc4c6be5 -> 
  custom:scripting/monoscript/fileName/ReferenceOperator.cs: a84c2d9e9febf6a6b6f679040fbffdb5 -> 
  custom:scripting/monoscript/fileName/TwirlNode.cs: 80fdd3a1e71301ab6c511458b3a8f793 -> 
  custom:scripting/monoscript/fileName/UxmlFilePathAttribute.cs: 711ff899f6cc7699845b5c720b418257 -> 
  custom:scripting/monoscript/fileName/MuseTextureBackend.cs: fa63e29749f3d668188f9fb9f5855b0d -> 
  custom:scripting/monoscript/fileName/RefractNode.cs: 48ec18db438424d42d3bcc49bb40cdd6 -> 
  custom:scripting/monoscript/fileName/PendingChangesViewMenu.cs: 68fab310addfd7068cfd7920070496ff -> 9b0019b6df6bb14eb3a2dbafa53fb54b
  custom:scripting/monoscript/fileName/TrainingTask.cs: ffd05cb9e66ff4fc27f463cfc614261a -> 
  custom:scripting/monoscript/fileName/EditorFactoriesRegister.cs: 75e77a65d14732239b09be2a42e1397c -> 
  custom:scripting/monoscript/fileName/ScaleToFitImageManipulator.cs: cd6ee570deace06946ffc671ec295831 -> 
  custom:scripting/monoscript/fileName/ArtifactView.cs: e6dff61e81e44c66de92c558499f077c -> 
  custom:scripting/monoscript/fileName/EditorUtilities.cs: faf298ebc26898f35356b1db37ef3732 -> 
  custom:scripting/monoscript/fileName/FullscreenShaderGUI.cs: d11673d0d4301dc26198735b54de223f -> 
  custom:scripting/monoscript/fileName/AssetsSelection.cs: 35cec24e81f0cb1de51daeb356abc4ff -> 0227d7ff4d5687932d10967a945a9b06
  custom:scripting/monoscript/fileName/AssetDatabaseHelper.cs: 43463f09453d3f0c41559b0197fd0dfe -> 
  custom:scripting/monoscript/fileName/GenerativeAIBackend.cs: ac6ed99234c938631ce43eda87859379 -> 
  custom:scripting/monoscript/fileName/UVSlotControlView.cs: b9ed4c4c13cb7e7c02ee0083abd86c93 -> 
  custom:scripting/monoscript/fileName/UIFoldout.cs: bb8a6ce8394724e78f5b3ce98cb0378d -> 
  custom:scripting/monoscript/fileName/EnumPopupSetting.cs: 8f6297df34271fdb1ce2d9607ec6261d -> 90647cc400823b41df847a6cbfc29026
  custom:scripting/monoscript/fileName/TrainingControllerEvents.cs: 902560cb6eac21c951229ac4d7707866 -> 
  custom:scripting/monoscript/fileName/ColorExtensions.cs: 519a9f3b35a10731768ffce257aaf076 -> 
  custom:scripting/monoscript/fileName/PlasticConnectionMonitor.cs: 920e8e381bfc94da8bb69d336dda57ca -> 
  custom:scripting/monoscript/fileName/KeyframeUtility.cs: 247dc6655a1dfd92b42a93a2158a21ef -> 
  custom:scripting/monoscript/fileName/AppBar.cs: 2444fd3996cbb44de4154b405c03c165 -> 
  custom:scripting/monoscript/fileName/ClientWillBeDeprecatedNotificationView.cs: 1e5ebe946467f09fa23ceb469ef888b7 -> 
  custom:scripting/monoscript/fileName/MatrixPropertyDrawer.cs: deea491053a10bda5fadd0044e6ed036 -> 
  custom:scripting/monoscript/fileName/Generator.cs: fc3d646fb3064ab8b5cacce41a6daf7b -> 
  custom:scripting/monoscript/fileName/CustomColorData.cs: 2da80ff913237e90addff3989e95f467 -> 
  custom:scripting/monoscript/fileName/SampleOutputModelEvents.cs: 9b132c684e3ec5e82817675cdbc348a2 -> 
  custom:scripting/monoscript/fileName/HistoryListHeaderState.cs: 6226ef13a567fa81584864f8698be331 -> a87e0364d14866c369ad50d669bdfa85
  custom:scripting/precompiled-assembly-types:Unity.Muse.Common.Bridge: 82a8b03af785fd76db4f75dfa61014fb -> 
  custom:scripting/monoscript/fileName/DebugUIHandlerIndirectToggle.cs: 8dcae707d1551edf482f6d0f8ff79e5c -> 
  custom:scripting/monoscript/fileName/StyleTrainerData.cs: e0fdd649c39d78d2b85f04778d1a443f -> 
  custom:scripting/monoscript/fileName/PinchGestureEvent.cs: 19d6d72750686c986a5283120f34163e -> 
  custom:scripting/monoscript/fileName/ConstantBuffer.cs: d3d43752e65290ba663df673c4be3913 -> 
  custom:scripting/monoscript/fileName/CloudEditionWelcomeWindow.cs: c886fdb39f4b8787e6ea3701a8f88f4a -> b1721e471183956468462f6b64901640
  custom:scripting/monoscript/fileName/AssetsPath.cs: 367269acf8f676d2cdd30fdc387b3920 -> e0e986124adc46d913f0683c34b88c9f
  custom:scripting/monoscript/fileName/PolygonNode.cs: 48156b7d3233e99e0b8af689964ffe1f -> 
  custom:scripting/monoscript/fileName/GradientPropertyDrawer.cs: e14c0b6fc12aafda69de58f471522fad -> 
  custom:scripting/monoscript/fileName/Texture2DArrayAssetNode.cs: 0285426e91607f7191ea9167b1f908bd -> 
  custom:scripting/monoscript/fileName/MetaPath.cs: 1f80313a7ce6ec6ece505285578f5745 -> 417a84eb354831f828a6752b26c8592d
  custom:scripting/monoscript/fileName/BooleanShaderProperty.cs: 6b8fb255a8f36a782aea641701793369 -> 
  custom:scripting/precompiled-assembly-types:UnityEngine.UI: 3ad45a1e916064c3a90f88d370755674 -> f762135bac905e34e2b540c872c48817
  custom:scripting/monoscript/fileName/ObjectHelper.cs: 7d5e1a3338d2e0cbedc2f87b64ff3e88 -> 
  custom:scripting/monoscript/fileName/StencilDescriptor.cs: e973f5dea4bbc7f31e1a386ee957f512 -> 
  custom:scripting/monoscript/fileName/ExploreMuseDialog.cs: 98a684428f55dc61130cd5f42fe447d5 -> 
  custom:scripting/monoscript/fileName/Vector3Node.cs: b00e452ab4707aff87f5d4776964cff7 -> 
  custom:scripting/monoscript/fileName/CredentialsUIImpl.cs: 90e9c2de8d7bdd8424e0d89c415108ae -> dbacf67c37819fd95562fe169e706732
  custom:scripting/monoscript/fileName/ShaderInput0.cs: e13e20a5d5972b627f97800e147f8b5a -> 
  custom:scripting/monoscript/fileName/UsageProgressBar.cs: 6514959b449602e62eccd495c6c6fb82 -> 
  custom:scripting/monoscript/fileName/ChangesetsViewMenu.cs: b720f0168f4ce1b1e0d358a6d5ec9a42 -> 7d1a2de81910b5990e71a0bfff26fdca
  custom:scripting/monoscript/fileName/PbrMapGuids.cs: 8f9b632281fc1737f5ac0848c2c9b68b -> 
  custom:scripting/monoscript/fileName/StyleTrainDataUpgrader.cs: 2ade4e41984b6fdb607389c5b66fcec7 -> 
  custom:scripting/monoscript/fileName/DpiChangedEvent.cs: 8e8ced11450e3d346d0ab7d603bd68f5 -> 
  custom:scripting/monoscript/fileName/UnityPlasticGuiMessage.cs: 2a7f71f59c0d7dc731fd345a3713957c -> 24eef0792e3802809607a7f9d04b8f1d
  custom:scripting/monoscript/fileName/WhiteBalanceNode.cs: 8616b1655acb9d525648a72c7f39ba53 -> 
  custom:scripting/monoscript/fileName/OrganizationCredentials.cs: ee462057b3bd23cc3dab953ac4d656e2 -> 0b123406cadd651e9adc01c85fab5124
  custom:scripting/monoscript/fileName/SubGraphNode.cs: 3ff25cef27796bc17d40024f60ae6451 -> 
  custom:scripting/monoscript/fileName/DelegateUtility.cs: 4fdf31df40b6382f1066f27fa3570013 -> 
  custom:scripting/monoscript/fileName/TextureParameterDrawer.cs: 2c6b9120bbbf6a2067db0c6f6979447c -> 
  custom:scripting/monoscript/fileName/MonthPicker.cs: 9aaaf1b8c44d51413386bac0d2412da7 -> 
  custom:scripting/monoscript/fileName/Matrix4Node.cs: a82258b19e1b0221d8299445d0ee7844 -> 
  custom:scripting/monoscript/fileName/StartTrialDialog.cs: 3b36d012cd1e64951b5eb3cfd1a03f3d -> 
  custom:scripting/monoscript/fileName/StructDescriptor.cs: 8002089f11f8eaf1427a8da221c44f89 -> 
  custom:scripting/monoscript/fileName/RadialShearNode.cs: 0b065e7e3e008de5f98e68aa95f36132 -> 
  custom:scripting/monoscript/fileName/RenderStateDescriptor.cs: b2002ba6fdf731869c2d1d8f2cbbf29f -> 
  custom:scripting/monoscript/fileName/StatusBar.cs: 392933116703b8e69a96dc0b873bf6f1 -> 
  custom:scripting/monoscript/fileName/TrainingSetData.cs: c2af2ba7089d79471c48f8d72dace2ab -> 
  custom:scripting/monoscript/fileName/FailedDevice.cs: 8df4bf9b9bc6c6361efd09f4ed24958c -> 
  custom:scripting/monoscript/fileName/IsCurrent.cs: 16ae2475c9982c21b0dccb3cdf4b1a92 -> cf1fd01890d0fd9f011c1a1a491e2cf0
  custom:scripting/monoscript/fileName/MipSamplingModes.cs: 878af40352855f8a51dc2667c08c834d -> 
  custom:scripting/monoscript/fileName/IShaderInputObserver.cs: 7da39cbf2287b15594dba3bc2efa91f4 -> 
  custom:scripting/monoscript/fileName/Message.cs: d1210aeb3bd57a43a1de3a19f04ed05a -> 671a789acb2c7a93d0b620fe02979957
  custom:scripting/monoscript/fileName/Vector3PropertyDrawer.cs: 9fb0b95eca53257c44d1e01ad39f7b83 -> 
  custom:scripting/monoscript/fileName/Looper.cs: 915159db35a07551ac3cba81459d2466 -> 
  custom:scripting/monoscript/fileName/ScreenPositionNode.cs: 71ca3eca9774b7309dec647eb443f82a -> 
  custom:scripting/monoscript/fileName/JsonObject.cs: b4314edf02dda425962de25e5c3df291 -> 
  custom:scripting/monoscript/fileName/AndNode.cs: b9e72e1e5bf246b437a24909640ff4e3 -> 
  custom:scripting/monoscript/fileName/IOperator.cs: 9b04ce4f77a62eb6d6a5925d28e4beba -> 
  custom:scripting/monoscript/fileName/IsFrontFaceNode.cs: ba0df370b917e50a1b67c2a867d7f741 -> 
  custom:scripting/monoscript/fileName/IVariateArtifact.cs: c3e15bb5f9298ae3384a6190c26ae5ad -> 
  custom:scripting/monoscript/fileName/DebugHand.cs: 458d675d82bbd06fb727f78345fc6b47 -> 
  custom:scripting/monoscript/fileName/IGeneratesFunction.cs: 22f5a18d52ee5b6c7bc7cfc3d266233e -> 
  custom:scripting/monoscript/fileName/BitArray.cs: 7ab10b1ed638d56c325b24e1c3bddbd0 -> 
  custom:scripting/monoscript/fileName/CubemapShaderProperty.cs: 597c7494ec1bcda61a6debae07dde0f1 -> 
  custom:scripting/monoscript/fileName/PhysicalHandsButtonToggleEditor.cs: 0483338085a50f6bc23ca1cf45218297 -> 
  custom:scripting/monoscript/fileName/SmoothedFloat.cs: c32e67ad003c9ba3c6bd0091ca58e234 -> 
  custom:scripting/monoscript/fileName/RenderPipelineGlobalSettingsUI.Skin.cs: 9c646fac78d3537cf5088886d8ff1760 -> 
  custom:scripting/monoscript/fileName/DebugUI.Containers.cs: e227e0c3b20c11b20a20df6699525cc4 -> 
  custom:scripting/monoscript/fileName/ChangesetFromCollabCommitResponse.cs: b986ab8b1acd322b0367812e2d541734 -> ba336e4117e1b7ee28e4c17197bc3d0e
  custom:scripting/monoscript/fileName/MasonryGridView.cs: ea611698d2dc378efdd23c3b615aba47 -> 
  custom:scripting/monoscript/fileName/ShaderGraphPreferences.cs: 52a7826570dccfa4ba3effe67c1cf81b -> 
  custom:scripting/monoscript/fileName/IOperatorRemoveHandler.cs: 136ef01965341198b39062bfa854e982 -> 
  custom:scripting/monoscript/fileName/TextUtil.cs: ccc1520ab54b25b926169755159248d5 -> 
  custom:scripting/monoscript/fileName/ResultItemVisualElement.cs: b73ff7a51112d0fe575e12938b542cd9 -> 
  custom:scripting/monoscript/fileName/MoveToChangelistMenuBuilder.cs: 3a2ef8cb0baf69e5dadeafc731fe32a9 -> a90b3e388d3e1316fa104d4c9a03e2d1
  custom:scripting/monoscript/fileName/LoadingSpinner.cs: b3299af90b664a9f42123e7df43fae24 -> 6aff0ac022d117a8e24a7b5e4b11904c
  custom:scripting/monoscript/fileName/GuidEncoder.cs: fcb11fce9f3dbea698f6c386aff1b631 -> 
  custom:scripting/monoscript/fileName/ContrastNode.cs: b8bb5e9ab31994489bbc61c1eb1cc9d0 -> 
  custom:scripting/monoscript/fileName/ArctangentNode.cs: 6d30370a33d9eaffddef89583f5bfcd9 -> 
  custom:scripting/monoscript/fileName/StartTrialConfirmDialog.cs: 18dab87096fb021bd12c8f292640efe2 -> 
  custom:scripting/monoscript/fileName/ButtonControl.cs: 53e1f916a8c6b149dc54ed2ac3da8c66 -> 
  custom:scripting/monoscript/fileName/IconButton.cs: 5df8be1b3883d22a32fb2699c002edc1 -> 
  custom:scripting/monoscript/fileName/IGeneratesBodyCode.cs: 0af62faf4ce0dd20ee5768f8bc6cbaac -> 
  custom:scripting/monoscript/fileName/LocksTab.cs: 134c512484ae73354c15c06a6dc69f9f -> 00ffb5a39c16fdc2d733c7e53471a3a9
  custom:scripting/monoscript/fileName/WebRequest.cs: 1aea1b262a90298f2e76d60673b93fa6 -> 
  custom:scripting/monoscript/fileName/ShaderGeneratorAttributes.cs: c2af1f9bff4ba5992758ce570fc17e38 -> 
  custom:scripting/monoscript/fileName/BranchesTab.cs: 764cb17e9337c58ad4f5304b60b2042e -> 57c33f76c527a5aba4d269245ffff188
  custom:scripting/monoscript/fileName/XROcclusionMesh.cs: be152c3b740cdbda71143279f09d0770 -> 
  custom:scripting/monoscript/fileName/GradientUtil.cs: 2d193e7aecc7f5c5df34722d3e9762d4 -> 
  custom:scripting/monoscript/fileName/CameraUI.Rendering.Drawers.cs: 6b931c755be6b8c07068541044964215 -> 
  custom:scripting/monoscript/fileName/HelpLink.cs: f129aa05dc3840d5bd4f2e0d111189db -> 
  custom:scripting/monoscript/fileName/IPlatformImpl.cs: a61ff81c8b093d7b41d4fc2392dad3dc -> 
  custom:scripting/monoscript/fileName/IMayRequireDepthTexture.cs: e0b4c6956516a4f0ca4e5d5484a72510 -> 
  custom:scripting/monoscript/fileName/UltraleapSettings.cs: 5fbefa8d230c303c75c8135237b1ac90 -> 
  custom:scripting/monoscript/fileName/GuidResponse.cs: 5be8db9cc20f3629af0b82dde771c1d2 -> 
  custom:scripting/monoscript/fileName/ToolConfig.cs: 18b1ea271ce5e7b6deea7b4e8e175269 -> fcffc3165b047f54ed6ccafa4c8760dd
  custom:scripting/monoscript/fileName/DropDownTextField.cs: e66e7314096900597993d2b353757d8d -> c8fc484ce140049ff31ebc2c6cbebf28
  custom:scripting/monoscript/fileName/PlatformImpl.cs: 9089e4966a03064f736ffbc13a4733ed -> 
  custom:scripting/monoscript/fileName/IVariantStripper.cs: d096fce2ac2ee05d0c97d151be6b6545 -> 
  custom:scripting/monoscript/fileName/AsyncThunkActions.cs: 849ed7f5b11c9db237ef61b01c5a5104 -> 
  custom:scripting/monoscript/fileName/ContextFilterableAttribute.cs: a683c62b6a35b4833fc6ec72ce9d8822 -> 
  custom:scripting/monoscript/fileName/MasterPreviewView.cs: c1958831f69f394333df5e3759156c33 -> 
  custom:scripting/monoscript/fileName/AssetsProcessor.cs: 47679a6e15b70f4fef48eb1b2df31b19 -> 18737889e95cd4088e8dfd4153fa8f40
  custom:scripting/monoscript/fileName/DrawActionButton.cs: d847a7d82ac92cab2b3d0ae268cefb3d -> 81e6708d2b8fa199354e53f85db731a8
  custom:scripting/monoscript/fileName/Dialog.cs: 18d078c6088fdb692ba78a24b915ccce -> 
  custom:scripting/monoscript/fileName/TableViewOperations.cs: ddc7b903e0dbd6bd109f2bd709b95f0e -> bef3a31deb1fe794a90f767d16e4c868
  custom:scripting/monoscript/fileName/ShaderStringBuilder.cs: a11ca0962f8dc6bd0b7351893a7e19ea -> 
  custom:scripting/monoscript/fileName/StyleModelListUIEvents.cs: 666f2cc511354e5edf86b47378d81520 -> 
  custom:scripting/monoscript/fileName/TruncateNode.cs: 0bf7ec3659f8ef070ad79bcd8dd061b1 -> 
  custom:scripting/monoscript/fileName/VolumeProfile.cs: 1ee7daf15c79be99b2ebc7f8d7593563 -> 
  custom:scripting/monoscript/fileName/Texture2DAssetNode.cs: dcf583e87f2543c7262e1220f686d233 -> 
  custom:scripting/monoscript/fileName/BitConverterNonAlloc.cs: 4bd510505da899a2b1dd9120ccd84a5b -> 
  custom:scripting/monoscript/fileName/ChatIntegration.cs: 1c49ab4aeb0d91c549864549eeccaaa6 -> 
  custom:scripting/monoscript/fileName/ProbeGIBaking.cs: 791688496f53f4da9a76954e53be2b39 -> 
  custom:scripting/monoscript/fileName/UpdateProgress.cs: 5b04f01bf199310f09ab9522f89c78f4 -> 281e1e05168d6a30be1d8d2f6200bef8
  custom:scripting/monoscript/fileName/GrabHelperObject.cs: efc2e06b1829fed99ff00cdf4530b9e6 -> 
  custom:scripting/monoscript/fileName/SpriteUnlitMasterNode1.cs: 6be95751975c7c45d123cc1d8915dc38 -> 
  custom:scripting/monoscript/fileName/UploadRequest.cs: a3dbf5ca3711af7c505431d4bc64a0bd -> 
  custom:scripting/monoscript/fileName/Canvas.cs: b8913cab730642ef22de5a0992bc58fe -> 
  custom:scripting/monoscript/fileName/OrganizationsInformation.cs: b3f0758c6655b2dad1161792812992fa -> 5f067ea8d90fc79055a3dcfd58ae6dca
  custom:scripting/monoscript/fileName/DrawerHeader.cs: 427f8f7355e5c69390f24fcdb74683bc -> 
  custom:scripting/monoscript/fileName/SubscriptionStatus.cs: f7b8b943b9a621e4b4bced1268f977d4 -> 
  custom:scripting/monoscript/fileName/SmoothstepNode.cs: 1371c214b586d64bec3c03c7fc26ae8c -> 
  custom:scripting/monoscript/fileName/SubscriptionDetailsResponse.cs: e10e0299ef716630c63b8cf5f792cda0 -> e5121cec860a6d1097cc809217b3d8fe
  custom:scripting/monoscript/fileName/GradientNode.cs: 54c8cc6b89bd7398a89734fa847640cf -> 
  custom:scripting/monoscript/fileName/LookDevRenderer.cs: e57e369b9f9bdc07ec99474398994f63 -> 
  custom:scripting/monoscript/fileName/PooledList.cs: 90647cc400823b41df847a6cbfc29026 -> 
  custom:scripting/monoscript/fileName/CircularObjectBuffer.cs: 90647cc400823b41df847a6cbfc29026 -> 
  custom:scripting/monoscript/fileName/IgnorePhysicalHands.cs: 33d35bed24f458537756b08ab3146c7b -> 
  custom:scripting/monoscript/fileName/AppUI.cs: f191114e0ff3798f47ba09a85570a853 -> 
  custom:scripting/monoscript/fileName/MuseToggle.cs: f8b63e775d46c77401a90cc998e34bb5 -> 
  custom:scripting/monoscript/fileName/LensFlareComponentSRP.cs: ade795e8cbbc506fbf2ab30c63d1738f -> 
  custom:scripting/monoscript/fileName/MetadataUtil.cs: 5915b92c07fc932b12b3ca8ac6b8deaa -> 
  custom:scripting/monoscript/fileName/SampleOutputPromptInput.cs: c58a648a7a267eee2f3756d7ef0e063e -> 
  custom:scripting/monoscript/fileName/ICoreRenderPipelinePreferencesProvider.cs: 28e38694e52838c88e002871f82edfbe -> 
  custom:scripting/monoscript/fileName/PassDescriptor.cs: 43652b5369a55c2852035e6828fb1318 -> 
  custom:scripting/monoscript/fileName/FreeCamera.cs: d6ae5c15faf18e64a39fcc5430b6204d -> 
  custom:scripting/monoscript/fileName/DrawProgressForDialogs.cs: 5f8d39e3ea7c4a42148c6b1a7b4ca061 -> a5f2abd8875e7a6afbc171fabfbae81f
  custom:scripting/monoscript/fileName/ISerializedLight.cs: 7101cc4f757ed6bec635fe3601811617 -> 
  custom:scripting/monoscript/fileName/RenderGraphBuilder.cs: a7921dee2b57034479b5a7b9bbd5059b -> 
  custom:scripting/monoscript/fileName/ToolbarButton.cs: 47dc767626bbd94d66707af31ddc5eb6 -> 
  custom:scripting/monoscript/fileName/SoftContactBone.cs: 5156dbe1a3e9dd8f0029948f9fed3628 -> 
  custom:scripting/monoscript/fileName/CreateCustomRenderTextureShaderGraph.cs: aba0edd374269c3b2350b22a3b856ec4 -> 
  custom:scripting/monoscript/fileName/HableCurve.cs: 0737dbcc090169dd4b4d7b5443698830 -> 
  custom:scripting/monoscript/fileName/VolumeProfileEditor.cs: e31778f800440db7a42833bea8e8e35f -> 
  custom:scripting/monoscript/fileName/ProbeIndexOfIndices.cs: 861c90ec7458fcf35ccebbebd3bddb16 -> 
  custom:scripting/precompiled-assembly-types:Ultraleap.Tracking.PhysicalHands: de04d0016b89fe0ad147ec269f870817 -> 
  custom:scripting/monoscript/fileName/ScopeToolbar.cs: 7b41dab106d01f94fe256f0bd62a8942 -> 
  custom:scripting/monoscript/fileName/ConstantNode.cs: e387b0da9b0205380637701f5e02f68b -> 
  custom:scripting/monoscript/fileName/UIUtilities.cs: fadb5e43621b3d28f3b361620aa44589 -> 
  custom:scripting/monoscript/fileName/ProbeVolumeAssetEditor.cs: 543ebe249e30531048b505ff50d2af6d -> 
  custom:scripting/monoscript/fileName/LinearBlendSkinningNode.cs: ef680f55228935cbde4fa2a1305fa7cb -> 
  custom:scripting/monoscript/fileName/ProjectViewAssetSelection.cs: 349dc288d32791de51156d4e59000b7b -> 2560eadaf6a13a74a46a4a207cd5a8b6
  custom:scripting/monoscript/fileName/SceneReadmeEditor.cs: d9e79e2426fa47e1f192c804469beb62 -> 
  custom:scripting/monoscript/fileName/DrawTreeViewItem.cs: cceebc4f1185658619e40964f29acb08 -> 0921a62a588ab864253743d1f07afb5a
  custom:scripting/monoscript/fileName/Accordion.cs: 14e96b9b51569ae54c02f27ad123c324 -> 
  custom:scripting/monoscript/fileName/SampleOutputListRowItem.cs: 477a0754f73bd94b9d2a42bbad195c94 -> 
  custom:scripting/precompiled-assembly-types:Unity.Muse.Sprite.Editor: 18850fce54411d534264b9847f78b6bd -> 
  custom:scripting/monoscript/fileName/BranchNode.cs: 5b959cce4f0eff698cd2480a6646afe2 -> 
  custom:scripting/monoscript/fileName/MatrixSplitNode.cs: 79d8d64c073e2bb15ba8788f547d5e93 -> 
  custom:scripting/monoscript/fileName/CheckPointModelEvents.cs: e582c502b168ca50e2c6f242d610edc8 -> 
  custom:scripting/monoscript/fileName/RoundedPolygonNode.cs: 0dc0a55cce2a272a8c9856a50419d8e4 -> 
  custom:scripting/monoscript/fileName/DrawSceneOperations.cs: 2426c0c2ee58cd28be59874f6425940c -> d87f46f9fb97181a2f51490ea2e1efc3
  custom:scripting/monoscript/fileName/DoubleField.cs: ae010ba096f6f53b28be4143cb245d9b -> 
  custom:scripting/monoscript/fileName/GenerateBatchPbrMapRequest.cs: 27c62de457365f4ef0fabd6c02d2f9ed -> 
  custom:scripting/monoscript/fileName/PassCollection.cs: c2b134f05208ef2dbf196da67f9df956 -> 
  custom:scripting/monoscript/fileName/Arctangent2Node.cs: bfc6b7d8f0ec544e505e9d274264c4a0 -> 
  custom:scripting/monoscript/fileName/HyperbolicSineNode.cs: b2ef74bc7c0131a47aa882ce296debed -> 
  custom:scripting/monoscript/fileName/INativePluginImpl.cs: a7128a155395ec76c2bb1def5bd0883d -> 
  custom:scripting/monoscript/fileName/ViewVectorNode.cs: 373a26c978e7b058502b53bc31012801 -> 
  custom:scripting/monoscript/fileName/GroupData0.cs: 189a38c898c88224fb09c84cbece3ebd -> 
  custom:scripting/monoscript/fileName/SliderFloat.cs: 988f413fb672c6baac2a3b13e4c5ca56 -> 
  custom:audio-encoder-webm-vorbis: bf7c407c2cedff20999df2af8eb42d56 -> 
  custom:scripting/monoscript/fileName/MaterialHeaderScope.cs: 66fa6ce34f46c534702dd8e972146598 -> 
  custom:scripting/monoscript/fileName/CameraState.cs: 784b031cde26e82771e0f45b6a811817 -> 
  custom:scripting/monoscript/fileName/MuseProjectSettingsProvider.cs: adc5faba3d16cd48d8100cc785f3484f -> 
  custom:scripting/monoscript/fileName/ImageArtifactDragAndDropHandler.cs: 771be7c1e60de1110cd0fa9ace37d214 -> 
  custom:scripting/monoscript/fileName/GradientInputMaterialSlot.cs: 20f3f7097efed20cdd57a6e7771b1c88 -> 
  custom:scripting/monoscript/fileName/EditorTexturePreferencesView.cs: 6ccc803b7cb815dbe43bb0dc403ab579 -> 
  custom:scripting/monoscript/fileName/DrawActionHelpBox.cs: dcd6ec2e7fb1b44f22c4a79ff87b70cd -> c8f6be9dab1e6f8d71e0c63c29679186
  custom:scripting/monoscript/fileName/StyleTrainerMainUIEvents.cs: 2ddedc91683cda23ca47559148214b2f -> 
  custom:scripting/precompiled-assembly-types:Unity.Muse.AppUI: bd4dcb66d22fbaef6bf4576a74f00e47 -> 
  custom:scripting/monoscript/fileName/DebugFrameTiming.cs: 14137f4640ecd850c2fe21d8a7aed25b -> 
  custom:scripting/monoscript/fileName/GraphDataReadOnly.cs: abb883a327bc322bca2389669bd467bc -> 
  custom:scripting/monoscript/fileName/AssetReimportUtils.cs: 61d74a1c5692b83e957fb1d6d69d3ea3 -> 
  custom:scripting/monoscript/fileName/XRPass.cs: 553d036f47ef008d650ece03db9f601c -> 
  custom:scripting/monoscript/fileName/TooltipManipulator.cs: baba84e5d8f701357722616ca28d97e1 -> 
  custom:scripting/monoscript/fileName/HandEnableDisable.cs: 803e2374eb5885e7b7eb728dd9f45503 -> 
  custom:scripting/monoscript/fileName/PendingChangesMultiColumnHeader.cs: 21802cc6929e0e180fb4f0be8e34d9d0 -> 722de7d6e07a79981d750438e6febb8f
  custom:scripting/monoscript/fileName/EditorDispatcher.cs: c739e073a8c38dbcf59192f45d1004c5 -> 3c402eae57d73cc54863f3f6a13096ae
  custom:scripting/monoscript/fileName/RoundNode.cs: 9696f40a4fa953c72b630e73f3c0758e -> 
  custom:scripting/monoscript/fileName/Slice.cs: a37434889dc04967db93d1ed3e73617f -> 
  custom:scripting/monoscript/fileName/SpriteRefinerArtifact.cs: de1e0d2b6f716431300cd142ac1d4ae1 -> 
  custom:scripting/monoscript/fileName/SGBlackboardRow.cs: 5edce3efa64fd95f51b9abdb7933298a -> 
  custom:scripting/monoscript/fileName/InspectorCurveEditor.cs: 111b41469bef3e2d749784ca794ac0e3 -> 
  custom:scripting/precompiled-assembly-types:Unity.Muse.AppUI.MVVM: 3662711f92bf443a24341de702f995c3 -> 
  custom:scripting/monoscript/fileName/Matrix3Node.cs: cda4b5973c5d501f67a0cbefbe5f1b9b -> 
  custom:scripting/monoscript/fileName/ProbeVolume.cs: c5dff5f16b984bc7f85121a44a60e634 -> 
  custom:scripting/monoscript/fileName/FocusControllerExtensionsBridge.cs: fc4e2e6e8f71893dbd627771fa59c58b -> 
  custom:scripting/monoscript/fileName/TabbedView.cs: 21cbb913550d6e8898b59fc86e952bbb -> 
  custom:scripting/monoscript/fileName/PropertyConnectionStateMaterialSlot.cs: d41f62bb31a0a2883e1949419fd21ac2 -> 
  custom:scripting/monoscript/fileName/BoolParameterDrawer.cs: acd73defd122ce58edf7564d9e0a0d58 -> 
  custom:scripting/monoscript/fileName/PropertySheet.cs: daa097da65d50b1a41a056843fe03e3d -> 
  custom:scripting/monoscript/fileName/SplitView.cs: 65834cd80a871ab60a22ce6baa1263d6 -> 
  custom:scripting/monoscript/fileName/AttachmentPointBehaviour.cs: ebd0caa20651f66c60aa29fde23cc875 -> 
  custom:scripting/monoscript/fileName/IContext.cs: 0e12262b60265590e44501bb4804e715 -> 
  custom:scripting/monoscript/fileName/IIncomingChangesTab.cs: 363f9daba453e316e730238a80857251 -> 40644cd18074db84684b9e437bf8fa77
  custom:scripting/monoscript/fileName/FilterWindow.cs: 394ded6255167029db306bfb96e85826 -> 
  custom:scripting/monoscript/fileName/GenerateBlocksAttribute.cs: 35348fb252a1322b15ff1df4b4b1cc80 -> 
  custom:scripting/monoscript/fileName/ProjectorEditor.cs: cf0713c43328a5e7ab4efefb5790c521 -> 
  custom:scripting/monoscript/fileName/GraphSetup.cs: e2f79c65340ccfe3db9c0a87b99dbfce -> 
  custom:scripting/monoscript/fileName/AccessToolbar.cs: d76433715fc9e4492574e56a5620d16a -> 
  custom:scripting/monoscript/fileName/IConditional.cs: 4e50a2a99eb7a5d34fde21d14b736b06 -> 
  custom:scripting/monoscript/fileName/WorldSpaceUIDocument.cs: ed3ca4a6c9a01a95a1c8a3c30aeecb54 -> 
  custom:scripting/monoscript/fileName/LeapXRServiceProviderEditor.cs: d07408a1b7ac2312f091915bc4b18d27 -> 
  custom:scripting/monoscript/fileName/ImageVariationBase64Request.cs: 630306dcee421f5b5d27be1b83e5c48b -> 
  custom:scripting/monoscript/fileName/ProjectionNode.cs: 0ea3cbf8c98f68bd87545d4f6828ebac -> 
  custom:scripting/monoscript/fileName/MaterialGraphView.cs: 771fa79ddcf5fe535a013bc875c7503e -> 
  custom:scripting/monoscript/fileName/BackendUtilities.cs: e8ac3f5b0a3ab21aad72fde71c76071a -> 
  custom:scripting/monoscript/fileName/MuseEnvironment.cs: d751f2c1066ef9967221fce4cac8a56f -> 
  custom:scripting/monoscript/fileName/NormalMaterialSlot.cs: 6a4368c9c8af8b8340a70744e314e130 -> 
  custom:scripting/monoscript/fileName/CameraSwitcher.cs: 5294375be82a1ad31289f79614bdae50 -> 
  custom:scripting/monoscript/fileName/TransformNodePropertyDrawer.cs: bf508639824b499fdde32bcffe909e1b -> 
  custom:scripting/monoscript/fileName/ReflectionNode.cs: ef2347449bea0876b8d868eb1d64f0e0 -> 
  custom:scripting/monoscript/fileName/SampleTexture2DNodePropertyDrawer.cs: cbd7b51ebaf6222695c4bb21a810ee62 -> 
  custom:scripting/monoscript/fileName/GetChangesOverlayIcon.cs: f00e4b795697c6cf3092760f3b6fc49d -> d599d6efdee28305661bc0cf6683858a
  custom:scripting/monoscript/fileName/DefaultCloudContext.cs: 416844ef362ba0823c0560aa9458a7cf -> 
  custom:scripting/monoscript/fileName/SignNode.cs: 9000aa9a27372bf780a63bfbbff2dbc4 -> 
  custom:scripting/monoscript/fileName/BaseDatePickerPane.cs: a13419de5f4474d7945ce32dadcc6d38 -> 
  custom:scripting/monoscript/fileName/RenderGraph.cs: 07bc306a3f12e8105847b45c9bc2945c -> 
  custom:scripting/monoscript/fileName/IShaderNodeView.cs: 69473c6670425360b28eb2f96c3f2b49 -> 
  custom:scripting/monoscript/fileName/MaterialPostprocessor.cs: 1ae7ca6750127547c9ce48f586967a02 -> 
  custom:scripting/monoscript/fileName/NodesList.cs: 3d1883d4c52ef0f8973d4bbb427af96f -> 
  custom:scripting/monoscript/fileName/Matrix4MaterialSlot.cs: 392f78d12e76a93bc995cbc4c8bf78b6 -> 
  custom:scripting/monoscript/fileName/WindowDraggable.cs: 1577d60c7ac2d71df44db19be500a77f -> 
  custom:scripting/monoscript/fileName/SceneColorNode.cs: b4b2b8c5d722ccc7b072dc118597b37d -> 
  custom:scripting/monoscript/fileName/ItemRequest.cs: 85f70ba26e0a94bcd47eff0476b6788f -> 
  custom:scripting/monoscript/fileName/SubTargetFilterAttribute.cs: fc4c19d560ec6623c56d9f232bc4720a -> 
  custom:scripting/monoscript/fileName/SampleOutputView.cs: f6d9f0a7e6b9d253642aa9b11caa6a48 -> 
  custom:scripting/monoscript/fileName/DeviceList.cs: c06ad90d9bce7c25dd2e887c0599090c -> 
  custom:scripting/monoscript/fileName/IConditionalExtensions.cs: faa6091fd15f1669223db7df3e319230 -> 
  custom:scripting/monoscript/fileName/SpaceTransformUtil.cs: ae79428184fe5bc8c5d6fe1fa839a1e6 -> 
  custom:scripting/monoscript/fileName/OperatorData.cs: c7de3dd9e64e8ccf7594b5949bb9a476 -> 
  custom:scripting/monoscript/fileName/WebImage.cs: cb22109d41e4a8ce320905c20f5ec71a -> 
  custom:scripting/monoscript/fileName/VolumeStack.cs: 5e9458a733eab2b2ffb9f5f047a8072b -> 
  custom:scripting/monoscript/fileName/SingleLayer.cs: 534229056bab1fbd675a320bd415dbb4 -> 
  custom:scripting/monoscript/fileName/Texture3DMaterialSlot.cs: 94d951e1822ac26c95b1bb375c96eba7 -> 
  custom:scripting/monoscript/fileName/IDependencyInjectionListener.cs: 201125a4796b980bf72cd49af13b909f -> 
  custom:scripting/monoscript/fileName/OnEditorChange.cs: 9b588bab2b50d947840cf02631673380 -> 
  custom:scripting/monoscript/fileName/TrainingRoundsRowView.cs: 60086fea0fa8abfeef1807f852bf47f2 -> 
  custom:scripting/monoscript/fileName/SampleDependencyImporter.cs: 4e80419adb5c9ea134d2f34886576360 -> 
  custom:scripting/monoscript/fileName/ReferenceOperatorView.cs: 570ca0cf3cb7006869f772dd986c4920 -> 
  custom:scripting/monoscript/fileName/PropertyRow.cs: 96dfe3ec98b9dd304aa0d3bdae367fe0 -> 
  custom:scripting/monoscript/fileName/HardContactParentEditor.cs: 3c97fe0a435c4e3f0570c4ae4baf4efc -> 
  custom:scripting/monoscript/fileName/DebugShapes.cs: 0f5f0c5e63940ca68133e9442ede7868 -> 
  custom:scripting/monoscript/fileName/LeapC.cs: 199b5482924fc6e5dafbf50dfcafae5c -> 
  custom:scripting/monoscript/fileName/TriplanarNodePropertyDrawer.cs: eaf4a28ea5312f5389890a56ba374b8d -> 
  custom:scripting/monoscript/fileName/ChangesetsListView.cs: caae0aefb36c869f50691482a5cd0944 -> 87b74e0d80cf59010f55e2baaeb6679d
  custom:scripting/monoscript/fileName/SpaceMaterialSlot.cs: 9ba8c567ecab86cd82cb19462d0aec02 -> 
  custom:scripting/monoscript/fileName/UpdateReportListView.cs: 2d8fccdaad50bbd7454b52cf9cb4a0f9 -> 08d26df1ab6c3a7628addc5e54e50b08
  custom:scripting/monoscript/fileName/ServiceProviderExtensions.cs: 181ddc8418c2166ef39f3425999b66c6 -> 
  custom:scripting/monoscript/fileName/BlinkingCursor.cs: 573593f7038035cd7b9e36e3279158b2 -> 
  custom:scripting/monoscript/fileName/UnityConfigurationChecker.cs: 59a8f0715a7c89a752351bf42f94abbd -> 874cd65cce0384fef4b60e71fb08a429
  custom:scripting/monoscript/fileName/ParallaxOcclusionMappingNode.cs: 99947bebe52565962d835ba396569801 -> 
  custom:scripting/monoscript/fileName/SearcherDatabase.cs: f1858298b23b41d91d05b2b3651430a9 -> 
  custom:scripting/monoscript/fileName/SampleOutputListView.cs: 959b6c3fb6bc8087fc855e19f4c76384 -> 
  custom:scripting/monoscript/fileName/GenerationSettings.cs: 0f4e25473d1bde7002c3b0f10c662371 -> 
  custom:scripting/monoscript/fileName/Startup.cs: 5e391bbb5bac6182cfc7e2371e719c6f -> 
  custom:scripting/monoscript/fileName/ShortcutManipulator.cs: b3112c053521af4142e280a1a9de6c00 -> 
  custom:scripting/monoscript/fileName/IController.cs: 590ea09ddc5d304ac357c8949081d1e0 -> 
  custom:scripting/monoscript/fileName/LabelSlotControlView.cs: 26bff1d034d12a150d9512c9ea23ecb3 -> 
  custom:scripting/monoscript/fileName/DebugDisplaySettingsPanel.cs: 81452a7368e5d53775d65dc861a5f366 -> 
  custom:scripting/monoscript/fileName/IHasDependencies.cs: 2e592e665f7c2e293020dfb486c69c91 -> 
  custom:scripting/monoscript/fileName/Pool.cs: f7a0da3b67518cd5b4fb9178e41302d9 -> 
  custom:scripting/monoscript/fileName/BuildTargetExtensions.cs: 73f979b3a1cded2762cbf0a57db08392 -> 
  custom:scripting/monoscript/fileName/XRSystem.cs: 031f7a341f0e136e7c1c2cae13431776 -> 
  custom:scripting/monoscript/fileName/SphericalHarmonics.cs: 567449079ef1753d42e266c142e6290e -> 
  custom:scripting/monoscript/fileName/SessionStatus.cs: 3feb95a64eb5ae609f1bc2ada4f0809c -> 
  custom:scripting/monoscript/fileName/DllImport.cs: 10aaf8a0f8fc8aaa68cd76b3eb5edd89 -> 
  custom:scripting/monoscript/fileName/PowerOfTwoTextureAtlas.cs: 3ba3e20165127fdc5a5ebaa35e474158 -> 
  custom:scripting/monoscript/fileName/IResizable.cs: 05d612a8dce15630b03d72caed5a235a -> 
  custom:scripting/monoscript/fileName/CameraNode.cs: 4e1a40bcfba783289ce302b19a1348e9 -> 
  custom:scripting/monoscript/fileName/ActionGroup.cs: 5bb2ae4c270e0409d6affc89662d23d2 -> 
  custom:scripting/monoscript/fileName/FadeTransitionNode.cs: 512f24e9d2e7216e6a1bab7d2ceb394a -> 
  custom:scripting/monoscript/fileName/KernelDescriptor.cs: 2b38f73a6b6e2e0d6f8a466ad180e617 -> 
  custom:scripting/monoscript/fileName/HelpBoxRow.cs: ac3dd045047d71c0d1948786aa66dcab -> 
  custom:scripting/monoscript/fileName/CheckWorkspaceTreeNodeStatus.cs: 5e11ff64963669981115eb58dc2b6e8b -> 1e1255b803bf7cbc935bb804bf0dbe7b
  custom:scripting/monoscript/fileName/GradientShaderProperty.cs: f459e1fe50f57d259c913c4c6d08ea96 -> 
  custom:scripting/monoscript/fileName/GroupData.cs: 8c22d0ad32b60c28031765a445f063f1 -> 
  custom:scripting/monoscript/fileName/NetworkState.cs: 9fc08c048703ba2887fd1efeef6d3132 -> 
  custom:scripting/monoscript/fileName/EnumFlags.cs: e2dfd72d170d25c529397168aed129d0 -> 
  custom:scripting/monoscript/fileName/CosineNode.cs: 14c244f3c8cd183f99f8c6669c623a18 -> 
  custom:scripting/monoscript/fileName/TransformHistory.cs: 82e08de2a74a8922eb26d6de83abbf6c -> 
  custom:scripting/monoscript/fileName/ColorSlider.cs: e3f9e81574bf9729e9b438dcf9550cca -> 
  custom:scripting/monoscript/fileName/Swap.Extensions.cs: 52877fcefb9a253c373b7035499c43d9 -> 
  custom:scripting/monoscript/fileName/ShaderInput.cs: 4f7adcb1cbe41f826ca50982e9371bf8 -> 
  custom:scripting/monoscript/fileName/FieldExtensions.cs: cc02cc1ad7dfe44eaaebc080e1c53be0 -> 
  custom:scripting/monoscript/fileName/PlasticPlugin.cs: a57c142b98ca3d4daad221737fd72924 -> c64561980f26020cc3206ae8b1047268
  custom:scripting/monoscript/fileName/ErrorBalanceNotificationView.cs: 04f0b540e44dcd6dd10747e5abd019d1 -> 
  custom:scripting/monoscript/fileName/IMayRequireTransform.cs: 3c364437c039aa52dea646d284de3406 -> 
  custom:scripting/monoscript/fileName/CheckPointStatusCheckTask.cs: 98457aaf1d6dc2d058b14fb974594bc2 -> 
  custom:scripting/monoscript/fileName/SwitchModeConfirmationDialog.cs: 4d9c02587760213784bfe53d012122b4 -> 30cd71d0b3ee4b2689cde689908d301e
  custom:scripting/monoscript/fileName/ProbeReferenceVolumeProfileEditor.cs: 20670612b1fe4329932626dfca1cbf02 -> 
  custom:scripting/monoscript/fileName/ModesFactory.cs: 33e5e899123a13462a375878c324b4ee -> 
  custom:scripting/monoscript/fileName/ShaderInputViewModel.cs: 5eb8ea4f5983046b28916c51618875c7 -> 
  custom:scripting/monoscript/fileName/IHasMetaData.cs: 82d527f7f039465047891ddb3dfcdac6 -> 
  custom:scripting/monoscript/fileName/HandEnableDisableEditor.cs: 3116ba95b81dc318a9bbaf47f8045217 -> 
  custom:scripting/monoscript/fileName/StyleModelEvents.cs: f2f8ddeca113b8612b4ec2a15cfd04d4 -> 
  custom:scripting/monoscript/fileName/SampleOutputVersionFoldoutHeader.cs: 60e58216af5ff88b57c5f80737f80a0c -> 
  custom:scripting/monoscript/fileName/AbstractMaterialNodePropertyDrawer.cs: 862ed4cd28cd10f07f426a79e61cfb43 -> 
  custom:scripting/monoscript/fileName/StyleTrainerMainUI.cs: f00d2b304976b284e1037b613918f05c -> 
  custom:scripting/monoscript/fileName/PreviewTarget.cs: a871fe751a54066803bfdc5cdd6870ac -> 
  custom:scripting/monoscript/fileName/BlackboardController.cs: 08d74724e9011d41732145368975ca41 -> 
  custom:scripting/monoscript/fileName/ArtifactFactory.cs: 201974c8330e6eca32a39d899f25438a -> 
  custom:scripting/monoscript/fileName/PlasticWindow.cs: fc467478941f610919bc69526ba2c215 -> 
  custom:scripting/monoscript/fileName/Scheduler.cs: 089a1d43a1f159126fd34be59aca57af -> 
  custom:scripting/monoscript/fileName/RenderGraphResourceTexture.cs: 069cc96b96362cbab38b7218f47418ec -> 
  custom:scripting/monoscript/fileName/VolumeComponent.cs: 0ce2900bf4b52691e991c42d8d280291 -> 
  custom:scripting/monoscript/fileName/ShaderExtensions.cs: 8ca5e42f059dce2fbf1279aaabb6fa21 -> 
  custom:scripting/monoscript/fileName/TouchExtensions.cs: c1416c990c744b80e90d0fb99e92086e -> 
  custom:scripting/monoscript/fileName/TargetFieldContext.cs: d1b92d3b8700b4acda095bf4f0d1007f -> 
  custom:scripting/monoscript/fileName/ContextProvider.cs: 4d401836255ef34e8e64ae053ec7c83d -> 
  custom:scripting/monoscript/fileName/LeapProvider.cs: ef7a788fd46c05e5534d6411528ef371 -> 
  custom:scripting/monoscript/fileName/ValueAnimationExtensionsBridge.cs: 43197bc312208002168bdbf17a63c359 -> 
  custom:scripting/monoscript/fileName/LerpNode.cs: 312baeb197d96c9081690f53d1a3b741 -> 
  custom:scripting/monoscript/fileName/EnumEventTable.cs: ddf1224a58292071382651384ba5322a -> 
  custom:scripting/monoscript/fileName/AnyNode.cs: 701ceaf8f6d9337d62e6b3580966f070 -> 
  custom:scripting/monoscript/fileName/RedirectNodeData.cs: bedeee0585221a7082317d3c7e3300ab -> 
  custom:scripting/monoscript/fileName/LinearProgress.cs: 688a622a9c86d62c5e3be2a82890e515 -> 
  custom:scripting/monoscript/fileName/Texture2DPropertyDrawer.cs: 469ed647fed6671a9a3fb159ab846d6b -> 
  custom:scripting/monoscript/fileName/BranchesViewMenu.cs: 8089f11c30784e2e57775dd6cdbae898 -> 7bfc83e917c9b0b5aa423bb947ce2a38
  custom:scripting/monoscript/fileName/ShaderPort.cs: 7fd97939fdacfa0dce24311842c128e4 -> 
  custom:scripting/monoscript/fileName/SwizzleNode.cs: 0e49bc46c0e0dc74105cc17ceb9385a4 -> 
  custom:scripting/monoscript/fileName/CooldownWindowDelayer.cs: 7816cfcad485500dbac9993c4502ea69 -> 4c95e39c8dd4cfa1bca106097fdb6524
  custom:scripting/monoscript/fileName/AppUIServiceCollection.cs: 35f30e737e439af598b307401685afa8 -> 
  custom:scripting/monoscript/fileName/SubGraphOutputNodePropertyDrawer.cs: c56abda1dfd35d08003f2240cdfd9b71 -> 
  custom:scripting/monoscript/fileName/FeedbackData.cs: 4df9f0e8a21753f38b7f4356e8e37876 -> 
  custom:scripting/monoscript/fileName/CameraUI.PhysicalCamera.Drawers.cs: 6b931c755be6b8c07068541044964215 -> 
  custom:scripting/monoscript/fileName/ContextMenu.cs: e2c7b7b423c26a57d717ef67fb421288 -> 
  custom:scripting/monoscript/fileName/AttachmentHandEnableDisable.cs: 4673bf49bb7c0fa2f396b65d24016c6a -> 
  custom:scripting/monoscript/fileName/CubemapControl.cs: 26f309ff8e67c3b325e17b2e7d59b672 -> 
  custom:scripting/monoscript/fileName/ContextData.cs: cda81a75adde05be9bd72a34135ddcaf -> 
  custom:scripting/monoscript/fileName/GetInstallerTmpFileName.cs: fa7bda723ac795b48e38504727f44981 -> d09e0b5c7a9af5874530e17ef23025f0
  custom:scripting/monoscript/fileName/SineNode.cs: cc4e20e12031d35c791423d6b5e5e10d -> 
  custom:scripting/monoscript/fileName/SeedField.cs: 6863a7c9c14e97f9f71e5f4b4718cf66 -> 
  custom:scripting/monoscript/fileName/AssetCollection.cs: 7e9bf8be86d430f3f90eb9bba7ad3610 -> 
  custom:scripting/monoscript/fileName/GizmoUtility.cs: 3cf94f2ee011511320f879526818cda8 -> 
  custom:scripting/monoscript/fileName/IESImporterEditor.cs: 037f41a55e036e8e490e2357616d3a77 -> 
  custom:scripting/monoscript/fileName/SearcherControl.cs: 2648808b3a1c50581e7676a3206767bb -> 
  custom:scripting/monoscript/fileName/PropertyDrawerUtils.cs: 03d00631ebf238fcb08a1edbdf63b6f1 -> 
  custom:scripting/monoscript/fileName/HandPoseScriptableObject.cs: 16226c92c990f51c082fa1be6a4241d5 -> 
  custom:scripting/monoscript/fileName/EnumNameAttribute.cs: 29d9ed4e48f0b3f20b370570786e77b8 -> 
  custom:scripting/monoscript/fileName/AssetModificationProcessor.cs: a602c9e59e7db185e3a0d68d986e6fef -> 
  custom:scripting/monoscript/fileName/Checkbox.cs: 52421b048f15933a7f5edf680badfdba -> 
  custom:scripting/monoscript/fileName/IsCollabProjectMigratedResponse.cs: 4c3294c6a51e6f42161d191230692016 -> af2b76c693935deee55cfcaed2aa7568
  custom:scripting/monoscript/fileName/TransformNode.cs: 3ecc9e3d33116d0323a94d1a46363e3e -> 
  custom:scripting/monoscript/fileName/IVirtualTexturingEnabledRenderPipeline.cs: 01a21c9f6f3a6c9b712923d774149c96 -> 
  custom:scripting/monoscript/fileName/RenderGraphObjectPool.cs: 75f237f51bbb7ae695a48fa2a2e7243a -> 
  custom:scripting/monoscript/fileName/AppUITouch.cs: 7f53bd5a7be3cb8cfd39edbdbfc31175 -> 
  custom:scripting/monoscript/fileName/BaseGridView.cs: 4142e54b21ce49783fcc3b3160e60a4d -> 
  custom:scripting/monoscript/fileName/PhysExts.cs: 9d0b93971b28c2746a14fd066913fccc -> 
  custom:scripting/monoscript/fileName/LightAnchorEditorTool.cs: 0d16106f8077c9e8dce7c4771de6c236 -> 
  custom:scripting/monoscript/fileName/Volume.cs: e8d925cbced64cec55671387d27765ba -> 
  custom:scripting/monoscript/fileName/RectIntField.cs: ed12a22187f0d3bd91675ace7e9e810e -> 
  custom:scripting/monoscript/fileName/StyleModelInfo.cs: 3db001b275b858d5330ab38954456eb8 -> 
Editor requested this worker to shutdown with reason: Scaling down because of idle timeout
TcpMessagingSession - receive error: operation aborted. errorcode: 995, details: La operación de E/S se anuló por una salida de subproceso o por una solicitud de aplicación.
AssetImportWorker is now disconnected from the server
Process exiting
Exiting without the bug reporter. Application will terminate with return code 0